year,country_un_code,country_iso3,country_name,total_tonnes
1950,004,AFG,Afghanistan,100.000000
1950,008,ALB,Albania,1500.000000
1950,012,DZA,Algeria,27300.000000
1950,016,ASM,American Samoa,0.000000
1950,024,AGO,Angola,139200.000000
1950,028,ATG,Antigua and Barbuda,100.000000
1950,032,ARG,Argentina,58600.000000
1950,036,AUS,Australia,30100.000000
1950,040,AUT,Austria,950.000000
1950,044,BHS,Bahamas,600.000000
1950,048,BHR,Bahrain,800.000000
1950,050,BGD,Bangladesh,162325.000000
1950,052,BRB,Barbados,3000.000000
1950,056,BEL,Belgium,58400.000000
1950,060,BMU,Bermuda,500.000000
1950,064,BTN,Bhutan,50.000000
1950,068,BOL,Bolivia (Plurinational State of),500.000000
1950,072,BWA,Botswana,300.000000
1950,076,BRA,Brazil,153100.000000
1950,084,BLZ,Belize,400.000000
1950,086,IOT,British Indian Ocean Territory [former],0.000000
1950,090,SLB,Solomon Islands,1000.000000
1950,092,VGB,British Virgin Islands,100.000000
1950,096,BRN,Brunei Darussalam,500.000000
1950,100,BGR,Bulgaria,3700.000000
1950,104,MMR,Myanmar,43200.000000
1950,108,BDI,Burundi,1700.000000
1950,116,KHM,Cambodia,20000.000000
1950,120,CMR,Cameroon,22000.000000
1950,124,CAN,Canada,954072.000000
1950,132,CPV,Cabo Verde,900.000000
1950,140,CAF,Central African Republic,1000.000000
1950,144,LKA,Sri Lanka,20676.000000
1950,148,TCD,Chad,30000.000000
1950,152,CHL,Chile,92660.000000
1950,156,CHN,China,880139.000000
1950,158,TWN,Taiwan Province of China,75911.000000
1950,170,COL,Colombia,16000.000000
1950,174,COM,Comoros,835.000000
1950,178,COG,Congo,7000.000000
1950,180,COD,Democratic Republic of the Congo,43500.000000
1950,184,COK,Cook Islands,700.000000
1950,188,CRI,Costa Rica,500.000000
1950,192,CUB,Cuba,9800.000000
1950,196,CYP,Cyprus,500.000000
1950,200,CSK,Czechoslovakia [former],250.000000
1950,204,BEN,Benin,11000.000000
1950,208,DNK,Denmark,242300.000000
1950,212,DMA,Dominica,600.000000
1950,214,DOM,Dominican Republic,600.000000
1950,218,ECU,Ecuador,7000.000000
1950,222,SLV,El Salvador,2500.000000
1950,226,GNQ,Equatorial Guinea,100.000000
1950,230,,Ethiopia PDR [former],3000.000000
1950,234,FRO,Faroe Islands,97500.000000
1950,238,FLK,Falkland Islands (Malvinas),0.000000
1950,242,FJI,Fiji,2000.000000
1950,246,FIN,Finland,34200.000000
1950,250,FRA,France,478456.000000
1950,254,GUF,French Guiana,400.000000
1950,258,PYF,French Polynesia,1500.000000
1950,260,ATF,French Southern Territories,300.000000
1950,262,DJI,Djibouti,500.000000
1950,266,GAB,Gabon,3000.000000
1950,270,GMB,Gambia,2800.000000
1950,276,DEU,Germany,587300.000000
1950,288,GHA,Ghana,16000.000000
1950,296,KIR,Kiribati,1000.000000
1950,300,GRC,Greece,52000.000000
1950,304,GRL,Greenland,25700.000000
1950,308,GRD,Grenada,300.000000
1950,312,GLP,Guadeloupe,1500.000000
1950,316,GUM,Guam,0.000000
1950,320,GTM,Guatemala,200.000000
1950,324,GIN,Guinea,1000.000000
1950,328,GUY,Guyana,1000.000000
1950,332,HTI,Haiti,2000.000000
1950,340,HND,Honduras,500.000000
1950,344,HKG,"China, Hong Kong SAR",34500.000000
1950,348,HUN,Hungary,2950.000000
1950,352,ISL,Iceland,396400.000000
1950,356,IND,India,721907.000000
1950,360,IDN,Indonesia,203134.000000
1950,364,IRN,Iran (Islamic Republic of),20017.000000
1950,368,IRQ,Iraq,8700.000000
1950,372,IRL,Ireland,16100.000000
1950,376,ISR,Israel,2500.000000
1950,380,ITA,Italy,187395.000000
1950,384,CIV,Côte d'Ivoire,15100.000000
1950,388,JAM,Jamaica,5000.000000
1950,392,JPN,Japan,2994435.000000
1950,400,JOR,Jordan,100.000000
1950,404,KEN,Kenya,18000.000000
1950,408,PRK,Democratic People's Republic of Korea,99960.000000
1950,410,KOR,Republic of Korea,222900.000000
1950,414,KWT,Kuwait,1000.000000
1950,418,LAO,Lao People's Democratic Republic,8000.000000
1950,422,LBN,Lebanon,1600.000000
1950,430,LBR,Liberia,2000.000000
1950,434,LBY,Libya,2313.000000
1950,446,MAC,"China, Macao SAR",4900.000000
1950,450,MDG,Madagascar,17900.000000
1950,454,MWI,Malawi,10000.000000
1950,458,MYS,Malaysia,141600.000000
1950,462,MDV,Maldives,12000.000000
1950,466,MLI,Mali,60000.000000
1950,470,MLT,Malta,1000.000000
1950,474,MTQ,Martinique,2100.000000
1950,478,MRT,Mauritania,8000.000000
1950,480,MUS,Mauritius,2000.000000
1950,484,MEX,Mexico,97300.000000
1950,500,MSR,Montserrat,50.000000
1950,504,MAR,Morocco,142400.000000
1950,508,MOZ,Mozambique,8300.000000
1950,512,OMN,Oman,30000.000000
1950,516,NAM,Namibia,0.000000
1950,524,NPL,Nepal,500.000000
1950,528,NLD,Netherlands (Kingdom of the),201200.000000
1950,530,ANT,Netherlands Antilles [former],400.000000
1950,540,NCL,New Caledonia,400.000000
1950,548,VUT,Vanuatu,500.000000
1950,554,NZL,New Zealand,33000.000000
1950,558,NIC,Nicaragua,1000.000000
1950,562,NER,Niger,2000.000000
1950,566,NGA,Nigeria,39787.000000
1950,578,NOR,Norway,1283854.000000
1950,580,MNP,Northern Mariana Islands,0.000000
1950,583,FSM,Micronesia (Federated States of),0.000000
1950,584,MHL,Marshall Islands,0.000000
1950,586,PAK,Pakistan,21585.000000
1950,591,PAN,Panama,1000.000000
1950,598,PNG,Papua New Guinea,6000.000000
1950,600,PRY,Paraguay,400.000000
1950,604,PER,Peru,73700.000000
1950,608,PHL,Philippines,212741.000000
1950,616,POL,Poland,78500.000000
1950,620,PRT,Portugal,317384.000000
1950,624,GNB,Guinea-Bissau,300.000000
1950,630,PRI,Puerto Rico,2100.000000
1950,634,QAT,Qatar,400.000000
1950,638,REU,Réunion,1000.000000
1950,642,ROU,Romania,14500.000000
1950,646,RWA,Rwanda,200.000000
1950,654,SHN,"Ascension, Saint Helena and Tristan da Cunha",400.000000
1950,659,KNA,Saint Kitts and Nevis,300.000000
1950,662,LCA,Saint Lucia,300.000000
1950,666,SPM,Saint Pierre and Miquelon,2500.000000
1950,670,VCT,Saint Vincent and the Grenadines,300.000000
1950,678,STP,Sao Tome and Principe,600.000000
1950,682,SAU,Saudi Arabia,3000.000000
1950,686,SEN,Senegal,25000.000000
1950,690,SYC,Seychelles,1000.000000
1950,694,SLE,Sierra Leone,5000.000000
1950,702,SGP,Singapore,4000.000000
1950,704,VNM,Viet Nam,60000.000000
1950,706,SOM,Somalia,6000.000000
1950,710,ZAF,South Africa,324700.000000
1950,716,ZWE,Zimbabwe,300.000000
1950,724,ESP,Spain,613503.000000
1950,732,ESH,Western Sahara,0.000000
1950,736,,Sudan [former],10500.000000
1950,740,SUR,Suriname,800.000000
1950,752,SWE,Sweden,175000.000000
1950,756,CHE,Switzerland,2000.000000
1950,760,SYR,Syrian Arab Republic,900.000000
1950,764,THA,Thailand,159512.000000
1950,768,TGO,Togo,3000.000000
1950,776,TON,Tonga,200.000000
1950,780,TTO,Trinidad and Tobago,1000.000000
1950,784,ARE,United Arab Emirates,12000.000000
1950,788,TUN,Tunisia,11965.000000
1950,792,TUR,Türkiye,89700.000000
1950,796,TCA,Turks and Caicos Islands,730.000000
1950,798,TUV,Tuvalu,0.000000
1950,800,UGA,Uganda,15000.000000
1950,810,SUN,Union of Soviet Socialist Republics [former],1695224.000000
1950,818,EGY,Egypt,41900.000000
1950,826,GBR,United Kingdom of Great Britain and Northern Ireland,931800.000000
1950,833,IMN,Isle of Man,3500.000000
1950,834,TZA,United Republic of Tanzania,32600.000000
1950,840,USA,United States of America,2629960.900000
1950,850,VIR,United States Virgin Islands,200.000000
1950,854,BFA,Burkina Faso,800.000000
1950,858,URY,Uruguay,3500.000000
1950,862,VEN,Venezuela (Bolivarian Republic of),78400.000000
1950,882,WSM,Samoa,300.000000
1950,887,YEM,Yemen,25000.000000
1950,890,YUG,Yugoslavia SFR [former],23771.000000
1950,894,ZMB,Zambia,10000.000000
1950,896,,Other NEI,0.000000
1951,004,AFG,Afghanistan,100.000000
1951,008,ALB,Albania,1600.000000
1951,012,DZA,Algeria,23100.000000
1951,016,ASM,American Samoa,0.000000
1951,024,AGO,Angola,183000.000000
1951,028,ATG,Antigua and Barbuda,100.000000
1951,032,ARG,Argentina,78600.000000
1951,036,AUS,Australia,33800.000000
1951,040,AUT,Austria,830.000000
1951,044,BHS,Bahamas,1000.000000
1951,048,BHR,Bahrain,800.000000
1951,050,BGD,Bangladesh,161347.000000
1951,052,BRB,Barbados,3000.000000
1951,056,BEL,Belgium,56800.000000
1951,060,BMU,Bermuda,500.000000
1951,064,BTN,Bhutan,50.000000
1951,068,BOL,Bolivia (Plurinational State of),500.000000
1951,072,BWA,Botswana,300.000000
1951,076,BRA,Brazil,158300.000000
1951,084,BLZ,Belize,400.000000
1951,086,IOT,British Indian Ocean Territory [former],0.000000
1951,090,SLB,Solomon Islands,1000.000000
1951,092,VGB,British Virgin Islands,100.000000
1951,096,BRN,Brunei Darussalam,500.000000
1951,100,BGR,Bulgaria,3700.000000
1951,104,MMR,Myanmar,45800.000000
1951,108,BDI,Burundi,2200.000000
1951,116,KHM,Cambodia,20000.000000
1951,120,CMR,Cameroon,22000.000000
1951,124,CAN,Canada,931089.000000
1951,132,CPV,Cabo Verde,800.000000
1951,140,CAF,Central African Republic,1000.000000
1951,144,LKA,Sri Lanka,24182.000000
1951,148,TCD,Chad,30000.000000
1951,152,CHL,Chile,99060.000000
1951,156,CHN,China,1249207.000000
1951,158,TWN,Taiwan Province of China,80961.000000
1951,170,COL,Colombia,16000.000000
1951,174,COM,Comoros,935.000000
1951,178,COG,Congo,7000.000000
1951,180,COD,Democratic Republic of the Congo,38300.000000
1951,184,COK,Cook Islands,700.000000
1951,188,CRI,Costa Rica,500.000000
1951,192,CUB,Cuba,10000.000000
1951,196,CYP,Cyprus,400.000000
1951,200,CSK,Czechoslovakia [former],250.000000
1951,204,BEN,Benin,11000.000000
1951,208,DNK,Denmark,278600.000000
1951,212,DMA,Dominica,600.000000
1951,214,DOM,Dominican Republic,600.000000
1951,218,ECU,Ecuador,8000.000000
1951,222,SLV,El Salvador,2500.000000
1951,226,GNQ,Equatorial Guinea,100.000000
1951,230,,Ethiopia PDR [former],3000.000000
1951,234,FRO,Faroe Islands,92700.000000
1951,238,FLK,Falkland Islands (Malvinas),0.000000
1951,242,FJI,Fiji,2000.000000
1951,246,FIN,Finland,31300.000000
1951,250,FRA,France,506312.000000
1951,254,GUF,French Guiana,400.000000
1951,258,PYF,French Polynesia,1500.000000
1951,260,ATF,French Southern Territories,300.000000
1951,262,DJI,Djibouti,800.000000
1951,266,GAB,Gabon,3000.000000
1951,270,GMB,Gambia,2800.000000
1951,276,DEU,Germany,719500.000000
1951,288,GHA,Ghana,16000.000000
1951,296,KIR,Kiribati,1000.000000
1951,300,GRC,Greece,43000.000000
1951,304,GRL,Greenland,22500.000000
1951,308,GRD,Grenada,300.000000
1951,312,GLP,Guadeloupe,1500.000000
1951,316,GUM,Guam,0.000000
1951,320,GTM,Guatemala,200.000000
1951,324,GIN,Guinea,1000.000000
1951,328,GUY,Guyana,1000.000000
1951,332,HTI,Haiti,2100.000000
1951,340,HND,Honduras,500.000000
1951,344,HKG,"China, Hong Kong SAR",34480.000000
1951,348,HUN,Hungary,2920.000000
1951,352,ISL,Iceland,450100.000000
1951,356,IND,India,735345.954000
1951,360,IDN,Indonesia,466568.000000
1951,364,IRN,Iran (Islamic Republic of),20017.000000
1951,368,IRQ,Iraq,7000.000000
1951,372,IRL,Ireland,16300.000000
1951,376,ISR,Israel,3800.000000
1951,380,ITA,Italy,186727.000000
1951,384,CIV,Côte d'Ivoire,15100.000000
1951,388,JAM,Jamaica,5000.000000
1951,392,JPN,Japan,3561227.000000
1951,400,JOR,Jordan,100.000000
1951,404,KEN,Kenya,18000.000000
1951,408,PRK,Democratic People's Republic of Korea,99910.000000
1951,410,KOR,Republic of Korea,280098.000000
1951,414,KWT,Kuwait,1000.000000
1951,418,LAO,Lao People's Democratic Republic,8000.000000
1951,422,LBN,Lebanon,1500.000000
1951,430,LBR,Liberia,2000.000000
1951,434,LBY,Libya,2213.000000
1951,446,MAC,"China, Macao SAR",4500.000000
1951,450,MDG,Madagascar,18000.000000
1951,454,MWI,Malawi,10000.000000
1951,458,MYS,Malaysia,133600.000000
1951,462,MDV,Maldives,12000.000000
1951,466,MLI,Mali,60000.000000
1951,470,MLT,Malta,800.000000
1951,474,MTQ,Martinique,2100.000000
1951,478,MRT,Mauritania,8000.000000
1951,480,MUS,Mauritius,2000.000000
1951,484,MEX,Mexico,98000.000000
1951,500,MSR,Montserrat,50.000000
1951,504,MAR,Morocco,110300.000000
1951,508,MOZ,Mozambique,8700.000000
1951,512,OMN,Oman,30000.000000
1951,516,NAM,Namibia,0.000000
1951,524,NPL,Nepal,500.000000
1951,528,NLD,Netherlands (Kingdom of the),220800.000000
1951,530,ANT,Netherlands Antilles [former],400.000000
1951,540,NCL,New Caledonia,400.000000
1951,548,VUT,Vanuatu,500.000000
1951,554,NZL,New Zealand,33500.000000
1951,558,NIC,Nicaragua,1000.000000
1951,562,NER,Niger,2000.000000
1951,566,NGA,Nigeria,39626.000000
1951,578,NOR,Norway,1678583.000000
1951,580,MNP,Northern Mariana Islands,0.000000
1951,583,FSM,Micronesia (Federated States of),0.000000
1951,584,MHL,Marshall Islands,0.000000
1951,586,PAK,Pakistan,21545.000000
1951,591,PAN,Panama,900.000000
1951,598,PNG,Papua New Guinea,6000.000000
1951,600,PRY,Paraguay,400.000000
1951,604,PER,Peru,97300.000000
1951,608,PHL,Philippines,282682.000000
1951,616,POL,Poland,85500.000000
1951,620,PRT,Portugal,317199.000000
1951,624,GNB,Guinea-Bissau,300.000000
1951,630,PRI,Puerto Rico,2500.000000
1951,634,QAT,Qatar,400.000000
1951,638,REU,Réunion,1000.000000
1951,642,ROU,Romania,14250.000000
1951,646,RWA,Rwanda,200.000000
1951,654,SHN,"Ascension, Saint Helena and Tristan da Cunha",400.000000
1951,659,KNA,Saint Kitts and Nevis,300.000000
1951,662,LCA,Saint Lucia,300.000000
1951,666,SPM,Saint Pierre and Miquelon,2500.000000
1951,670,VCT,Saint Vincent and the Grenadines,300.000000
1951,678,STP,Sao Tome and Principe,500.000000
1951,682,SAU,Saudi Arabia,3000.000000
1951,686,SEN,Senegal,25000.000000
1951,690,SYC,Seychelles,1000.000000
1951,694,SLE,Sierra Leone,5000.000000
1951,702,SGP,Singapore,4000.000000
1951,704,VNM,Viet Nam,60000.000000
1951,706,SOM,Somalia,6000.000000
1951,710,ZAF,South Africa,478200.000000
1951,716,ZWE,Zimbabwe,300.000000
1951,724,ESP,Spain,589724.000000
1951,732,ESH,Western Sahara,0.000000
1951,736,,Sudan [former],10500.000000
1951,740,SUR,Suriname,1000.000000
1951,752,SWE,Sweden,172700.000000
1951,756,CHE,Switzerland,2000.000000
1951,760,SYR,Syrian Arab Republic,900.000000
1951,764,THA,Thailand,169633.000000
1951,768,TGO,Togo,3000.000000
1951,776,TON,Tonga,200.000000
1951,780,TTO,Trinidad and Tobago,1000.000000
1951,784,ARE,United Arab Emirates,12000.000000
1951,788,TUN,Tunisia,15460.000000
1951,792,TUR,Türkiye,100100.000000
1951,796,TCA,Turks and Caicos Islands,730.000000
1951,798,TUV,Tuvalu,0.000000
1951,800,UGA,Uganda,20000.000000
1951,810,SUN,Union of Soviet Socialist Republics [former],1951332.000000
1951,818,EGY,Egypt,47600.000000
1951,826,GBR,United Kingdom of Great Britain and Northern Ireland,1118400.000000
1951,833,IMN,Isle of Man,3700.000000
1951,834,TZA,United Republic of Tanzania,32600.000000
1951,840,USA,United States of America,2452311.700000
1951,850,VIR,United States Virgin Islands,200.000000
1951,854,BFA,Burkina Faso,800.000000
1951,858,URY,Uruguay,3500.000000
1951,862,VEN,Venezuela (Bolivarian Republic of),75000.000000
1951,882,WSM,Samoa,300.000000
1951,887,YEM,Yemen,25000.000000
1951,890,YUG,Yugoslavia SFR [former],18384.000000
1951,894,ZMB,Zambia,10000.000000
1951,896,,Other NEI,0.000000
1952,004,AFG,Afghanistan,100.000000
1952,008,ALB,Albania,2100.000000
1952,012,DZA,Algeria,29100.000000
1952,016,ASM,American Samoa,0.000000
1952,024,AGO,Angola,157300.000000
1952,028,ATG,Antigua and Barbuda,200.000000
1952,032,ARG,Argentina,79700.000000
1952,036,AUS,Australia,42564.000000
1952,040,AUT,Austria,1310.000000
1952,044,BHS,Bahamas,700.000000
1952,048,BHR,Bahrain,900.000000
1952,050,BGD,Bangladesh,160345.000000
1952,052,BRB,Barbados,4500.000000
1952,056,BEL,Belgium,70600.000000
1952,060,BMU,Bermuda,400.000000
1952,064,BTN,Bhutan,60.000000
1952,068,BOL,Bolivia (Plurinational State of),500.000000
1952,072,BWA,Botswana,300.000000
1952,076,BRA,Brazil,174600.000000
1952,084,BLZ,Belize,400.000000
1952,086,IOT,British Indian Ocean Territory [former],0.000000
1952,090,SLB,Solomon Islands,2000.000000
1952,092,VGB,British Virgin Islands,100.000000
1952,096,BRN,Brunei Darussalam,700.000000
1952,100,BGR,Bulgaria,4200.000000
1952,104,MMR,Myanmar,100000.000000
1952,108,BDI,Burundi,4100.000000
1952,116,KHM,Cambodia,23000.000000
1952,120,CMR,Cameroon,22000.000000
1952,124,CAN,Canada,854258.000000
1952,132,CPV,Cabo Verde,1000.000000
1952,140,CAF,Central African Republic,1000.000000
1952,144,LKA,Sri Lanka,24831.000000
1952,148,TCD,Chad,30000.000000
1952,152,CHL,Chile,123960.000000
1952,156,CHN,China,1558099.000000
1952,158,TWN,Taiwan Province of China,91261.000000
1952,170,COL,Colombia,16000.000000
1952,174,COM,Comoros,918.000000
1952,178,COG,Congo,7500.000000
1952,180,COD,Democratic Republic of the Congo,49200.000000
1952,184,COK,Cook Islands,800.000000
1952,188,CRI,Costa Rica,600.000000
1952,192,CUB,Cuba,10200.000000
1952,196,CYP,Cyprus,400.000000
1952,200,CSK,Czechoslovakia [former],446.000000
1952,204,BEN,Benin,11000.000000
1952,208,DNK,Denmark,310000.000000
1952,212,DMA,Dominica,600.000000
1952,214,DOM,Dominican Republic,700.000000
1952,218,ECU,Ecuador,8600.000000
1952,222,SLV,El Salvador,2600.000000
1952,226,GNQ,Equatorial Guinea,100.000000
1952,230,,Ethiopia PDR [former],4000.000000
1952,234,FRO,Faroe Islands,87200.000000
1952,238,FLK,Falkland Islands (Malvinas),0.000000
1952,242,FJI,Fiji,2000.000000
1952,246,FIN,Finland,29900.000000
1952,250,FRA,France,543228.000000
1952,254,GUF,French Guiana,400.000000
1952,258,PYF,French Polynesia,1500.000000
1952,260,ATF,French Southern Territories,300.000000
1952,262,DJI,Djibouti,500.000000
1952,266,GAB,Gabon,3000.000000
1952,270,GMB,Gambia,2800.000000
1952,276,DEU,Germany,704400.000000
1952,288,GHA,Ghana,21000.000000
1952,296,KIR,Kiribati,1000.000000
1952,300,GRC,Greece,42900.000000
1952,304,GRL,Greenland,24700.000000
1952,308,GRD,Grenada,300.000000
1952,312,GLP,Guadeloupe,1500.000000
1952,316,GUM,Guam,0.000000
1952,320,GTM,Guatemala,200.000000
1952,324,GIN,Guinea,1000.000000
1952,328,GUY,Guyana,1100.000000
1952,332,HTI,Haiti,2200.000000
1952,340,HND,Honduras,600.000000
1952,344,HKG,"China, Hong Kong SAR",39450.000000
1952,348,HUN,Hungary,2900.000000
1952,352,ISL,Iceland,449200.000000
1952,356,IND,India,758648.000000
1952,360,IDN,Indonesia,525992.000000
1952,364,IRN,Iran (Islamic Republic of),25017.000000
1952,368,IRQ,Iraq,7000.000000
1952,372,IRL,Ireland,18200.000000
1952,376,ISR,Israel,3700.000000
1952,380,ITA,Italy,216439.000000
1952,384,CIV,Côte d'Ivoire,19500.000000
1952,388,JAM,Jamaica,5500.000000
1952,392,JPN,Japan,4512627.000000
1952,400,JOR,Jordan,100.000000
1952,404,KEN,Kenya,18000.000000
1952,408,PRK,Democratic People's Republic of Korea,119850.000000
1952,410,KOR,Republic of Korea,271190.000000
1952,414,KWT,Kuwait,1000.000000
1952,418,LAO,Lao People's Democratic Republic,8000.000000
1952,422,LBN,Lebanon,1500.000000
1952,430,LBR,Liberia,2500.000000
1952,434,LBY,Libya,2513.000000
1952,446,MAC,"China, Macao SAR",4300.000000
1952,450,MDG,Madagascar,18000.000000
1952,454,MWI,Malawi,10000.000000
1952,458,MYS,Malaysia,132400.000000
1952,462,MDV,Maldives,12000.000000
1952,466,MLI,Mali,60000.000000
1952,470,MLT,Malta,1100.000000
1952,474,MTQ,Martinique,2100.000000
1952,478,MRT,Mauritania,10000.000000
1952,480,MUS,Mauritius,2000.000000
1952,484,MEX,Mexico,71100.000000
1952,500,MSR,Montserrat,50.000000
1952,504,MAR,Morocco,143000.000000
1952,508,MOZ,Mozambique,8500.000000
1952,512,OMN,Oman,35000.000000
1952,516,NAM,Namibia,0.000000
1952,524,NPL,Nepal,500.000000
1952,528,NLD,Netherlands (Kingdom of the),231600.000000
1952,530,ANT,Netherlands Antilles [former],500.000000
1952,540,NCL,New Caledonia,400.000000
1952,548,VUT,Vanuatu,500.000000
1952,554,NZL,New Zealand,34200.000000
1952,558,NIC,Nicaragua,1000.000000
1952,562,NER,Niger,2000.000000
1952,566,NGA,Nigeria,39458.000000
1952,578,NOR,Norway,1680376.000000
1952,580,MNP,Northern Mariana Islands,0.000000
1952,583,FSM,Micronesia (Federated States of),0.000000
1952,584,MHL,Marshall Islands,0.000000
1952,586,PAK,Pakistan,27695.000000
1952,591,PAN,Panama,1000.000000
1952,598,PNG,Papua New Guinea,6000.000000
1952,600,PRY,Paraguay,400.000000
1952,604,PER,Peru,106800.000000
1952,608,PHL,Philippines,300498.000000
1952,616,POL,Poland,90000.000000
1952,620,PRT,Portugal,343822.000000
1952,624,GNB,Guinea-Bissau,300.000000
1952,630,PRI,Puerto Rico,2500.000000
1952,634,QAT,Qatar,400.000000
1952,638,REU,Réunion,1000.000000
1952,642,ROU,Romania,19150.000000
1952,646,RWA,Rwanda,200.000000
1952,654,SHN,"Ascension, Saint Helena and Tristan da Cunha",400.000000
1952,659,KNA,Saint Kitts and Nevis,300.000000
1952,662,LCA,Saint Lucia,300.000000
1952,666,SPM,Saint Pierre and Miquelon,4000.000000
1952,670,VCT,Saint Vincent and the Grenadines,300.000000
1952,678,STP,Sao Tome and Principe,500.000000
1952,682,SAU,Saudi Arabia,5000.000000
1952,686,SEN,Senegal,34000.000000
1952,690,SYC,Seychelles,1000.000000
1952,694,SLE,Sierra Leone,5000.000000
1952,702,SGP,Singapore,5000.000000
1952,704,VNM,Viet Nam,60000.000000
1952,706,SOM,Somalia,7000.000000
1952,710,ZAF,South Africa,656800.000000
1952,716,ZWE,Zimbabwe,300.000000
1952,724,ESP,Spain,618185.000000
1952,732,ESH,Western Sahara,0.000000
1952,736,,Sudan [former],11600.000000
1952,740,SUR,Suriname,1000.000000
1952,752,SWE,Sweden,193000.000000
1952,756,CHE,Switzerland,2000.000000
1952,760,SYR,Syrian Arab Republic,1100.000000
1952,764,THA,Thailand,171397.000000
1952,768,TGO,Togo,3000.000000
1952,776,TON,Tonga,200.000000
1952,780,TTO,Trinidad and Tobago,1000.000000
1952,784,ARE,United Arab Emirates,12000.000000
1952,788,TUN,Tunisia,13290.000000
1952,792,TUR,Türkiye,99300.000000
1952,796,TCA,Turks and Caicos Islands,730.000000
1952,798,TUV,Tuvalu,0.000000
1952,800,UGA,Uganda,23000.000000
1952,810,SUN,Union of Soviet Socialist Republics [former],1923040.000000
1952,818,EGY,Egypt,51300.000000
1952,826,GBR,United Kingdom of Great Britain and Northern Ireland,1235100.000000
1952,833,IMN,Isle of Man,3100.000000
1952,834,TZA,United Republic of Tanzania,35600.000000
1952,840,USA,United States of America,2472565.000000
1952,850,VIR,United States Virgin Islands,200.000000
1952,854,BFA,Burkina Faso,900.000000
1952,858,URY,Uruguay,3500.000000
1952,862,VEN,Venezuela (Bolivarian Republic of),62500.000000
1952,882,WSM,Samoa,300.000000
1952,887,YEM,Yemen,29300.000000
1952,890,YUG,Yugoslavia SFR [former],17982.000000
1952,894,ZMB,Zambia,15000.000000
1952,896,,Other NEI,0.000000
1953,004,AFG,Afghanistan,100.000000
1953,008,ALB,Albania,2500.000000
1953,012,DZA,Algeria,22798.000000
1953,016,ASM,American Samoa,0.000000
1953,024,AGO,Angola,224400.000000
1953,028,ATG,Antigua and Barbuda,200.000000
1953,032,ARG,Argentina,78200.000000
1953,036,AUS,Australia,48609.000000
1953,040,AUT,Austria,1390.000000
1953,044,BHS,Bahamas,1100.000000
1953,048,BHR,Bahrain,900.000000
1953,050,BGD,Bangladesh,209318.000000
1953,052,BRB,Barbados,3700.000000
1953,056,BEL,Belgium,74300.000000
1953,060,BMU,Bermuda,500.000000
1953,064,BTN,Bhutan,60.000000
1953,068,BOL,Bolivia (Plurinational State of),600.000000
1953,072,BWA,Botswana,350.000000
1953,076,BRA,Brazil,160700.000000
1953,084,BLZ,Belize,500.000000
1953,086,IOT,British Indian Ocean Territory [former],0.000000
1953,090,SLB,Solomon Islands,2000.000000
1953,092,VGB,British Virgin Islands,200.000000
1953,096,BRN,Brunei Darussalam,600.000000
1953,100,BGR,Bulgaria,5200.000000
1953,104,MMR,Myanmar,100000.000000
1953,108,BDI,Burundi,4200.000000
1953,116,KHM,Cambodia,24000.000000
1953,120,CMR,Cameroon,22300.000000
1953,124,CAN,Canada,848551.000000
1953,132,CPV,Cabo Verde,1400.000000
1953,140,CAF,Central African Republic,1000.000000
1953,144,LKA,Sri Lanka,25070.000000
1953,148,TCD,Chad,35000.000000
1953,152,CHL,Chile,112150.000000
1953,156,CHN,China,1723400.000000
1953,158,TWN,Taiwan Province of China,95105.000000
1953,170,COL,Colombia,17000.000000
1953,174,COM,Comoros,818.000000
1953,178,COG,Congo,8000.000000
1953,180,COD,Democratic Republic of the Congo,66600.000000
1953,184,COK,Cook Islands,900.000000
1953,188,CRI,Costa Rica,600.000000
1953,192,CUB,Cuba,10500.000000
1953,196,CYP,Cyprus,400.000000
1953,200,CSK,Czechoslovakia [former],408.000000
1953,204,BEN,Benin,11000.000000
1953,208,DNK,Denmark,328600.000000
1953,212,DMA,Dominica,800.000000
1953,214,DOM,Dominican Republic,700.000000
1953,218,ECU,Ecuador,9100.000000
1953,222,SLV,El Salvador,2600.000000
1953,226,GNQ,Equatorial Guinea,200.000000
1953,230,,Ethiopia PDR [former],4000.000000
1953,234,FRO,Faroe Islands,88800.000000
1953,238,FLK,Falkland Islands (Malvinas),0.000000
1953,242,FJI,Fiji,2200.000000
1953,246,FIN,Finland,55500.000000
1953,250,FRA,France,589395.000000
1953,254,GUF,French Guiana,500.000000
1953,258,PYF,French Polynesia,1800.000000
1953,260,ATF,French Southern Territories,300.000000
1953,262,DJI,Djibouti,500.000000
1953,266,GAB,Gabon,4000.000000
1953,270,GMB,Gambia,2900.000000
1953,276,DEU,Germany,779900.000000
1953,288,GHA,Ghana,21000.000000
1953,296,KIR,Kiribati,2000.000000
1953,300,GRC,Greece,46100.000000
1953,304,GRL,Greenland,25000.000000
1953,308,GRD,Grenada,400.000000
1953,312,GLP,Guadeloupe,1700.000000
1953,316,GUM,Guam,0.000000
1953,320,GTM,Guatemala,500.000000
1953,324,GIN,Guinea,1000.000000
1953,328,GUY,Guyana,2900.000000
1953,332,HTI,Haiti,2200.000000
1953,340,HND,Honduras,600.000000
1953,344,HKG,"China, Hong Kong SAR",39000.000000
1953,348,HUN,Hungary,3420.000000
1953,352,ISL,Iceland,470100.000000
1953,356,IND,India,796209.000000
1953,360,IDN,Indonesia,564262.000000
1953,364,IRN,Iran (Islamic Republic of),25017.000000
1953,368,IRQ,Iraq,5500.000000
1953,372,IRL,Ireland,18200.000000
1953,376,ISR,Israel,3000.000000
1953,380,ITA,Italy,209729.000000
1953,384,CIV,Côte d'Ivoire,20000.000000
1953,388,JAM,Jamaica,5500.000000
1953,392,JPN,Japan,4353281.000000
1953,400,JOR,Jordan,200.000000
1953,404,KEN,Kenya,18700.000000
1953,408,PRK,Democratic People's Republic of Korea,121780.000000
1953,410,KOR,Republic of Korea,252471.000000
1953,414,KWT,Kuwait,1000.000000
1953,418,LAO,Lao People's Democratic Republic,8000.000000
1953,422,LBN,Lebanon,1400.000000
1953,430,LBR,Liberia,2500.000000
1953,434,LBY,Libya,2613.000000
1953,446,MAC,"China, Macao SAR",4100.000000
1953,450,MDG,Madagascar,21100.000000
1953,454,MWI,Malawi,15000.000000
1953,458,MYS,Malaysia,117300.000000
1953,462,MDV,Maldives,14000.000000
1953,466,MLI,Mali,60000.000000
1953,470,MLT,Malta,1000.000000
1953,474,MTQ,Martinique,2500.000000
1953,478,MRT,Mauritania,10000.000000
1953,480,MUS,Mauritius,2000.000000
1953,484,MEX,Mexico,82300.000000
1953,500,MSR,Montserrat,50.000000
1953,504,MAR,Morocco,151300.000000
1953,508,MOZ,Mozambique,8300.000000
1953,512,OMN,Oman,40000.000000
1953,516,NAM,Namibia,0.000000
1953,524,NPL,Nepal,500.000000
1953,528,NLD,Netherlands (Kingdom of the),254000.000000
1953,530,ANT,Netherlands Antilles [former],500.000000
1953,540,NCL,New Caledonia,500.000000
1953,548,VUT,Vanuatu,600.000000
1953,554,NZL,New Zealand,35500.000000
1953,558,NIC,Nicaragua,2000.000000
1953,562,NER,Niger,2500.000000
1953,566,NGA,Nigeria,41261.000000
1953,578,NOR,Norway,1417841.000000
1953,580,MNP,Northern Mariana Islands,0.000000
1953,583,FSM,Micronesia (Federated States of),0.000000
1953,584,MHL,Marshall Islands,0.000000
1953,586,PAK,Pakistan,62867.000000
1953,591,PAN,Panama,1000.000000
1953,598,PNG,Papua New Guinea,8800.000000
1953,600,PRY,Paraguay,400.000000
1953,604,PER,Peru,117900.000000
1953,608,PHL,Philippines,293089.000000
1953,616,POL,Poland,94100.000000
1953,620,PRT,Portugal,431250.000000
1953,624,GNB,Guinea-Bissau,400.000000
1953,630,PRI,Puerto Rico,2400.000000
1953,634,QAT,Qatar,500.000000
1953,638,REU,Réunion,1300.000000
1953,642,ROU,Romania,19000.000000
1953,646,RWA,Rwanda,300.000000
1953,654,SHN,"Ascension, Saint Helena and Tristan da Cunha",500.000000
1953,659,KNA,Saint Kitts and Nevis,400.000000
1953,662,LCA,Saint Lucia,400.000000
1953,666,SPM,Saint Pierre and Miquelon,5900.000000
1953,670,VCT,Saint Vincent and the Grenadines,400.000000
1953,678,STP,Sao Tome and Principe,300.000000
1953,682,SAU,Saudi Arabia,4000.000000
1953,686,SEN,Senegal,34000.000000
1953,690,SYC,Seychelles,1500.000000
1953,694,SLE,Sierra Leone,10000.000000
1953,702,SGP,Singapore,5000.000000
1953,704,VNM,Viet Nam,60000.000000
1953,706,SOM,Somalia,7400.000000
1953,710,ZAF,South Africa,654600.000000
1953,716,ZWE,Zimbabwe,500.000000
1953,724,ESP,Spain,640912.000000
1953,732,ESH,Western Sahara,0.000000
1953,736,,Sudan [former],13200.000000
1953,740,SUR,Suriname,2380.000000
1953,752,SWE,Sweden,190400.000000
1953,756,CHE,Switzerland,2000.000000
1953,760,SYR,Syrian Arab Republic,1100.000000
1953,764,THA,Thailand,185581.000000
1953,768,TGO,Togo,3300.000000
1953,776,TON,Tonga,200.000000
1953,780,TTO,Trinidad and Tobago,1100.000000
1953,784,ARE,United Arab Emirates,12000.000000
1953,788,TUN,Tunisia,11720.000000
1953,792,TUR,Türkiye,92700.000000
1953,796,TCA,Turks and Caicos Islands,730.000000
1953,798,TUV,Tuvalu,0.000000
1953,800,UGA,Uganda,23400.000000
1953,810,SUN,Union of Soviet Socialist Republics [former],1966241.000000
1953,818,EGY,Egypt,49400.000000
1953,826,GBR,United Kingdom of Great Britain and Northern Ireland,1197000.000000
1953,833,IMN,Isle of Man,3200.000000
1953,834,TZA,United Republic of Tanzania,60000.000000
1953,840,USA,United States of America,2534099.000000
1953,850,VIR,United States Virgin Islands,300.000000
1953,854,BFA,Burkina Faso,900.000000
1953,858,URY,Uruguay,3400.000000
1953,862,VEN,Venezuela (Bolivarian Republic of),63300.000000
1953,882,WSM,Samoa,400.000000
1953,887,YEM,Yemen,30000.000000
1953,890,YUG,Yugoslavia SFR [former],20537.000000
1953,894,ZMB,Zambia,15000.000000
1953,896,,Other NEI,0.000000
1954,004,AFG,Afghanistan,100.000000
1954,008,ALB,Albania,2400.000000
1954,012,DZA,Algeria,20962.000000
1954,016,ASM,American Samoa,0.000000
1954,024,AGO,Angola,265200.000000
1954,028,ATG,Antigua and Barbuda,200.000000
1954,032,ARG,Argentina,79100.000000
1954,036,AUS,Australia,49124.000000
1954,040,AUT,Austria,1570.000000
1954,044,BHS,Bahamas,1500.000000
1954,048,BHR,Bahrain,1000.000000
1954,050,BGD,Bangladesh,258262.000000
1954,052,BRB,Barbados,2800.000000
1954,056,BEL,Belgium,72700.000000
1954,060,BMU,Bermuda,500.000000
1954,064,BTN,Bhutan,80.000000
1954,068,BOL,Bolivia (Plurinational State of),600.000000
1954,072,BWA,Botswana,350.000000
1954,076,BRA,Brazil,172000.000000
1954,084,BLZ,Belize,600.000000
1954,086,IOT,British Indian Ocean Territory [former],0.000000
1954,090,SLB,Solomon Islands,3000.000000
1954,092,VGB,British Virgin Islands,200.000000
1954,096,BRN,Brunei Darussalam,500.000000
1954,100,BGR,Bulgaria,8300.000000
1954,104,MMR,Myanmar,200000.000000
1954,108,BDI,Burundi,5600.000000
1954,116,KHM,Cambodia,25000.000000
1954,120,CMR,Cameroon,39100.000000
1954,124,CAN,Canada,1049545.000000
1954,132,CPV,Cabo Verde,1700.000000
1954,140,CAF,Central African Republic,1500.000000
1954,144,LKA,Sri Lanka,26473.000000
1954,148,TCD,Chad,35000.000000
1954,152,CHL,Chile,149450.000000
1954,156,CHN,China,2032218.000000
1954,158,TWN,Taiwan Province of China,113187.139000
1954,170,COL,Colombia,17500.000000
1954,174,COM,Comoros,818.000000
1954,178,COG,Congo,8000.000000
1954,180,COD,Democratic Republic of the Congo,65700.000000
1954,184,COK,Cook Islands,800.000000
1954,188,CRI,Costa Rica,600.000000
1954,192,CUB,Cuba,11500.000000
1954,196,CYP,Cyprus,500.000000
1954,200,CSK,Czechoslovakia [former],308.000000
1954,204,BEN,Benin,17000.000000
1954,208,DNK,Denmark,350500.000000
1954,212,DMA,Dominica,800.000000
1954,214,DOM,Dominican Republic,1000.000000
1954,218,ECU,Ecuador,12500.000000
1954,222,SLV,El Salvador,2800.000000
1954,226,GNQ,Equatorial Guinea,200.000000
1954,230,,Ethiopia PDR [former],5000.000000
1954,234,FRO,Faroe Islands,89400.000000
1954,238,FLK,Falkland Islands (Malvinas),0.000000
1954,242,FJI,Fiji,2200.000000
1954,246,FIN,Finland,57800.000000
1954,250,FRA,France,535417.000000
1954,254,GUF,French Guiana,500.000000
1954,258,PYF,French Polynesia,2500.000000
1954,260,ATF,French Southern Territories,400.000000
1954,262,DJI,Djibouti,900.000000
1954,266,GAB,Gabon,4000.000000
1954,270,GMB,Gambia,3500.000000
1954,276,DEU,Germany,730100.000000
1954,288,GHA,Ghana,25200.000000
1954,296,KIR,Kiribati,2000.000000
1954,300,GRC,Greece,52600.000000
1954,304,GRL,Greenland,24900.000000
1954,308,GRD,Grenada,400.000000
1954,312,GLP,Guadeloupe,1800.000000
1954,316,GUM,Guam,0.000000
1954,320,GTM,Guatemala,500.000000
1954,324,GIN,Guinea,2000.000000
1954,328,GUY,Guyana,2700.000000
1954,332,HTI,Haiti,2500.000000
1954,340,HND,Honduras,1200.000000
1954,344,HKG,"China, Hong Kong SAR",45300.000000
1954,348,HUN,Hungary,3880.000000
1954,352,ISL,Iceland,494700.000000
1954,356,IND,India,802891.000000
1954,360,IDN,Indonesia,579316.000000
1954,364,IRN,Iran (Islamic Republic of),25017.000000
1954,368,IRQ,Iraq,5400.000000
1954,372,IRL,Ireland,20800.000000
1954,376,ISR,Israel,3400.000000
1954,380,ITA,Italy,218974.000000
1954,384,CIV,Côte d'Ivoire,20000.000000
1954,388,JAM,Jamaica,5900.000000
1954,392,JPN,Japan,4366549.000000
1954,400,JOR,Jordan,200.000000
1954,404,KEN,Kenya,17600.000000
1954,408,PRK,Democratic People's Republic of Korea,234700.000000
1954,410,KOR,Republic of Korea,244611.000000
1954,414,KWT,Kuwait,2000.000000
1954,418,LAO,Lao People's Democratic Republic,10000.000000
1954,422,LBN,Lebanon,1400.000000
1954,430,LBR,Liberia,2700.000000
1954,434,LBY,Libya,2313.000000
1954,446,MAC,"China, Macao SAR",4900.000000
1954,450,MDG,Madagascar,21600.000000
1954,454,MWI,Malawi,15000.000000
1954,458,MYS,Malaysia,108600.000000
1954,462,MDV,Maldives,14000.000000
1954,466,MLI,Mali,70000.000000
1954,470,MLT,Malta,823.000000
1954,474,MTQ,Martinique,2600.000000
1954,478,MRT,Mauritania,11000.000000
1954,480,MUS,Mauritius,2000.000000
1954,484,MEX,Mexico,101100.000000
1954,500,MSR,Montserrat,50.000000
1954,504,MAR,Morocco,117000.000000
1954,508,MOZ,Mozambique,8200.000000
1954,512,OMN,Oman,40000.000000
1954,516,NAM,Namibia,0.000000
1954,524,NPL,Nepal,1000.000000
1954,528,NLD,Netherlands (Kingdom of the),238400.000000
1954,530,ANT,Netherlands Antilles [former],600.000000
1954,533,ABW,Aruba,300.000000
1954,540,NCL,New Caledonia,500.000000
1954,548,VUT,Vanuatu,600.000000
1954,554,NZL,New Zealand,35500.000000
1954,558,NIC,Nicaragua,2000.000000
1954,562,NER,Niger,2500.000000
1954,566,NGA,Nigeria,44069.000000
1954,578,NOR,Norway,1935141.000000
1954,580,MNP,Northern Mariana Islands,0.000000
1954,583,FSM,Micronesia (Federated States of),100.000000
1954,584,MHL,Marshall Islands,0.000000
1954,586,PAK,Pakistan,65218.000000
1954,591,PAN,Panama,2000.000000
1954,598,PNG,Papua New Guinea,9000.000000
1954,600,PRY,Paraguay,400.000000
1954,604,PER,Peru,146300.000000
1954,608,PHL,Philippines,344595.000000
1954,616,POL,Poland,103700.000000
1954,620,PRT,Portugal,448436.000000
1954,624,GNB,Guinea-Bissau,400.000000
1954,630,PRI,Puerto Rico,2500.000000
1954,634,QAT,Qatar,500.000000
1954,638,REU,Réunion,1600.000000
1954,642,ROU,Romania,19000.000000
1954,646,RWA,Rwanda,300.000000
1954,654,SHN,"Ascension, Saint Helena and Tristan da Cunha",500.000000
1954,659,KNA,Saint Kitts and Nevis,400.000000
1954,662,LCA,Saint Lucia,400.000000
1954,666,SPM,Saint Pierre and Miquelon,6800.000000
1954,670,VCT,Saint Vincent and the Grenadines,400.000000
1954,678,STP,Sao Tome and Principe,300.000000
1954,682,SAU,Saudi Arabia,5000.000000
1954,686,SEN,Senegal,39000.000000
1954,690,SYC,Seychelles,1500.000000
1954,694,SLE,Sierra Leone,10000.000000
1954,702,SGP,Singapore,5000.000000
1954,704,VNM,Viet Nam,119500.000000
1954,706,SOM,Somalia,5300.000000
1954,710,ZAF,South Africa,639600.000000
1954,716,ZWE,Zimbabwe,500.000000
1954,724,ESP,Spain,677723.000000
1954,732,ESH,Western Sahara,0.000000
1954,736,,Sudan [former],13800.000000
1954,740,SUR,Suriname,2680.000000
1954,752,SWE,Sweden,193000.000000
1954,756,CHE,Switzerland,2000.000000
1954,760,SYR,Syrian Arab Republic,1300.000000
1954,764,THA,Thailand,209286.000000
1954,768,TGO,Togo,3200.000000
1954,776,TON,Tonga,300.000000
1954,780,TTO,Trinidad and Tobago,1500.000000
1954,784,ARE,United Arab Emirates,15000.000000
1954,788,TUN,Tunisia,11455.000000
1954,792,TUR,Türkiye,110600.000000
1954,796,TCA,Turks and Caicos Islands,730.000000
1954,798,TUV,Tuvalu,0.000000
1954,800,UGA,Uganda,24600.000000
1954,810,SUN,Union of Soviet Socialist Republics [former],2230939.000000
1954,818,EGY,Egypt,53700.000000
1954,826,GBR,United Kingdom of Great Britain and Northern Ireland,1130100.000000
1954,833,IMN,Isle of Man,3400.000000
1954,834,TZA,United Republic of Tanzania,59900.000000
1954,840,USA,United States of America,2596039.000000
1954,850,VIR,United States Virgin Islands,300.000000
1954,854,BFA,Burkina Faso,1000.000000
1954,858,URY,Uruguay,4000.000000
1954,862,VEN,Venezuela (Bolivarian Republic of),51800.000000
1954,882,WSM,Samoa,400.000000
1954,887,YEM,Yemen,30000.000000
1954,890,YUG,Yugoslavia SFR [former],18097.000000
1954,894,ZMB,Zambia,15000.000000
1954,896,,Other NEI,0.000000
1955,004,AFG,Afghanistan,200.000000
1955,008,ALB,Albania,2600.000000
1955,012,DZA,Algeria,25898.000000
1955,016,ASM,American Samoa,0.000000
1955,024,AGO,Angola,294400.000000
1955,028,ATG,Antigua and Barbuda,300.000000
1955,032,ARG,Argentina,79900.000000
1955,036,AUS,Australia,47722.000000
1955,040,AUT,Austria,1850.000000
1955,044,BHS,Bahamas,1700.000000
1955,048,BHR,Bahrain,1000.000000
1955,050,BGD,Bangladesh,257180.000000
1955,052,BRB,Barbados,2800.000000
1955,056,BEL,Belgium,80100.000000
1955,060,BMU,Bermuda,400.000000
1955,064,BTN,Bhutan,80.000000
1955,068,BOL,Bolivia (Plurinational State of),600.000000
1955,072,BWA,Botswana,350.000000
1955,076,BRA,Brazil,190200.000000
1955,084,BLZ,Belize,500.000000
1955,086,IOT,British Indian Ocean Territory [former],0.000000
1955,090,SLB,Solomon Islands,3000.000000
1955,092,VGB,British Virgin Islands,200.000000
1955,096,BRN,Brunei Darussalam,700.000000
1955,100,BGR,Bulgaria,6100.000000
1955,104,MMR,Myanmar,200000.000000
1955,108,BDI,Burundi,5600.000000
1955,116,KHM,Cambodia,28000.000000
1955,120,CMR,Cameroon,43800.000000
1955,124,CAN,Canada,976893.000000
1955,132,CPV,Cabo Verde,1600.000000
1955,140,CAF,Central African Republic,1500.000000
1955,144,LKA,Sri Lanka,27293.000000
1955,148,TCD,Chad,35000.000000
1955,152,CHL,Chile,220250.000000
1955,156,CHN,China,2205815.000000
1955,158,TWN,Taiwan Province of China,136976.000000
1955,170,COL,Colombia,18900.000000
1955,174,COM,Comoros,835.000000
1955,178,COG,Congo,9000.000000
1955,180,COD,Democratic Republic of the Congo,86100.000000
1955,184,COK,Cook Islands,800.000000
1955,188,CRI,Costa Rica,700.000000
1955,192,CUB,Cuba,12800.000000
1955,196,CYP,Cyprus,600.000000
1955,200,CSK,Czechoslovakia [former],404.000000
1955,204,BEN,Benin,17000.000000
1955,208,DNK,Denmark,414600.000000
1955,212,DMA,Dominica,600.000000
1955,214,DOM,Dominican Republic,1200.000000
1955,218,ECU,Ecuador,15000.000000
1955,222,SLV,El Salvador,2800.000000
1955,226,GNQ,Equatorial Guinea,300.000000
1955,230,,Ethiopia PDR [former],6200.000000
1955,234,FRO,Faroe Islands,105600.000000
1955,238,FLK,Falkland Islands (Malvinas),0.000000
1955,242,FJI,Fiji,2500.000000
1955,246,FIN,Finland,55900.000000
1955,250,FRA,France,657143.000000
1955,254,GUF,French Guiana,500.000000
1955,258,PYF,French Polynesia,1800.000000
1955,260,ATF,French Southern Territories,400.000000
1955,262,DJI,Djibouti,800.000000
1955,266,GAB,Gabon,5000.000000
1955,270,GMB,Gambia,3500.000000
1955,276,DEU,Germany,868400.000000
1955,288,GHA,Ghana,26300.000000
1955,296,KIR,Kiribati,3000.000000
1955,300,GRC,Greece,56400.000000
1955,304,GRL,Greenland,25800.000000
1955,308,GRD,Grenada,400.000000
1955,312,GLP,Guadeloupe,1900.000000
1955,316,GUM,Guam,0.000000
1955,320,GTM,Guatemala,700.000000
1955,324,GIN,Guinea,2000.000000
1955,328,GUY,Guyana,3600.000000
1955,332,HTI,Haiti,2500.000000
1955,340,HND,Honduras,1200.000000
1955,344,HKG,"China, Hong Kong SAR",44170.000000
1955,348,HUN,Hungary,4350.000000
1955,352,ISL,Iceland,532500.000000
1955,356,IND,India,811967.000000
1955,360,IDN,Indonesia,610454.000000
1955,364,IRN,Iran (Islamic Republic of),25017.000000
1955,368,IRQ,Iraq,5400.000000
1955,372,IRL,Ireland,22300.000000
1955,376,ISR,Israel,3400.000000
1955,380,ITA,Italy,218834.000000
1955,384,CIV,Côte d'Ivoire,20000.000000
1955,388,JAM,Jamaica,6000.000000
1955,392,JPN,Japan,4728137.000000
1955,400,JOR,Jordan,100.000000
1955,404,KEN,Kenya,30100.000000
1955,408,PRK,Democratic People's Republic of Korea,311630.000000
1955,410,KOR,Republic of Korea,256198.000000
1955,414,KWT,Kuwait,2000.000000
1955,418,LAO,Lao People's Democratic Republic,10000.000000
1955,422,LBN,Lebanon,1500.000000
1955,430,LBR,Liberia,3000.000000
1955,434,LBY,Libya,2113.000000
1955,446,MAC,"China, Macao SAR",5500.000000
1955,450,MDG,Madagascar,23600.000000
1955,454,MWI,Malawi,15000.000000
1955,458,MYS,Malaysia,108100.000000
1955,462,MDV,Maldives,14000.000000
1955,466,MLI,Mali,70000.000000
1955,470,MLT,Malta,814.000000
1955,474,MTQ,Martinique,3400.000000
1955,478,MRT,Mauritania,11000.000000
1955,480,MUS,Mauritius,2000.000000
1955,484,MEX,Mexico,116150.000000
1955,500,MSR,Montserrat,50.000000
1955,504,MAR,Morocco,108800.000000
1955,508,MOZ,Mozambique,10300.000000
1955,512,OMN,Oman,50000.000000
1955,516,NAM,Namibia,0.000000
1955,524,NPL,Nepal,1000.000000
1955,528,NLD,Netherlands (Kingdom of the),224600.000000
1955,530,ANT,Netherlands Antilles [former],800.000000
1955,533,ABW,Aruba,300.000000
1955,540,NCL,New Caledonia,700.000000
1955,548,VUT,Vanuatu,900.000000
1955,554,NZL,New Zealand,37900.000000
1955,558,NIC,Nicaragua,2000.000000
1955,562,NER,Niger,2500.000000
1955,566,NGA,Nigeria,43884.000000
1955,578,NOR,Norway,1677508.000000
1955,580,MNP,Northern Mariana Islands,0.000000
1955,583,FSM,Micronesia (Federated States of),100.000000
1955,584,MHL,Marshall Islands,0.000000
1955,586,PAK,Pakistan,68862.000000
1955,591,PAN,Panama,2800.000000
1955,598,PNG,Papua New Guinea,9000.000000
1955,600,PRY,Paraguay,500.000000
1955,604,PER,Peru,184500.000000
1955,608,PHL,Philippines,361711.000000
1955,616,POL,Poland,125200.000000
1955,620,PRT,Portugal,434577.000000
1955,624,GNB,Guinea-Bissau,600.000000
1955,630,PRI,Puerto Rico,2600.000000
1955,634,QAT,Qatar,500.000000
1955,638,REU,Réunion,1500.000000
1955,642,ROU,Romania,23600.000000
1955,646,RWA,Rwanda,300.000000
1955,654,SHN,"Ascension, Saint Helena and Tristan da Cunha",500.000000
1955,659,KNA,Saint Kitts and Nevis,500.000000
1955,662,LCA,Saint Lucia,400.000000
1955,666,SPM,Saint Pierre and Miquelon,8300.000000
1955,670,VCT,Saint Vincent and the Grenadines,500.000000
1955,678,STP,Sao Tome and Principe,500.000000
1955,682,SAU,Saudi Arabia,5000.000000
1955,686,SEN,Senegal,42000.000000
1955,690,SYC,Seychelles,1500.000000
1955,694,SLE,Sierra Leone,10000.000000
1955,702,SGP,Singapore,6200.000000
1955,704,VNM,Viet Nam,190800.000000
1955,706,SOM,Somalia,9500.000000
1955,710,ZAF,South Africa,618800.000000
1955,716,ZWE,Zimbabwe,500.000000
1955,724,ESP,Spain,794933.000000
1955,732,ESH,Western Sahara,0.000000
1955,736,,Sudan [former],14500.000000
1955,740,SUR,Suriname,3410.000000
1955,752,SWE,Sweden,211100.000000
1955,756,CHE,Switzerland,2000.000000
1955,760,SYR,Syrian Arab Republic,1300.000000
1955,764,THA,Thailand,192626.000000
1955,768,TGO,Togo,3500.000000
1955,776,TON,Tonga,300.000000
1955,780,TTO,Trinidad and Tobago,1600.000000
1955,784,ARE,United Arab Emirates,15000.000000
1955,788,TUN,Tunisia,11001.000000
1955,792,TUR,Türkiye,103200.000000
1955,796,TCA,Turks and Caicos Islands,730.000000
1955,798,TUV,Tuvalu,0.000000
1955,800,UGA,Uganda,34900.000000
1955,810,SUN,Union of Soviet Socialist Republics [former],2477395.000000
1955,818,EGY,Egypt,60050.000000
1955,826,GBR,United Kingdom of Great Britain and Northern Ireland,1157200.000000
1955,833,IMN,Isle of Man,6100.000000
1955,834,TZA,United Republic of Tanzania,62500.000000
1955,840,USA,United States of America,2621021.000000
1955,850,VIR,United States Virgin Islands,300.000000
1955,854,BFA,Burkina Faso,1000.000000
1955,858,URY,Uruguay,4900.000000
1955,862,VEN,Venezuela (Bolivarian Republic of),69600.000000
1955,882,WSM,Samoa,400.000000
1955,887,YEM,Yemen,34800.000000
1955,890,YUG,Yugoslavia SFR [former],17039.000000
1955,894,ZMB,Zambia,17500.000000
1955,896,,Other NEI,0.000000
1956,004,AFG,Afghanistan,200.000000
1956,008,ALB,Albania,2500.000000
1956,012,DZA,Algeria,21956.000000
1956,016,ASM,American Samoa,0.000000
1956,024,AGO,Angola,425500.000000
1956,028,ATG,Antigua and Barbuda,400.000000
1956,032,ARG,Argentina,77200.000000
1956,036,AUS,Australia,46364.000000
1956,040,AUT,Austria,2320.000000
1956,044,BHS,Bahamas,1600.000000
1956,048,BHR,Bahrain,1000.000000
1956,050,BGD,Bangladesh,256070.000000
1956,052,BRB,Barbados,3200.000000
1956,056,BEL,Belgium,69100.000000
1956,060,BMU,Bermuda,400.000000
1956,064,BTN,Bhutan,100.000000
1956,068,BOL,Bolivia (Plurinational State of),800.000000
1956,072,BWA,Botswana,350.000000
1956,076,BRA,Brazil,207900.000000
1956,084,BLZ,Belize,600.000000
1956,086,IOT,British Indian Ocean Territory [former],0.000000
1956,090,SLB,Solomon Islands,3000.000000
1956,092,VGB,British Virgin Islands,200.000000
1956,096,BRN,Brunei Darussalam,700.000000
1956,100,BGR,Bulgaria,5950.000000
1956,104,MMR,Myanmar,360000.000000
1956,108,BDI,Burundi,5400.000000
1956,116,KHM,Cambodia,30000.000000
1956,120,CMR,Cameroon,45400.000000
1956,124,CAN,Canada,1128830.000000
1956,132,CPV,Cabo Verde,1300.000000
1956,140,CAF,Central African Republic,1500.000000
1956,144,LKA,Sri Lanka,32722.000000
1956,148,TCD,Chad,38000.000000
1956,152,CHL,Chile,195240.000000
1956,156,CHN,China,2369005.000000
1956,158,TWN,Taiwan Province of China,152522.000000
1956,170,COL,Colombia,21200.000000
1956,174,COM,Comoros,835.000000
1956,178,COG,Congo,9000.000000
1956,180,COD,Democratic Republic of the Congo,96200.000000
1956,184,COK,Cook Islands,700.000000
1956,188,CRI,Costa Rica,800.000000
1956,192,CUB,Cuba,15600.000000
1956,196,CYP,Cyprus,500.000000
1956,200,CSK,Czechoslovakia [former],432.000000
1956,204,BEN,Benin,23000.000000
1956,208,DNK,Denmark,452000.000000
1956,212,DMA,Dominica,400.000000
1956,214,DOM,Dominican Republic,1400.000000
1956,218,ECU,Ecuador,21800.000000
1956,222,SLV,El Salvador,2900.000000
1956,226,GNQ,Equatorial Guinea,300.000000
1956,230,,Ethiopia PDR [former],6200.000000
1956,234,FRO,Faroe Islands,116300.000000
1956,238,FLK,Falkland Islands (Malvinas),0.000000
1956,242,FJI,Fiji,2500.000000
1956,246,FIN,Finland,53000.000000
1956,250,FRA,France,640312.000000
1956,254,GUF,French Guiana,400.000000
1956,258,PYF,French Polynesia,2200.000000
1956,260,ATF,French Southern Territories,400.000000
1956,262,DJI,Djibouti,500.000000
1956,266,GAB,Gabon,5000.000000
1956,270,GMB,Gambia,3800.000000
1956,276,DEU,Germany,866400.000000
1956,288,GHA,Ghana,28300.000000
1956,296,KIR,Kiribati,3000.000000
1956,300,GRC,Greece,60800.000000
1956,304,GRL,Greenland,27400.000000
1956,308,GRD,Grenada,500.000000
1956,312,GLP,Guadeloupe,1900.000000
1956,316,GUM,Guam,0.000000
1956,320,GTM,Guatemala,700.000000
1956,324,GIN,Guinea,2000.000000
1956,328,GUY,Guyana,3400.000000
1956,332,HTI,Haiti,2500.000000
1956,340,HND,Honduras,1200.000000
1956,344,HKG,"China, Hong Kong SAR",44450.000000
1956,348,HUN,Hungary,4700.000000
1956,352,ISL,Iceland,562900.000000
1956,356,IND,India,983172.000000
1956,360,IDN,Indonesia,645686.000000
1956,364,IRN,Iran (Islamic Republic of),25015.000000
1956,368,IRQ,Iraq,8500.000000
1956,372,IRL,Ireland,28500.000000
1956,376,ISR,Israel,3600.000000
1956,380,ITA,Italy,219166.000000
1956,384,CIV,Côte d'Ivoire,24000.000000
1956,388,JAM,Jamaica,6500.000000
1956,392,JPN,Japan,4593493.000000
1956,404,KEN,Kenya,32600.000000
1956,408,PRK,Democratic People's Republic of Korea,299550.000000
1956,410,KOR,Republic of Korea,337495.000000
1956,414,KWT,Kuwait,2000.000000
1956,418,LAO,Lao People's Democratic Republic,10000.000000
1956,422,LBN,Lebanon,1600.000000
1956,430,LBR,Liberia,3000.000000
1956,434,LBY,Libya,2513.000000
1956,446,MAC,"China, Macao SAR",5500.000000
1956,450,MDG,Madagascar,23600.000000
1956,454,MWI,Malawi,15000.000000
1956,458,MYS,Malaysia,109800.000000
1956,462,MDV,Maldives,14000.000000
1956,466,MLI,Mali,70000.000000
1956,470,MLT,Malta,821.000000
1956,474,MTQ,Martinique,3800.000000
1956,478,MRT,Mauritania,11000.000000
1956,480,MUS,Mauritius,2200.000000
1956,484,MEX,Mexico,144600.000000
1956,500,MSR,Montserrat,50.000000
1956,504,MAR,Morocco,122700.000000
1956,508,MOZ,Mozambique,10300.000000
1956,512,OMN,Oman,50000.000000
1956,516,NAM,Namibia,0.000000
1956,524,NPL,Nepal,1000.000000
1956,528,NLD,Netherlands (Kingdom of the),213000.000000
1956,530,ANT,Netherlands Antilles [former],600.000000
1956,533,ABW,Aruba,200.000000
1956,540,NCL,New Caledonia,500.000000
1956,548,VUT,Vanuatu,1000.000000
1956,554,NZL,New Zealand,36200.000000
1956,558,NIC,Nicaragua,3000.000000
1956,562,NER,Niger,3000.000000
1956,566,NGA,Nigeria,43702.000000
1956,578,NOR,Norway,2030462.000000
1956,580,MNP,Northern Mariana Islands,0.000000
1956,583,FSM,Micronesia (Federated States of),100.000000
1956,584,MHL,Marshall Islands,0.000000
1956,586,PAK,Pakistan,72197.000000
1956,591,PAN,Panama,4500.000000
1956,598,PNG,Papua New Guinea,11000.000000
1956,600,PRY,Paraguay,500.000000
1956,604,PER,Peru,268500.000000
1956,608,PHL,Philippines,394628.000000
1956,616,POL,Poland,138200.000000
1956,620,PRT,Portugal,482090.000000
1956,624,GNB,Guinea-Bissau,600.000000
1956,630,PRI,Puerto Rico,2700.000000
1956,634,QAT,Qatar,500.000000
1956,638,REU,Réunion,1800.000000
1956,642,ROU,Romania,23300.000000
1956,646,RWA,Rwanda,300.000000
1956,654,SHN,"Ascension, Saint Helena and Tristan da Cunha",500.000000
1956,659,KNA,Saint Kitts and Nevis,400.000000
1956,662,LCA,Saint Lucia,500.000000
1956,666,SPM,Saint Pierre and Miquelon,9300.000000
1956,670,VCT,Saint Vincent and the Grenadines,600.000000
1956,678,STP,Sao Tome and Principe,400.000000
1956,682,SAU,Saudi Arabia,5500.000000
1956,686,SEN,Senegal,44000.000000
1956,690,SYC,Seychelles,1500.000000
1956,694,SLE,Sierra Leone,15000.000000
1956,702,SGP,Singapore,9600.000000
1956,704,VNM,Viet Nam,223700.000000
1956,706,SOM,Somalia,10000.000000
1956,710,ZAF,South Africa,548800.000000
1956,716,ZWE,Zimbabwe,1000.000000
1956,724,ESP,Spain,783949.000000
1956,732,ESH,Western Sahara,0.000000
1956,736,,Sudan [former],14400.000000
1956,740,SUR,Suriname,4210.000000
1956,752,SWE,Sweden,188000.000000
1956,756,CHE,Switzerland,2000.000000
1956,760,SYR,Syrian Arab Republic,1300.000000
1956,764,THA,Thailand,197679.000000
1956,768,TGO,Togo,3600.000000
1956,776,TON,Tonga,300.000000
1956,780,TTO,Trinidad and Tobago,1600.000000
1956,784,ARE,United Arab Emirates,15000.000000
1956,788,TUN,Tunisia,12100.000000
1956,792,TUR,Türkiye,125800.000000
1956,796,TCA,Turks and Caicos Islands,730.000000
1956,798,TUV,Tuvalu,0.000000
1956,800,UGA,Uganda,45700.000000
1956,810,SUN,Union of Soviet Socialist Republics [former],2590205.000000
1956,818,EGY,Egypt,67200.000000
1956,826,GBR,United Kingdom of Great Britain and Northern Ireland,1127900.000000
1956,833,IMN,Isle of Man,7000.000000
1956,834,TZA,United Republic of Tanzania,65100.000000
1956,840,USA,United States of America,2795334.000000
1956,850,VIR,United States Virgin Islands,300.000000
1956,854,BFA,Burkina Faso,1300.000000
1956,858,URY,Uruguay,5400.000000
1956,862,VEN,Venezuela (Bolivarian Republic of),61300.000000
1956,882,WSM,Samoa,400.000000
1956,887,YEM,Yemen,21800.000000
1956,890,YUG,Yugoslavia SFR [former],22144.000000
1956,894,ZMB,Zambia,18400.000000
1956,896,,Other NEI,0.000000
1957,004,AFG,Afghanistan,200.000000
1957,008,ALB,Albania,2700.000000
1957,012,DZA,Algeria,21952.000000
1957,016,ASM,American Samoa,0.000000
1957,024,AGO,Angola,400500.000000
1957,028,ATG,Antigua and Barbuda,600.000000
1957,032,ARG,Argentina,83300.000000
1957,036,AUS,Australia,50764.000000
1957,040,AUT,Austria,2690.000000
1957,044,BHS,Bahamas,1500.000000
1957,048,BHR,Bahrain,1200.000000
1957,050,BGD,Bangladesh,304931.000000
1957,052,BRB,Barbados,4100.000000
1957,056,BEL,Belgium,62900.000000
1957,060,BMU,Bermuda,450.000000
1957,064,BTN,Bhutan,100.000000
1957,068,BOL,Bolivia (Plurinational State of),800.000000
1957,072,BWA,Botswana,400.000000
1957,076,BRA,Brazil,212100.000000
1957,084,BLZ,Belize,600.000000
1957,086,IOT,British Indian Ocean Territory [former],0.000000
1957,090,SLB,Solomon Islands,3000.000000
1957,092,VGB,British Virgin Islands,300.000000
1957,096,BRN,Brunei Darussalam,700.000000
1957,100,BGR,Bulgaria,5500.000000
1957,104,MMR,Myanmar,360000.000000
1957,108,BDI,Burundi,9700.000000
1957,116,KHM,Cambodia,30000.000000
1957,120,CMR,Cameroon,56500.000000
1957,124,CAN,Canada,1015697.000000
1957,132,CPV,Cabo Verde,1300.000000
1957,140,CAF,Central African Republic,1500.000000
1957,144,LKA,Sri Lanka,29665.000000
1957,148,TCD,Chad,38000.000000
1957,152,CHL,Chile,220150.000000
1957,156,CHN,China,2041854.000000
1957,158,TWN,Taiwan Province of China,164381.000000
1957,170,COL,Colombia,30100.000000
1957,174,COM,Comoros,717.000000
1957,178,COG,Congo,10000.000000
1957,180,COD,Democratic Republic of the Congo,122400.000000
1957,184,COK,Cook Islands,700.000000
1957,188,CRI,Costa Rica,900.000000
1957,192,CUB,Cuba,22000.000000
1957,196,CYP,Cyprus,500.000000
1957,200,CSK,Czechoslovakia [former],676.000000
1957,204,BEN,Benin,23000.000000
1957,208,DNK,Denmark,521739.000000
1957,212,DMA,Dominica,400.000000
1957,214,DOM,Dominican Republic,1700.000000
1957,218,ECU,Ecuador,26400.000000
1957,222,SLV,El Salvador,2900.000000
1957,226,GNQ,Equatorial Guinea,500.000000
1957,230,,Ethiopia PDR [former],7400.000000
1957,234,FRO,Faroe Islands,105700.000000
1957,238,FLK,Falkland Islands (Malvinas),0.000000
1957,242,FJI,Fiji,2500.000000
1957,246,FIN,Finland,56500.000000
1957,250,FRA,France,601709.000000
1957,254,GUF,French Guiana,400.000000
1957,258,PYF,French Polynesia,1900.000000
1957,260,ATF,French Southern Territories,500.000000
1957,262,DJI,Djibouti,600.000000
1957,266,GAB,Gabon,5500.000000
1957,270,GMB,Gambia,3800.000000
1957,276,DEU,Germany,877200.000000
1957,288,GHA,Ghana,30400.000000
1957,296,KIR,Kiribati,4000.000000
1957,300,GRC,Greece,75100.000000
1957,304,GRL,Greenland,31500.000000
1957,308,GRD,Grenada,300.000000
1957,312,GLP,Guadeloupe,2700.000000
1957,316,GUM,Guam,0.000000
1957,320,GTM,Guatemala,700.000000
1957,324,GIN,Guinea,3000.000000
1957,328,GUY,Guyana,3100.000000
1957,332,HTI,Haiti,2800.000000
1957,340,HND,Honduras,1200.000000
1957,344,HKG,"China, Hong Kong SAR",50750.000000
1957,348,HUN,Hungary,4630.000000
1957,352,ISL,Iceland,531900.000000
1957,356,IND,India,1199329.000000
1957,360,IDN,Indonesia,654267.000000
1957,364,IRN,Iran (Islamic Republic of),23015.000000
1957,368,IRQ,Iraq,8000.000000
1957,372,IRL,Ireland,34300.000000
1957,376,ISR,Israel,4000.000000
1957,380,ITA,Italy,209960.000000
1957,384,CIV,Côte d'Ivoire,30500.000000
1957,388,JAM,Jamaica,7100.000000
1957,392,JPN,Japan,5170750.000000
1957,400,JOR,Jordan,100.000000
1957,404,KEN,Kenya,25500.000000
1957,408,PRK,Democratic People's Republic of Korea,290960.000000
1957,410,KOR,Republic of Korea,399563.000000
1957,414,KWT,Kuwait,3000.000000
1957,418,LAO,Lao People's Democratic Republic,10000.000000
1957,422,LBN,Lebanon,1700.000000
1957,430,LBR,Liberia,3200.000000
1957,434,LBY,Libya,3213.000000
1957,446,MAC,"China, Macao SAR",5500.000000
1957,450,MDG,Madagascar,26000.000000
1957,454,MWI,Malawi,20300.000000
1957,458,MYS,Malaysia,109900.000000
1957,462,MDV,Maldives,15000.000000
1957,466,MLI,Mali,70000.000000
1957,470,MLT,Malta,1019.000000
1957,474,MTQ,Martinique,3700.000000
1957,478,MRT,Mauritania,13000.000000
1957,480,MUS,Mauritius,2200.000000
1957,484,MEX,Mexico,132920.000000
1957,500,MSR,Montserrat,50.000000
1957,504,MAR,Morocco,161100.000000
1957,508,MOZ,Mozambique,12500.000000
1957,512,OMN,Oman,50000.000000
1957,516,NAM,Namibia,0.000000
1957,524,NPL,Nepal,1000.000000
1957,528,NLD,Netherlands (Kingdom of the),212600.000000
1957,530,ANT,Netherlands Antilles [former],500.000000
1957,533,ABW,Aruba,100.000000
1957,540,NCL,New Caledonia,400.000000
1957,548,VUT,Vanuatu,1000.000000
1957,554,NZL,New Zealand,37000.000000
1957,558,NIC,Nicaragua,3000.000000
1957,562,NER,Niger,3000.000000
1957,566,NGA,Nigeria,48524.000000
1957,578,NOR,Norway,1617811.000000
1957,580,MNP,Northern Mariana Islands,100.000000
1957,583,FSM,Micronesia (Federated States of),300.000000
1957,584,MHL,Marshall Islands,0.000000
1957,586,PAK,Pakistan,62333.000000
1957,591,PAN,Panama,6500.000000
1957,598,PNG,Papua New Guinea,10800.000000
1957,600,PRY,Paraguay,500.000000
1957,604,PER,Peru,454500.000000
1957,608,PHL,Philippines,386210.000000
1957,616,POL,Poland,137800.000000
1957,620,PRT,Portugal,485430.000000
1957,624,GNB,Guinea-Bissau,600.000000
1957,630,PRI,Puerto Rico,2700.000000
1957,634,QAT,Qatar,600.000000
1957,638,REU,Réunion,1700.000000
1957,642,ROU,Romania,24000.000000
1957,646,RWA,Rwanda,400.000000
1957,654,SHN,"Ascension, Saint Helena and Tristan da Cunha",600.000000
1957,659,KNA,Saint Kitts and Nevis,500.000000
1957,662,LCA,Saint Lucia,500.000000
1957,666,SPM,Saint Pierre and Miquelon,10700.000000
1957,670,VCT,Saint Vincent and the Grenadines,600.000000
1957,678,STP,Sao Tome and Principe,400.000000
1957,682,SAU,Saudi Arabia,8000.000000
1957,686,SEN,Senegal,54900.000000
1957,690,SYC,Seychelles,1800.000000
1957,694,SLE,Sierra Leone,17000.000000
1957,702,SGP,Singapore,13800.000000
1957,704,VNM,Viet Nam,235900.000000
1957,706,SOM,Somalia,9000.000000
1957,710,ZAF,South Africa,598700.000000
1957,716,ZWE,Zimbabwe,1000.000000
1957,724,ESP,Spain,806972.000000
1957,732,ESH,Western Sahara,0.000000
1957,736,,Sudan [former],10400.000000
1957,740,SUR,Suriname,2720.000000
1957,752,SWE,Sweden,211500.000000
1957,756,CHE,Switzerland,2000.000000
1957,760,SYR,Syrian Arab Republic,1400.000000
1957,764,THA,Thailand,213084.000000
1957,768,TGO,Togo,4000.000000
1957,776,TON,Tonga,300.000000
1957,780,TTO,Trinidad and Tobago,1700.000000
1957,784,ARE,United Arab Emirates,20000.000000
1957,788,TUN,Tunisia,14300.000000
1957,792,TUR,Türkiye,108900.000000
1957,796,TCA,Turks and Caicos Islands,730.000000
1957,798,TUV,Tuvalu,0.000000
1957,800,UGA,Uganda,51300.000000
1957,810,SUN,Union of Soviet Socialist Republics [former],2516230.000000
1957,818,EGY,Egypt,71400.000000
1957,826,GBR,United Kingdom of Great Britain and Northern Ireland,1083700.000000
1957,833,IMN,Isle of Man,5100.000000
1957,834,TZA,United Republic of Tanzania,65600.000000
1957,840,USA,United States of America,2555690.000000
1957,850,VIR,United States Virgin Islands,400.000000
1957,854,BFA,Burkina Faso,1300.000000
1957,858,URY,Uruguay,6900.000000
1957,862,VEN,Venezuela (Bolivarian Republic of),83700.000000
1957,882,WSM,Samoa,500.000000
1957,887,YEM,Yemen,22600.000000
1957,890,YUG,Yugoslavia SFR [former],24283.000000
1957,894,ZMB,Zambia,26200.000000
1957,896,,Other NEI,0.000000
1958,004,AFG,Afghanistan,200.000000
1958,008,ALB,Albania,2600.000000
1958,012,DZA,Algeria,18578.000000
1958,016,ASM,American Samoa,0.000000
1958,024,AGO,Angola,283200.000000
1958,028,ATG,Antigua and Barbuda,800.000000
1958,032,ARG,Argentina,84200.000000
1958,036,AUS,Australia,50422.000000
1958,040,AUT,Austria,2970.000000
1958,044,BHS,Bahamas,1500.000000
1958,048,BHR,Bahrain,1200.000000
1958,050,BGD,Bangladesh,303762.000000
1958,052,BRB,Barbados,4500.000000
1958,056,BEL,Belgium,64000.000000
1958,060,BMU,Bermuda,450.000000
1958,064,BTN,Bhutan,100.000000
1958,068,BOL,Bolivia (Plurinational State of),800.000000
1958,072,BWA,Botswana,400.000000
1958,076,BRA,Brazil,211900.000000
1958,084,BLZ,Belize,900.000000
1958,086,IOT,British Indian Ocean Territory [former],0.000000
1958,090,SLB,Solomon Islands,4000.000000
1958,092,VGB,British Virgin Islands,300.000000
1958,096,BRN,Brunei Darussalam,800.000000
1958,100,BGR,Bulgaria,5600.000000
1958,104,MMR,Myanmar,360000.000000
1958,108,BDI,Burundi,11500.000000
1958,116,KHM,Cambodia,32000.000000
1958,120,CMR,Cameroon,60600.000000
1958,124,CAN,Canada,1004278.000000
1958,132,CPV,Cabo Verde,1700.000000
1958,140,CAF,Central African Republic,2000.000000
1958,144,LKA,Sri Lanka,35770.000000
1958,148,TCD,Chad,40000.000000
1958,152,CHL,Chile,232825.000000
1958,156,CHN,China,2090961.000000
1958,158,TWN,Taiwan Province of China,183764.000000
1958,170,COL,Colombia,25100.000000
1958,174,COM,Comoros,717.000000
1958,178,COG,Congo,10000.000000
1958,180,COD,Democratic Republic of the Congo,136700.000000
1958,184,COK,Cook Islands,700.000000
1958,188,CRI,Costa Rica,1300.000000
1958,192,CUB,Cuba,21900.000000
1958,196,CYP,Cyprus,600.000000
1958,200,CSK,Czechoslovakia [former],323.000000
1958,204,BEN,Benin,23000.000000
1958,208,DNK,Denmark,592726.000000
1958,212,DMA,Dominica,400.000000
1958,214,DOM,Dominican Republic,2000.000000
1958,218,ECU,Ecuador,31100.000000
1958,222,SLV,El Salvador,5500.000000
1958,226,GNQ,Equatorial Guinea,500.000000
1958,230,,Ethiopia PDR [former],7200.000000
1958,234,FRO,Faroe Islands,106700.000000
1958,238,FLK,Falkland Islands (Malvinas),0.000000
1958,242,FJI,Fiji,2800.000000
1958,246,FIN,Finland,62500.000000
1958,250,FRA,France,675806.000000
1958,254,GUF,French Guiana,400.000000
1958,258,PYF,French Polynesia,1800.000000
1958,260,ATF,French Southern Territories,500.000000
1958,262,DJI,Djibouti,800.000000
1958,266,GAB,Gabon,6000.000000
1958,270,GMB,Gambia,4300.000000
1958,276,DEU,Germany,801500.000000
1958,288,GHA,Ghana,32900.000000
1958,296,KIR,Kiribati,4000.000000
1958,300,GRC,Greece,80100.000000
1958,304,GRL,Greenland,32000.000000
1958,308,GRD,Grenada,700.000000
1958,312,GLP,Guadeloupe,3000.000000
1958,316,GUM,Guam,0.000000
1958,320,GTM,Guatemala,1000.000000
1958,324,GIN,Guinea,3000.000000
1958,328,GUY,Guyana,3500.000000
1958,332,HTI,Haiti,2800.000000
1958,340,HND,Honduras,1700.000000
1958,344,HKG,"China, Hong Kong SAR",48030.000000
1958,348,HUN,Hungary,4710.000000
1958,352,ISL,Iceland,619800.000000
1958,356,IND,India,1027509.000000
1958,360,IDN,Indonesia,624441.000000
1958,364,IRN,Iran (Islamic Republic of),23015.000000
1958,368,IRQ,Iraq,8500.000000
1958,372,IRL,Ireland,34100.000000
1958,376,ISR,Israel,4900.000000
1958,380,ITA,Italy,210103.000000
1958,384,CIV,Côte d'Ivoire,30500.000000
1958,388,JAM,Jamaica,7800.000000
1958,392,JPN,Japan,5284018.000000
1958,400,JOR,Jordan,100.000000
1958,404,KEN,Kenya,22000.000000
1958,408,PRK,Democratic People's Republic of Korea,299370.000000
1958,410,KOR,Republic of Korea,387058.000000
1958,414,KWT,Kuwait,3000.000000
1958,418,LAO,Lao People's Democratic Republic,12000.000000
1958,422,LBN,Lebanon,1800.000000
1958,430,LBR,Liberia,3300.000000
1958,434,LBY,Libya,2413.000000
1958,446,MAC,"China, Macao SAR",5500.000000
1958,450,MDG,Madagascar,26500.000000
1958,454,MWI,Malawi,24800.000000
1958,458,MYS,Malaysia,123400.000000
1958,462,MDV,Maldives,15000.000000
1958,466,MLI,Mali,80000.000000
1958,470,MLT,Malta,1128.000000
1958,474,MTQ,Martinique,3600.000000
1958,478,MRT,Mauritania,18000.000000
1958,480,MUS,Mauritius,2200.000000
1958,484,MEX,Mexico,173000.000000
1958,500,MSR,Montserrat,50.000000
1958,504,MAR,Morocco,177700.000000
1958,508,MOZ,Mozambique,13100.000000
1958,512,OMN,Oman,50000.000000
1958,516,NAM,Namibia,0.000000
1958,524,NPL,Nepal,1300.000000
1958,528,NLD,Netherlands (Kingdom of the),242900.000000
1958,530,ANT,Netherlands Antilles [former],500.000000
1958,533,ABW,Aruba,200.000000
1958,540,NCL,New Caledonia,600.000000
1958,548,VUT,Vanuatu,1000.000000
1958,554,NZL,New Zealand,36700.000000
1958,558,NIC,Nicaragua,3000.000000
1958,562,NER,Niger,3000.000000
1958,566,NGA,Nigeria,48348.000000
1958,578,NOR,Norway,1442605.000000
1958,580,MNP,Northern Mariana Islands,100.000000
1958,583,FSM,Micronesia (Federated States of),300.000000
1958,584,MHL,Marshall Islands,0.000000
1958,586,PAK,Pakistan,62677.000000
1958,591,PAN,Panama,6800.000000
1958,598,PNG,Papua New Guinea,10500.000000
1958,600,PRY,Paraguay,500.000000
1958,604,PER,Peru,901500.000000
1958,608,PHL,Philippines,408769.000000
1958,616,POL,Poland,141700.000000
1958,620,PRT,Portugal,481112.000000
1958,624,GNB,Guinea-Bissau,500.000000
1958,630,PRI,Puerto Rico,2800.000000
1958,634,QAT,Qatar,600.000000
1958,638,REU,Réunion,1000.000000
1958,642,ROU,Romania,23800.000000
1958,646,RWA,Rwanda,400.000000
1958,654,SHN,"Ascension, Saint Helena and Tristan da Cunha",600.000000
1958,659,KNA,Saint Kitts and Nevis,500.000000
1958,662,LCA,Saint Lucia,500.000000
1958,666,SPM,Saint Pierre and Miquelon,9300.000000
1958,670,VCT,Saint Vincent and the Grenadines,600.000000
1958,678,STP,Sao Tome and Principe,600.000000
1958,682,SAU,Saudi Arabia,8000.000000
1958,686,SEN,Senegal,57400.000000
1958,690,SYC,Seychelles,1800.000000
1958,694,SLE,Sierra Leone,17700.000000
1958,702,SGP,Singapore,12300.000000
1958,704,VNM,Viet Nam,267800.000000
1958,706,SOM,Somalia,8000.000000
1958,710,ZAF,South Africa,674700.000000
1958,716,ZWE,Zimbabwe,1000.000000
1958,724,ESP,Spain,818678.000000
1958,732,ESH,Western Sahara,0.000000
1958,736,,Sudan [former],19800.000000
1958,740,SUR,Suriname,3950.000000
1958,752,SWE,Sweden,239200.000000
1958,756,CHE,Switzerland,2000.000000
1958,760,SYR,Syrian Arab Republic,1400.000000
1958,764,THA,Thailand,176312.000000
1958,768,TGO,Togo,3400.000000
1958,776,TON,Tonga,300.000000
1958,780,TTO,Trinidad and Tobago,1700.000000
1958,784,ARE,United Arab Emirates,20000.000000
1958,788,TUN,Tunisia,15300.000000
1958,792,TUR,Türkiye,95200.000000
1958,796,TCA,Turks and Caicos Islands,730.000000
1958,798,TUV,Tuvalu,0.000000
1958,800,UGA,Uganda,53400.000000
1958,810,SUN,Union of Soviet Socialist Republics [former],2636247.000000
1958,818,EGY,Egypt,75700.000000
1958,826,GBR,United Kingdom of Great Britain and Northern Ireland,1066400.000000
1958,833,IMN,Isle of Man,4800.000000
1958,834,TZA,United Republic of Tanzania,65600.000000
1958,840,USA,United States of America,2532717.000000
1958,850,VIR,United States Virgin Islands,400.000000
1958,854,BFA,Burkina Faso,1500.000000
1958,858,URY,Uruguay,5400.000000
1958,862,VEN,Venezuela (Bolivarian Republic of),78300.000000
1958,882,WSM,Samoa,500.000000
1958,887,YEM,Yemen,21500.000000
1958,890,YUG,Yugoslavia SFR [former],26134.000000
1958,894,ZMB,Zambia,26900.000000
1958,896,,Other NEI,0.000000
1959,004,AFG,Afghanistan,200.000000
1959,008,ALB,Albania,2700.000000
1959,012,DZA,Algeria,22100.000000
1959,016,ASM,American Samoa,0.000000
1959,024,AGO,Angola,272700.000000
1959,028,ATG,Antigua and Barbuda,700.000000
1959,032,ARG,Argentina,91400.000000
1959,036,AUS,Australia,52986.000000
1959,040,AUT,Austria,3350.000000
1959,044,BHS,Bahamas,1700.000000
1959,048,BHR,Bahrain,1200.000000
1959,050,BGD,Bangladesh,352563.000000
1959,052,BRB,Barbados,4400.000000
1959,056,BEL,Belgium,57500.000000
1959,060,BMU,Bermuda,500.000000
1959,064,BTN,Bhutan,100.000000
1959,068,BOL,Bolivia (Plurinational State of),500.000000
1959,072,BWA,Botswana,400.000000
1959,076,BRA,Brazil,239100.000000
1959,084,BLZ,Belize,1000.000000
1959,086,IOT,British Indian Ocean Territory [former],0.000000
1959,090,SLB,Solomon Islands,4000.000000
1959,092,VGB,British Virgin Islands,300.000000
1959,096,BRN,Brunei Darussalam,800.000000
1959,100,BGR,Bulgaria,5600.000000
1959,104,MMR,Myanmar,360000.000000
1959,108,BDI,Burundi,11000.000000
1959,116,KHM,Cambodia,32000.000000
1959,120,CMR,Cameroon,50200.000000
1959,124,CAN,Canada,1051423.000000
1959,132,CPV,Cabo Verde,1500.000000
1959,140,CAF,Central African Republic,2000.000000
1959,144,LKA,Sri Lanka,41378.000000
1959,148,TCD,Chad,40000.000000
1959,152,CHL,Chile,279524.000000
1959,156,CHN,China,2134259.000000
1959,158,TWN,Taiwan Province of China,202008.000000
1959,170,COL,Colombia,22500.000000
1959,174,COM,Comoros,817.000000
1959,175,MYT,Mayotte,100.000000
1959,178,COG,Congo,11000.000000
1959,180,COD,Democratic Republic of the Congo,153400.000000
1959,184,COK,Cook Islands,800.000000
1959,188,CRI,Costa Rica,1600.000000
1959,192,CUB,Cuba,28200.000000
1959,196,CYP,Cyprus,500.000000
1959,200,CSK,Czechoslovakia [former],459.000000
1959,204,BEN,Benin,25000.000000
1959,208,DNK,Denmark,661956.000000
1959,212,DMA,Dominica,500.000000
1959,214,DOM,Dominican Republic,1600.000000
1959,218,ECU,Ecuador,35900.000000
1959,222,SLV,El Salvador,5800.000000
1959,226,GNQ,Equatorial Guinea,800.000000
1959,230,,Ethiopia PDR [former],7600.000000
1959,234,FRO,Faroe Islands,87200.000000
1959,238,FLK,Falkland Islands (Malvinas),0.000000
1959,242,FJI,Fiji,2800.000000
1959,246,FIN,Finland,69200.000000
1959,250,FRA,France,672056.000000
1959,254,GUF,French Guiana,500.000000
1959,258,PYF,French Polynesia,2200.000000
1959,260,ATF,French Southern Territories,500.000000
1959,262,DJI,Djibouti,600.000000
1959,266,GAB,Gabon,6000.000000
1959,270,GMB,Gambia,4500.000000
1959,276,DEU,Germany,793600.000000
1959,288,GHA,Ghana,38000.000000
1959,296,KIR,Kiribati,4000.000000
1959,300,GRC,Greece,82100.000000
1959,304,GRL,Greenland,33200.000000
1959,308,GRD,Grenada,400.000000
1959,312,GLP,Guadeloupe,3100.000000
1959,316,GUM,Guam,0.000000
1959,320,GTM,Guatemala,1000.000000
1959,324,GIN,Guinea,3000.000000
1959,328,GUY,Guyana,3000.000000
1959,332,HTI,Haiti,2800.000000
1959,340,HND,Honduras,1700.000000
1959,344,HKG,"China, Hong Kong SAR",54070.000000
1959,348,HUN,Hungary,5030.000000
1959,352,ISL,Iceland,672800.000000
1959,356,IND,India,782432.000000
1959,360,IDN,Indonesia,676964.000000
1959,364,IRN,Iran (Islamic Republic of),20015.000000
1959,368,IRQ,Iraq,8500.000000
1959,372,IRL,Ireland,37100.000000
1959,376,ISR,Israel,5300.000000
1959,380,ITA,Italy,211887.000000
1959,384,CIV,Côte d'Ivoire,34500.000000
1959,388,JAM,Jamaica,8300.000000
1959,392,JPN,Japan,5675301.000000
1959,400,JOR,Jordan,100.000000
1959,404,KEN,Kenya,22600.000000
1959,408,PRK,Democratic People's Republic of Korea,299280.000000
1959,410,KOR,Republic of Korea,375120.000000
1959,414,KWT,Kuwait,3000.000000
1959,418,LAO,Lao People's Democratic Republic,12000.000000
1959,422,LBN,Lebanon,1900.000000
1959,430,LBR,Liberia,3700.000000
1959,434,LBY,Libya,2413.000000
1959,446,MAC,"China, Macao SAR",5800.000000
1959,450,MDG,Madagascar,28000.000000
1959,454,MWI,Malawi,19400.000000
1959,458,MYS,Malaysia,129700.000000
1959,462,MDV,Maldives,15000.000000
1959,466,MLI,Mali,80000.000000
1959,470,MLT,Malta,1124.000000
1959,474,MTQ,Martinique,3900.000000
1959,478,MRT,Mauritania,18000.000000
1959,480,MUS,Mauritius,2500.000000
1959,484,MEX,Mexico,189800.000000
1959,500,MSR,Montserrat,50.000000
1959,504,MAR,Morocco,160400.000000
1959,508,MOZ,Mozambique,13700.000000
1959,512,OMN,Oman,55000.000000
1959,516,NAM,Namibia,0.000000
1959,524,NPL,Nepal,1300.000000
1959,528,NLD,Netherlands (Kingdom of the),227200.000000
1959,530,ANT,Netherlands Antilles [former],500.000000
1959,533,ABW,Aruba,200.000000
1959,540,NCL,New Caledonia,600.000000
1959,548,VUT,Vanuatu,1000.000000
1959,554,NZL,New Zealand,39000.000000
1959,558,NIC,Nicaragua,3000.000000
1959,562,NER,Niger,3000.000000
1959,566,NGA,Nigeria,48176.000000
1959,578,NOR,Norway,1417126.000000
1959,580,MNP,Northern Mariana Islands,100.000000
1959,583,FSM,Micronesia (Federated States of),400.000000
1959,584,MHL,Marshall Islands,0.000000
1959,586,PAK,Pakistan,67050.000000
1959,591,PAN,Panama,14800.000000
1959,598,PNG,Papua New Guinea,12300.000000
1959,600,PRY,Paraguay,600.000000
1959,604,PER,Peru,2123700.000000
1959,608,PHL,Philippines,419534.000000
1959,616,POL,Poland,154400.000000
1959,620,PRT,Portugal,442256.000000
1959,624,GNB,Guinea-Bissau,600.000000
1959,630,PRI,Puerto Rico,2900.000000
1959,634,QAT,Qatar,600.000000
1959,638,REU,Réunion,1600.000000
1959,642,ROU,Romania,24000.000000
1959,646,RWA,Rwanda,400.000000
1959,654,SHN,"Ascension, Saint Helena and Tristan da Cunha",600.000000
1959,659,KNA,Saint Kitts and Nevis,600.000000
1959,662,LCA,Saint Lucia,500.000000
1959,666,SPM,Saint Pierre and Miquelon,10900.000000
1959,670,VCT,Saint Vincent and the Grenadines,600.000000
1959,678,STP,Sao Tome and Principe,500.000000
1959,682,SAU,Saudi Arabia,10000.000000
1959,686,SEN,Senegal,66600.000000
1959,690,SYC,Seychelles,1800.000000
1959,694,SLE,Sierra Leone,20000.000000
1959,702,SGP,Singapore,11500.000000
1959,704,VNM,Viet Nam,325200.000000
1959,706,SOM,Somalia,5000.000000
1959,710,ZAF,South Africa,753500.000000
1959,716,ZWE,Zimbabwe,1000.000000
1959,724,ESP,Spain,864847.000000
1959,732,ESH,Western Sahara,0.000000
1959,736,,Sudan [former],16800.000000
1959,740,SUR,Suriname,3950.000000
1959,752,SWE,Sweden,262100.000000
1959,756,CHE,Switzerland,2500.000000
1959,760,SYR,Syrian Arab Republic,1500.000000
1959,764,THA,Thailand,183838.000000
1959,768,TGO,Togo,3400.000000
1959,776,TON,Tonga,300.000000
1959,780,TTO,Trinidad and Tobago,2000.000000
1959,784,ARE,United Arab Emirates,30000.000000
1959,788,TUN,Tunisia,15044.000000
1959,792,TUR,Türkiye,94500.000000
1959,796,TCA,Turks and Caicos Islands,730.000000
1959,798,TUV,Tuvalu,0.000000
1959,800,UGA,Uganda,55800.000000
1959,810,SUN,Union of Soviet Socialist Republics [former],2771712.000000
1959,818,EGY,Egypt,81000.000000
1959,826,GBR,United Kingdom of Great Britain and Northern Ireland,1059400.000000
1959,833,IMN,Isle of Man,5800.000000
1959,834,TZA,United Republic of Tanzania,70500.000000
1959,840,USA,United States of America,2763059.000000
1959,850,VIR,United States Virgin Islands,400.000000
1959,854,BFA,Burkina Faso,1500.000000
1959,858,URY,Uruguay,5900.000000
1959,862,VEN,Venezuela (Bolivarian Republic of),83300.000000
1959,882,WSM,Samoa,500.000000
1959,887,YEM,Yemen,24400.000000
1959,890,YUG,Yugoslavia SFR [former],24022.000000
1959,894,ZMB,Zambia,20900.000000
1959,896,,Other NEI,0.000000
1960,004,AFG,Afghanistan,200.000000
1960,008,ALB,Albania,2600.000000
1960,012,DZA,Algeria,25500.000000
1960,016,ASM,American Samoa,0.000000
1960,024,AGO,Angola,257300.000000
1960,028,ATG,Antigua and Barbuda,600.000000
1960,032,ARG,Argentina,103800.000000
1960,036,AUS,Australia,55645.000000
1960,040,AUT,Austria,3550.000000
1960,044,BHS,Bahamas,1600.000000
1960,048,BHR,Bahrain,1500.000000
1960,050,BGD,Bangladesh,351333.000000
1960,052,BRB,Barbados,5200.000000
1960,056,BEL,Belgium,63700.000000
1960,060,BMU,Bermuda,500.000000
1960,064,BTN,Bhutan,100.000000
1960,068,BOL,Bolivia (Plurinational State of),700.000000
1960,072,BWA,Botswana,400.000000
1960,076,BRA,Brazil,251000.000000
1960,084,BLZ,Belize,900.000000
1960,086,IOT,British Indian Ocean Territory [former],0.000000
1960,090,SLB,Solomon Islands,4000.000000
1960,092,VGB,British Virgin Islands,300.000000
1960,096,BRN,Brunei Darussalam,800.000000
1960,100,BGR,Bulgaria,7800.000000
1960,104,MMR,Myanmar,360000.000000
1960,108,BDI,Burundi,9200.000000
1960,116,KHM,Cambodia,35000.000000
1960,120,CMR,Cameroon,51700.000000
1960,124,CAN,Canada,928067.000000
1960,132,CPV,Cabo Verde,1600.000000
1960,140,CAF,Central African Republic,2000.000000
1960,144,LKA,Sri Lanka,48103.000000
1960,148,TCD,Chad,40000.000000
1960,152,CHL,Chile,346742.000000
1960,156,CHN,China,2215094.000000
1960,158,TWN,Taiwan Province of China,212718.000000
1960,170,COL,Colombia,29800.000000
1960,174,COM,Comoros,817.000000
1960,175,MYT,Mayotte,100.000000
1960,178,COG,Congo,11000.000000
1960,180,COD,Democratic Republic of the Congo,77000.000000
1960,184,COK,Cook Islands,800.000000
1960,188,CRI,Costa Rica,2200.000000
1960,192,CUB,Cuba,31200.000000
1960,196,CYP,Cyprus,500.000000
1960,200,CSK,Czechoslovakia [former],334.000000
1960,204,BEN,Benin,26000.000000
1960,208,DNK,Denmark,568602.000000
1960,212,DMA,Dominica,500.000000
1960,214,DOM,Dominican Republic,1300.000000
1960,218,ECU,Ecuador,44300.000000
1960,222,SLV,El Salvador,7300.000000
1960,226,GNQ,Equatorial Guinea,900.000000
1960,230,,Ethiopia PDR [former],8300.000000
1960,234,FRO,Faroe Islands,109375.000000
1960,238,FLK,Falkland Islands (Malvinas),0.000000
1960,242,FJI,Fiji,3000.000000
1960,246,FIN,Finland,65500.000000
1960,250,FRA,France,650976.000000
1960,254,GUF,French Guiana,400.000000
1960,258,PYF,French Polynesia,2600.000000
1960,260,ATF,French Southern Territories,600.000000
1960,262,DJI,Djibouti,900.000000
1960,266,GAB,Gabon,6000.000000
1960,270,GMB,Gambia,4500.000000
1960,276,DEU,Germany,768100.000000
1960,288,GHA,Ghana,33800.000000
1960,296,KIR,Kiribati,5000.000000
1960,300,GRC,Greece,87100.000000
1960,304,GRL,Greenland,34786.000000
1960,308,GRD,Grenada,300.000000
1960,312,GLP,Guadeloupe,3200.000000
1960,316,GUM,Guam,100.000000
1960,320,GTM,Guatemala,1000.000000
1960,324,GIN,Guinea,4000.000000
1960,328,GUY,Guyana,5700.000000
1960,332,HTI,Haiti,3000.000000
1960,340,HND,Honduras,1700.000000
1960,344,HKG,"China, Hong Kong SAR",49850.000000
1960,348,HUN,Hungary,4900.000000
1960,352,ISL,Iceland,629985.000000
1960,356,IND,India,1116557.000000
1960,360,IDN,Indonesia,681061.000000
1960,364,IRN,Iran (Islamic Republic of),20015.000000
1960,368,IRQ,Iraq,9000.000000
1960,372,IRL,Ireland,40700.000000
1960,376,ISR,Israel,5400.000000
1960,380,ITA,Italy,211684.000000
1960,384,CIV,Côte d'Ivoire,40500.000000
1960,388,JAM,Jamaica,8500.000000
1960,392,JPN,Japan,5925503.000000
1960,400,JOR,Jordan,100.000000
1960,404,KEN,Kenya,12600.000000
1960,408,PRK,Democratic People's Republic of Korea,299190.000000
1960,410,KOR,Republic of Korea,338564.000000
1960,414,KWT,Kuwait,3500.000000
1960,418,LAO,Lao People's Democratic Republic,12000.000000
1960,422,LBN,Lebanon,2100.000000
1960,430,LBR,Liberia,4200.000000
1960,434,LBY,Libya,2013.000000
1960,446,MAC,"China, Macao SAR",5800.000000
1960,450,MDG,Madagascar,29500.000000
1960,454,MWI,Malawi,13600.000000
1960,458,MYS,Malaysia,147800.000000
1960,462,MDV,Maldives,13000.000000
1960,466,MLI,Mali,80000.000000
1960,470,MLT,Malta,1219.000000
1960,474,MTQ,Martinique,3300.000000
1960,478,MRT,Mauritania,20000.000000
1960,480,MUS,Mauritius,2500.000000
1960,484,MEX,Mexico,196413.000000
1960,500,MSR,Montserrat,100.000000
1960,504,MAR,Morocco,167700.000000
1960,508,MOZ,Mozambique,13400.000000
1960,512,OMN,Oman,55000.000000
1960,516,NAM,Namibia,0.000000
1960,524,NPL,Nepal,1300.000000
1960,528,NLD,Netherlands (Kingdom of the),225800.000000
1960,530,ANT,Netherlands Antilles [former],600.000000
1960,533,ABW,Aruba,200.000000
1960,540,NCL,New Caledonia,400.000000
1960,548,VUT,Vanuatu,1400.000000
1960,554,NZL,New Zealand,49489.000000
1960,558,NIC,Nicaragua,4000.000000
1960,562,NER,Niger,3400.000000
1960,566,NGA,Nigeria,56505.000000
1960,578,NOR,Norway,1386242.000000
1960,580,MNP,Northern Mariana Islands,100.000000
1960,583,FSM,Micronesia (Federated States of),400.000000
1960,584,MHL,Marshall Islands,0.000000
1960,586,PAK,Pakistan,76047.000000
1960,591,PAN,Panama,10900.000000
1960,598,PNG,Papua New Guinea,12200.000000
1960,600,PRY,Paraguay,600.000000
1960,604,PER,Peru,3502700.000000
1960,608,PHL,Philippines,437596.000000
1960,616,POL,Poland,175911.000000
1960,620,PRT,Portugal,489781.000000
1960,624,GNB,Guinea-Bissau,700.000000
1960,630,PRI,Puerto Rico,3100.000000
1960,634,QAT,Qatar,800.000000
1960,638,REU,Réunion,1600.000000
1960,642,ROU,Romania,24300.000000
1960,646,RWA,Rwanda,500.000000
1960,654,SHN,"Ascension, Saint Helena and Tristan da Cunha",600.000000
1960,659,KNA,Saint Kitts and Nevis,600.000000
1960,662,LCA,Saint Lucia,600.000000
1960,666,SPM,Saint Pierre and Miquelon,10782.000000
1960,670,VCT,Saint Vincent and the Grenadines,400.000000
1960,678,STP,Sao Tome and Principe,500.000000
1960,682,SAU,Saudi Arabia,10000.000000
1960,686,SEN,Senegal,76200.000000
1960,690,SYC,Seychelles,1800.000000
1960,694,SLE,Sierra Leone,20000.000000
1960,702,SGP,Singapore,9200.000000
1960,704,VNM,Viet Nam,435500.000000
1960,706,SOM,Somalia,4500.000000
1960,710,ZAF,South Africa,879000.000000
1960,716,ZWE,Zimbabwe,1300.000000
1960,724,ESP,Spain,907101.000000
1960,732,ESH,Western Sahara,0.000000
1960,736,,Sudan [former],17100.000000
1960,740,SUR,Suriname,4510.000000
1960,752,SWE,Sweden,249542.000000
1960,756,CHE,Switzerland,2500.000000
1960,760,SYR,Syrian Arab Republic,1500.000000
1960,764,THA,Thailand,199875.000000
1960,768,TGO,Togo,3500.000000
1960,776,TON,Tonga,400.000000
1960,780,TTO,Trinidad and Tobago,2400.000000
1960,784,ARE,United Arab Emirates,30000.000000
1960,788,TUN,Tunisia,16500.000000
1960,792,TUR,Türkiye,87800.000000
1960,796,TCA,Turks and Caicos Islands,830.000000
1960,798,TUV,Tuvalu,0.000000
1960,800,UGA,Uganda,62600.000000
1960,810,SUN,Union of Soviet Socialist Republics [former],3066453.000000
1960,818,EGY,Egypt,83900.000000
1960,826,GBR,United Kingdom of Great Britain and Northern Ireland,1015166.000000
1960,833,IMN,Isle of Man,4900.000000
1960,834,TZA,United Republic of Tanzania,70800.000000
1960,840,USA,United States of America,2714623.000000
1960,850,VIR,United States Virgin Islands,500.000000
1960,854,BFA,Burkina Faso,2000.000000
1960,858,URY,Uruguay,10900.000000
1960,862,VEN,Venezuela (Bolivarian Republic of),84700.000000
1960,882,WSM,Samoa,500.000000
1960,887,YEM,Yemen,22300.000000
1960,890,YUG,Yugoslavia SFR [former],25364.000000
1960,894,ZMB,Zambia,19500.000000
1960,896,,Other NEI,0.000000
1961,004,AFG,Afghanistan,300.000000
1961,008,ALB,Albania,3200.000000
1961,012,DZA,Algeria,30400.000000
1961,016,ASM,American Samoa,0.000000
1961,024,AGO,Angola,246800.000000
1961,028,ATG,Antigua and Barbuda,800.000000
1961,032,ARG,Argentina,101900.000000
1961,036,AUS,Australia,55278.000000
1961,040,AUT,Austria,3540.000000
1961,044,BHS,Bahamas,1500.000000
1961,048,BHR,Bahrain,1500.000000
1961,050,BGD,Bangladesh,400071.000000
1961,052,BRB,Barbados,4600.000000
1961,056,BEL,Belgium,61600.000000
1961,060,BMU,Bermuda,500.000000
1961,064,BTN,Bhutan,100.000000
1961,068,BOL,Bolivia (Plurinational State of),500.000000
1961,072,BWA,Botswana,400.000000
1961,076,BRA,Brazil,275100.000000
1961,084,BLZ,Belize,600.000000
1961,086,IOT,British Indian Ocean Territory [former],0.000000
1961,090,SLB,Solomon Islands,4000.000000
1961,092,VGB,British Virgin Islands,400.000000
1961,096,BRN,Brunei Darussalam,900.000000
1961,100,BGR,Bulgaria,7200.000000
1961,104,MMR,Myanmar,360000.000000
1961,108,BDI,Burundi,5300.000000
1961,116,KHM,Cambodia,45000.000000
1961,120,CMR,Cameroon,56500.000000
1961,124,CAN,Canada,1033880.000000
1961,132,CPV,Cabo Verde,1600.000000
1961,140,CAF,Central African Republic,2000.000000
1961,144,LKA,Sri Lanka,59628.000000
1961,148,TCD,Chad,45000.000000
1961,152,CHL,Chile,440825.000000
1961,156,CHN,China,2395838.000000
1961,158,TWN,Taiwan Province of China,257928.000000
1961,170,COL,Colombia,43300.000000
1961,174,COM,Comoros,817.000000
1961,175,MYT,Mayotte,100.000000
1961,178,COG,Congo,11000.000000
1961,180,COD,Democratic Republic of the Congo,75000.000000
1961,184,COK,Cook Islands,850.000000
1961,188,CRI,Costa Rica,2400.000000
1961,192,CUB,Cuba,30600.000000
1961,196,CYP,Cyprus,400.000000
1961,200,CSK,Czechoslovakia [former],497.000000
1961,204,BEN,Benin,28000.000000
1961,208,DNK,Denmark,629954.000000
1961,212,DMA,Dominica,500.000000
1961,214,DOM,Dominican Republic,1600.000000
1961,218,ECU,Ecuador,38600.000000
1961,222,SLV,El Salvador,8000.000000
1961,226,GNQ,Equatorial Guinea,500.000000
1961,230,,Ethiopia PDR [former],8600.000000
1961,234,FRO,Faroe Islands,120220.000000
1961,238,FLK,Falkland Islands (Malvinas),0.000000
1961,242,FJI,Fiji,3000.000000
1961,246,FIN,Finland,67000.000000
1961,250,FRA,France,674520.000000
1961,254,GUF,French Guiana,600.000000
1961,258,PYF,French Polynesia,2700.000000
1961,260,ATF,French Southern Territories,600.000000
1961,262,DJI,Djibouti,800.000000
1961,266,GAB,Gabon,6500.000000
1961,270,GMB,Gambia,4800.000000
1961,276,DEU,Germany,732000.000000
1961,288,GHA,Ghana,36500.000000
1961,296,KIR,Kiribati,5000.000000
1961,300,GRC,Greece,85100.000000
1961,304,GRL,Greenland,41895.000000
1961,308,GRD,Grenada,500.000000
1961,312,GLP,Guadeloupe,3300.000000
1961,316,GUM,Guam,100.000000
1961,320,GTM,Guatemala,1300.000000
1961,324,GIN,Guinea,4000.000000
1961,328,GUY,Guyana,7400.000000
1961,332,HTI,Haiti,3000.000000
1961,340,HND,Honduras,2550.000000
1961,344,HKG,"China, Hong Kong SAR",54200.000000
1961,348,HUN,Hungary,6800.000000
1961,352,ISL,Iceland,734064.000000
1961,356,IND,India,911641.000000
1961,360,IDN,Indonesia,828628.000000
1961,364,IRN,Iran (Islamic Republic of),20015.000000
1961,368,IRQ,Iraq,9000.000000
1961,372,IRL,Ireland,31200.000000
1961,376,ISR,Israel,5900.000000
1961,380,ITA,Italy,238296.000000
1961,384,CIV,Côte d'Ivoire,42100.000000
1961,388,JAM,Jamaica,11500.000000
1961,392,JPN,Japan,6404993.000000
1961,400,JOR,Jordan,100.000000
1961,404,KEN,Kenya,13500.000000
1961,410,KOR,Republic of Korea,406213.000000
1961,414,KWT,Kuwait,3500.000000
1961,418,LAO,Lao People's Democratic Republic,12000.000000
1961,422,LBN,Lebanon,1900.000000
1961,430,LBR,Liberia,3700.000000
1961,434,LBY,Libya,1700.000000
1961,446,MAC,"China, Macao SAR",5800.000000
1961,450,MDG,Madagascar,30500.000000
1961,454,MWI,Malawi,14300.000000
1961,458,MYS,Malaysia,160100.000000
1961,462,MDV,Maldives,12000.000000
1961,466,MLI,Mali,80000.000000
1961,470,MLT,Malta,1325.000000
1961,474,MTQ,Martinique,3100.000000
1961,478,MRT,Mauritania,22000.000000
1961,480,MUS,Mauritius,2500.000000
1961,484,MEX,Mexico,224801.000000
1961,496,MNG,Mongolia,250.000000
1961,500,MSR,Montserrat,100.000000
1961,504,MAR,Morocco,176681.000000
1961,508,MOZ,Mozambique,12800.000000
1961,512,OMN,Oman,55000.000000
1961,516,NAM,Namibia,0.000000
1961,524,NPL,Nepal,1500.000000
1961,528,NLD,Netherlands (Kingdom of the),260700.000000
1961,530,ANT,Netherlands Antilles [former],600.000000
1961,533,ABW,Aruba,200.000000
1961,540,NCL,New Caledonia,400.000000
1961,548,VUT,Vanuatu,1400.000000
1961,554,NZL,New Zealand,50134.000000
1961,558,NIC,Nicaragua,4000.000000
1961,562,NER,Niger,4200.000000
1961,566,NGA,Nigeria,52837.000000
1961,578,NOR,Norway,1526110.000000
1961,580,MNP,Northern Mariana Islands,150.000000
1961,583,FSM,Micronesia (Federated States of),500.000000
1961,584,MHL,Marshall Islands,0.000000
1961,586,PAK,Pakistan,74226.000000
1961,591,PAN,Panama,11400.000000
1961,598,PNG,Papua New Guinea,12200.000000
1961,600,PRY,Paraguay,600.000000
1961,604,PER,Peru,5216500.000000
1961,608,PHL,Philippines,437548.000000
1961,616,POL,Poland,176822.000000
1961,620,PRT,Portugal,517403.000000
1961,624,GNB,Guinea-Bissau,700.000000
1961,630,PRI,Puerto Rico,3100.000000
1961,634,QAT,Qatar,800.000000
1961,638,REU,Réunion,1600.000000
1961,642,ROU,Romania,24400.000000
1961,646,RWA,Rwanda,500.000000
1961,654,SHN,"Ascension, Saint Helena and Tristan da Cunha",600.000000
1961,659,KNA,Saint Kitts and Nevis,600.000000
1961,662,LCA,Saint Lucia,600.000000
1961,666,SPM,Saint Pierre and Miquelon,13696.000000
1961,670,VCT,Saint Vincent and the Grenadines,400.000000
1961,678,STP,Sao Tome and Principe,700.000000
1961,682,SAU,Saudi Arabia,16200.000000
1961,686,SEN,Senegal,82600.000000
1961,690,SYC,Seychelles,2000.000000
1961,694,SLE,Sierra Leone,22800.000000
1961,702,SGP,Singapore,9700.000000
1961,704,VNM,Viet Nam,433800.000000
1961,706,SOM,Somalia,4500.000000
1961,710,ZAF,South Africa,1036600.000000
1961,716,ZWE,Zimbabwe,1300.000000
1961,724,ESP,Spain,970920.000000
1961,732,ESH,Western Sahara,0.000000
1961,736,,Sudan [former],18000.000000
1961,740,SUR,Suriname,7300.000000
1961,752,SWE,Sweden,268413.000000
1961,756,CHE,Switzerland,2800.000000
1961,760,SYR,Syrian Arab Republic,1600.000000
1961,764,THA,Thailand,274904.000000
1961,768,TGO,Togo,4000.000000
1961,776,TON,Tonga,400.000000
1961,780,TTO,Trinidad and Tobago,2400.000000
1961,784,ARE,United Arab Emirates,30000.000000
1961,788,TUN,Tunisia,21550.000000
1961,792,TUR,Türkiye,81200.000000
1961,796,TCA,Turks and Caicos Islands,830.000000
1961,798,TUV,Tuvalu,0.000000
1961,800,UGA,Uganda,61200.000000
1961,810,SUN,Union of Soviet Socialist Republics [former],3257584.000000
1961,818,EGY,Egypt,86800.000000
1961,826,GBR,United Kingdom of Great Britain and Northern Ireland,953603.000000
1961,833,IMN,Isle of Man,4900.000000
1961,834,TZA,United Republic of Tanzania,73100.000000
1961,840,USA,United States of America,2852004.000000
1961,850,VIR,United States Virgin Islands,500.000000
1961,854,BFA,Burkina Faso,2500.000000
1961,858,URY,Uruguay,10500.000000
1961,862,VEN,Venezuela (Bolivarian Republic of),84920.000000
1961,882,WSM,Samoa,600.000000
1961,887,YEM,Yemen,22000.000000
1961,890,YUG,Yugoslavia SFR [former],29764.000000
1961,894,ZMB,Zambia,20400.000000
1961,896,,Other NEI,0.000000
1962,004,AFG,Afghanistan,300.000000
1962,008,ALB,Albania,2800.000000
1962,012,DZA,Algeria,21500.000000
1962,016,ASM,American Samoa,0.000000
1962,024,AGO,Angola,274800.000000
1962,028,ATG,Antigua and Barbuda,800.000000
1962,032,ARG,Argentina,101306.000000
1962,036,AUS,Australia,61336.000000
1962,040,AUT,Austria,3830.000000
1962,044,BHS,Bahamas,1600.000000
1962,048,BHR,Bahrain,1500.000000
1962,050,BGD,Bangladesh,448776.000000
1962,052,BRB,Barbados,4700.000000
1962,056,BEL,Belgium,59900.000000
1962,060,BMU,Bermuda,400.000000
1962,064,BTN,Bhutan,100.000000
1962,068,BOL,Bolivia (Plurinational State of),1300.000000
1962,072,BWA,Botswana,500.000000
1962,076,BRA,Brazil,379400.000000
1962,084,BLZ,Belize,800.000000
1962,086,IOT,British Indian Ocean Territory [former],0.000000
1962,090,SLB,Solomon Islands,5000.000000
1962,092,VGB,British Virgin Islands,400.000000
1962,096,BRN,Brunei Darussalam,900.000000
1962,100,BGR,Bulgaria,8600.000000
1962,104,MMR,Myanmar,360000.000000
1962,108,BDI,Burundi,7200.000000
1962,116,KHM,Cambodia,45000.000000
1962,120,CMR,Cameroon,58100.000000
1962,124,CAN,Canada,1120287.000000
1962,132,CPV,Cabo Verde,1500.000000
1962,140,CAF,Central African Republic,2000.000000
1962,144,LKA,Sri Lanka,73471.000000
1962,148,TCD,Chad,45000.000000
1962,152,CHL,Chile,643607.000000
1962,156,CHN,China,2539279.000000
1962,158,TWN,Taiwan Province of China,284971.000000
1962,170,COL,Colombia,52000.000000
1962,174,COM,Comoros,917.000000
1962,175,MYT,Mayotte,100.000000
1962,178,COG,Congo,12600.000000
1962,180,COD,Democratic Republic of the Congo,77000.000000
1962,184,COK,Cook Islands,850.000000
1962,188,CRI,Costa Rica,2500.000000
1962,192,CUB,Cuba,35000.000000
1962,196,CYP,Cyprus,600.000000
1962,200,CSK,Czechoslovakia [former],486.000000
1962,204,BEN,Benin,30000.000000
1962,208,DNK,Denmark,777402.000000
1962,212,DMA,Dominica,600.000000
1962,214,DOM,Dominican Republic,1700.000000
1962,218,ECU,Ecuador,42500.000000
1962,222,SLV,El Salvador,8200.000000
1962,226,GNQ,Equatorial Guinea,800.000000
1962,230,,Ethiopia PDR [former],9100.000000
1962,234,FRO,Faroe Islands,144252.000000
1962,238,FLK,Falkland Islands (Malvinas),0.000000
1962,242,FJI,Fiji,3000.000000
1962,246,FIN,Finland,64900.000000
1962,250,FRA,France,653611.000000
1962,254,GUF,French Guiana,600.000000
1962,258,PYF,French Polynesia,3000.000000
1962,260,ATF,French Southern Territories,600.000000
1962,262,DJI,Djibouti,900.000000
1962,266,GAB,Gabon,7000.000000
1962,270,GMB,Gambia,5300.000000
1962,276,DEU,Germany,769900.000000
1962,288,GHA,Ghana,45700.000000
1962,296,KIR,Kiribati,6000.000000
1962,300,GRC,Greece,80100.000000
1962,304,GRL,Greenland,43308.000000
1962,308,GRD,Grenada,900.000000
1962,312,GLP,Guadeloupe,3000.000000
1962,316,GUM,Guam,100.000000
1962,320,GTM,Guatemala,2100.000000
1962,324,GIN,Guinea,4000.000000
1962,328,GUY,Guyana,7900.000000
1962,332,HTI,Haiti,3000.000000
1962,340,HND,Honduras,2550.000000
1962,344,HKG,"China, Hong Kong SAR",58790.000000
1962,348,HUN,Hungary,7250.000000
1962,352,ISL,Iceland,847335.000000
1962,356,IND,India,919532.000000
1962,360,IDN,Indonesia,857937.000000
1962,364,IRN,Iran (Islamic Republic of),20015.000000
1962,368,IRQ,Iraq,9000.000000
1962,372,IRL,Ireland,28500.000000
1962,376,ISR,Israel,7400.000000
1962,380,ITA,Italy,214493.000000
1962,384,CIV,Côte d'Ivoire,43600.000000
1962,388,JAM,Jamaica,11900.000000
1962,392,JPN,Japan,6519928.000000
1962,400,JOR,Jordan,200.000000
1962,404,KEN,Kenya,18400.000000
1962,410,KOR,Republic of Korea,443999.000000
1962,414,KWT,Kuwait,3500.000000
1962,418,LAO,Lao People's Democratic Republic,15000.000000
1962,422,LBN,Lebanon,2000.000000
1962,430,LBR,Liberia,4000.000000
1962,434,LBY,Libya,1500.000000
1962,446,MAC,"China, Macao SAR",5800.000000
1962,450,MDG,Madagascar,32000.000000
1962,454,MWI,Malawi,19500.000000
1962,458,MYS,Malaysia,179877.000000
1962,462,MDV,Maldives,12000.000000
1962,466,MLI,Mali,90000.000000
1962,470,MLT,Malta,1322.000000
1962,474,MTQ,Martinique,2900.000000
1962,478,MRT,Mauritania,23000.000000
1962,480,MUS,Mauritius,2800.000000
1962,484,MEX,Mexico,220180.000000
1962,496,MNG,Mongolia,250.000000
1962,500,MSR,Montserrat,100.000000
1962,504,MAR,Morocco,171949.000000
1962,508,MOZ,Mozambique,12800.000000
1962,512,OMN,Oman,60000.000000
1962,516,NAM,Namibia,0.000000
1962,524,NPL,Nepal,1500.000000
1962,528,NLD,Netherlands (Kingdom of the),224700.000000
1962,530,ANT,Netherlands Antilles [former],600.000000
1962,533,ABW,Aruba,300.000000
1962,540,NCL,New Caledonia,800.000000
1962,548,VUT,Vanuatu,1400.000000
1962,554,NZL,New Zealand,47215.000000
1962,558,NIC,Nicaragua,4000.000000
1962,562,NER,Niger,6000.000000
1962,566,NGA,Nigeria,62869.000000
1962,578,NOR,Norway,1321110.000000
1962,580,MNP,Northern Mariana Islands,150.000000
1962,583,FSM,Micronesia (Federated States of),500.000000
1962,584,MHL,Marshall Islands,0.000000
1962,586,PAK,Pakistan,73567.000000
1962,591,PAN,Panama,15200.000000
1962,598,PNG,Papua New Guinea,13100.000000
1962,600,PRY,Paraguay,600.000000
1962,604,PER,Peru,6884300.000000
1962,608,PHL,Philippines,467367.000000
1962,616,POL,Poland,173016.000000
1962,620,PRT,Portugal,533385.000000
1962,624,GNB,Guinea-Bissau,600.000000
1962,630,PRI,Puerto Rico,3300.000000
1962,634,QAT,Qatar,1000.000000
1962,638,REU,Réunion,1500.000000
1962,642,ROU,Romania,19700.000000
1962,646,RWA,Rwanda,500.000000
1962,654,SHN,"Ascension, Saint Helena and Tristan da Cunha",600.000000
1962,659,KNA,Saint Kitts and Nevis,600.000000
1962,662,LCA,Saint Lucia,600.000000
1962,666,SPM,Saint Pierre and Miquelon,8208.000000
1962,670,VCT,Saint Vincent and the Grenadines,400.000000
1962,678,STP,Sao Tome and Principe,600.000000
1962,682,SAU,Saudi Arabia,18300.000000
1962,686,SEN,Senegal,85900.000000
1962,690,SYC,Seychelles,2000.000000
1962,694,SLE,Sierra Leone,26000.000000
1962,702,SGP,Singapore,11500.000000
1962,704,VNM,Viet Nam,501940.000000
1962,706,SOM,Somalia,4500.000000
1962,710,ZAF,South Africa,1088300.000000
1962,716,ZWE,Zimbabwe,1300.000000
1962,724,ESP,Spain,993406.000000
1962,732,ESH,Western Sahara,0.000000
1962,736,,Sudan [former],19500.000000
1962,740,SUR,Suriname,5350.000000
1962,752,SWE,Sweden,293900.000000
1962,756,CHE,Switzerland,2800.000000
1962,760,SYR,Syrian Arab Republic,1600.000000
1962,764,THA,Thailand,309267.000000
1962,768,TGO,Togo,4300.000000
1962,776,TON,Tonga,400.000000
1962,780,TTO,Trinidad and Tobago,2400.000000
1962,784,ARE,United Arab Emirates,35000.000000
1962,788,TUN,Tunisia,20804.000000
1962,792,TUR,Türkiye,60100.000000
1962,796,TCA,Turks and Caicos Islands,1360.000000
1962,798,TUV,Tuvalu,0.000000
1962,800,UGA,Uganda,64500.000000
1962,810,SUN,Union of Soviet Socialist Republics [former],3651129.000000
1962,818,EGY,Egypt,112800.000000
1962,826,GBR,United Kingdom of Great Britain and Northern Ireland,1003963.000000
1962,833,IMN,Isle of Man,4500.000000
1962,834,TZA,United Republic of Tanzania,73300.000000
1962,840,USA,United States of America,2897963.000000
1962,850,VIR,United States Virgin Islands,500.000000
1962,854,BFA,Burkina Faso,2500.000000
1962,858,URY,Uruguay,7700.000000
1962,862,VEN,Venezuela (Bolivarian Republic of),94916.000000
1962,882,WSM,Samoa,600.000000
1962,887,YEM,Yemen,22000.000000
1962,890,YUG,Yugoslavia SFR [former],23272.000000
1962,894,ZMB,Zambia,22200.000000
1962,896,,Other NEI,0.000000
1963,004,AFG,Afghanistan,300.000000
1963,008,ALB,Albania,3000.000000
1963,012,DZA,Algeria,16900.000000
1963,016,ASM,American Samoa,0.000000
1963,024,AGO,Angola,245300.000000
1963,028,ATG,Antigua and Barbuda,800.000000
1963,032,ARG,Argentina,130571.000000
1963,036,AUS,Australia,67099.000000
1963,040,AUT,Austria,4000.000000
1963,044,BHS,Bahamas,1700.000000
1963,048,BHR,Bahrain,1800.000000
1963,050,BGD,Bangladesh,447448.000000
1963,052,BRB,Barbados,2800.000000
1963,056,BEL,Belgium,62000.000000
1963,060,BMU,Bermuda,400.000000
1963,064,BTN,Bhutan,150.000000
1963,068,BOL,Bolivia (Plurinational State of),1400.000000
1963,072,BWA,Botswana,500.000000
1963,076,BRA,Brazil,335588.000000
1963,084,BLZ,Belize,900.000000
1963,086,IOT,British Indian Ocean Territory [former],0.000000
1963,090,SLB,Solomon Islands,5000.000000
1963,092,VGB,British Virgin Islands,400.000000
1963,096,BRN,Brunei Darussalam,1000.000000
1963,100,BGR,Bulgaria,6700.000000
1963,104,MMR,Myanmar,360000.000000
1963,108,BDI,Burundi,10600.000000
1963,116,KHM,Cambodia,40000.000000
1963,120,CMR,Cameroon,59400.000000
1963,124,CAN,Canada,1209942.000000
1963,132,CPV,Cabo Verde,2000.000000
1963,140,CAF,Central African Republic,2500.000000
1963,144,LKA,Sri Lanka,71614.000000
1963,148,TCD,Chad,45000.000000
1963,152,CHL,Chile,773791.000000
1963,156,CHN,China,2491069.000000
1963,158,TWN,Taiwan Province of China,303420.000000
1963,170,COL,Colombia,47700.000000
1963,174,COM,Comoros,917.000000
1963,175,MYT,Mayotte,100.000000
1963,178,COG,Congo,12500.000000
1963,180,COD,Democratic Republic of the Congo,69500.000000
1963,184,COK,Cook Islands,800.000000
1963,188,CRI,Costa Rica,2400.000000
1963,192,CUB,Cuba,35612.000000
1963,196,CYP,Cyprus,600.000000
1963,200,CSK,Czechoslovakia [former],414.000000
1963,204,BEN,Benin,25000.000000
1963,208,DNK,Denmark,840080.000000
1963,212,DMA,Dominica,600.000000
1963,214,DOM,Dominican Republic,3200.000000
1963,218,ECU,Ecuador,49700.000000
1963,222,SLV,El Salvador,8400.000000
1963,226,GNQ,Equatorial Guinea,1000.000000
1963,230,,Ethiopia PDR [former],9600.000000
1963,234,FRO,Faroe Islands,137830.000000
1963,238,FLK,Falkland Islands (Malvinas),0.000000
1963,242,FJI,Fiji,3200.000000
1963,246,FIN,Finland,80500.000000
1963,250,FRA,France,688599.000000
1963,254,GUF,French Guiana,600.000000
1963,258,PYF,French Polynesia,2500.000000
1963,260,ATF,French Southern Territories,800.000000
1963,262,DJI,Djibouti,1000.000000
1963,266,GAB,Gabon,7000.000000
1963,270,GMB,Gambia,5300.000000
1963,276,DEU,Germany,824900.000000
1963,288,GHA,Ghana,59800.000000
1963,296,KIR,Kiribati,6000.000000
1963,300,GRC,Greece,80100.000000
1963,304,GRL,Greenland,33317.000000
1963,308,GRD,Grenada,700.000000
1963,312,GLP,Guadeloupe,3200.000000
1963,316,GUM,Guam,100.000000
1963,320,GTM,Guatemala,2500.000000
1963,324,GIN,Guinea,4000.000000
1963,328,GUY,Guyana,9200.000000
1963,332,HTI,Haiti,3100.000000
1963,340,HND,Honduras,2550.000000
1963,344,HKG,"China, Hong Kong SAR",60300.000000
1963,348,HUN,Hungary,6850.000000
1963,352,ISL,Iceland,797444.000000
1963,356,IND,India,985873.000000
1963,360,IDN,Indonesia,850976.000000
1963,364,IRN,Iran (Islamic Republic of),18015.000000
1963,368,IRQ,Iraq,11300.000000
1963,372,IRL,Ireland,26500.000000
1963,376,ISR,Israel,7000.000000
1963,380,ITA,Italy,224013.000000
1963,384,CIV,Côte d'Ivoire,45600.000000
1963,388,JAM,Jamaica,10000.000000
1963,392,JPN,Japan,6325257.000000
1963,400,JOR,Jordan,200.000000
1963,404,KEN,Kenya,20100.000000
1963,410,KOR,Republic of Korea,449822.000000
1963,414,KWT,Kuwait,3500.000000
1963,418,LAO,Lao People's Democratic Republic,14984.000000
1963,422,LBN,Lebanon,2200.000000
1963,430,LBR,Liberia,4000.000000
1963,434,LBY,Libya,1400.000000
1963,446,MAC,"China, Macao SAR",5500.000000
1963,450,MDG,Madagascar,37400.000000
1963,454,MWI,Malawi,21700.000000
1963,458,MYS,Malaysia,198200.000000
1963,462,MDV,Maldives,12000.000000
1963,466,MLI,Mali,90000.000000
1963,470,MLT,Malta,1634.000000
1963,474,MTQ,Martinique,2500.000000
1963,478,MRT,Mauritania,23000.000000
1963,480,MUS,Mauritius,2800.000000
1963,484,MEX,Mexico,245480.000000
1963,496,MNG,Mongolia,280.000000
1963,500,MSR,Montserrat,100.000000
1963,504,MAR,Morocco,180535.000000
1963,508,MOZ,Mozambique,13500.000000
1963,512,OMN,Oman,60000.000000
1963,516,NAM,Namibia,0.000000
1963,520,NRU,Nauru,100.000000
1963,524,NPL,Nepal,1500.000000
1963,528,NLD,Netherlands (Kingdom of the),271300.000000
1963,530,ANT,Netherlands Antilles [former],700.000000
1963,533,ABW,Aruba,300.000000
1963,540,NCL,New Caledonia,1200.000000
1963,548,VUT,Vanuatu,1500.000000
1963,554,NZL,New Zealand,48146.000000
1963,558,NIC,Nicaragua,5000.000000
1963,562,NER,Niger,9000.000000
1963,566,NGA,Nigeria,63703.000000
1963,578,NOR,Norway,1387712.000000
1963,580,MNP,Northern Mariana Islands,150.000000
1963,583,FSM,Micronesia (Federated States of),600.000000
1963,584,MHL,Marshall Islands,0.000000
1963,586,PAK,Pakistan,84123.000000
1963,591,PAN,Panama,14000.000000
1963,598,PNG,Papua New Guinea,15200.000000
1963,600,PRY,Paraguay,700.000000
1963,604,PER,Peru,6822000.000000
1963,608,PHL,Philippines,528408.000000
1963,616,POL,Poland,217937.000000
1963,620,PRT,Portugal,558368.000000
1963,624,GNB,Guinea-Bissau,600.000000
1963,630,PRI,Puerto Rico,3300.000000
1963,634,QAT,Qatar,1000.000000
1963,638,REU,Réunion,1700.000000
1963,642,ROU,Romania,22600.000000
1963,646,RWA,Rwanda,500.000000
1963,654,SHN,"Ascension, Saint Helena and Tristan da Cunha",600.000000
1963,659,KNA,Saint Kitts and Nevis,700.000000
1963,662,LCA,Saint Lucia,600.000000
1963,666,SPM,Saint Pierre and Miquelon,8278.000000
1963,670,VCT,Saint Vincent and the Grenadines,500.000000
1963,678,STP,Sao Tome and Principe,500.000000
1963,682,SAU,Saudi Arabia,19600.000000
1963,686,SEN,Senegal,87500.000000
1963,690,SYC,Seychelles,2000.000000
1963,694,SLE,Sierra Leone,28100.000000
1963,702,SGP,Singapore,12500.000000
1963,704,VNM,Viet Nam,584190.000000
1963,706,SOM,Somalia,4500.000000
1963,710,ZAF,South Africa,1195114.000000
1963,716,ZWE,Zimbabwe,1300.000000
1963,724,ESP,Spain,993455.100000
1963,732,ESH,Western Sahara,0.000000
1963,736,,Sudan [former],19900.000000
1963,740,SUR,Suriname,5550.000000
1963,752,SWE,Sweden,341800.000000
1963,756,CHE,Switzerland,3300.000000
1963,760,SYR,Syrian Arab Republic,1600.000000
1963,764,THA,Thailand,391380.000000
1963,768,TGO,Togo,4500.000000
1963,776,TON,Tonga,400.000000
1963,780,TTO,Trinidad and Tobago,2400.000000
1963,784,ARE,United Arab Emirates,35000.000000
1963,788,TUN,Tunisia,26060.000000
1963,792,TUR,Türkiye,130300.000000
1963,796,TCA,Turks and Caicos Islands,1460.000000
1963,798,TUV,Tuvalu,0.000000
1963,800,UGA,Uganda,69600.000000
1963,810,SUN,Union of Soviet Socialist Republics [former],3999099.000000
1963,818,EGY,Egypt,109000.000000
1963,826,GBR,United Kingdom of Great Britain and Northern Ireland,1007369.000000
1963,833,IMN,Isle of Man,4000.000000
1963,834,TZA,United Republic of Tanzania,79000.000000
1963,840,USA,United States of America,2655052.000000
1963,850,VIR,United States Virgin Islands,500.000000
1963,854,BFA,Burkina Faso,3000.000000
1963,858,URY,Uruguay,8100.000000
1963,862,VEN,Venezuela (Bolivarian Republic of),97307.000000
1963,882,WSM,Samoa,600.000000
1963,887,YEM,Yemen,22000.000000
1963,890,YUG,Yugoslavia SFR [former],26994.000000
1963,894,ZMB,Zambia,40100.000000
1963,896,,Other NEI,4.000000
1964,004,AFG,Afghanistan,300.000000
1964,008,ALB,Albania,3000.000000
1964,012,DZA,Algeria,17300.000000
1964,016,ASM,American Samoa,0.000000
1964,024,AGO,Angola,362000.000000
1964,028,ATG,Antigua and Barbuda,700.000000
1964,032,ARG,Argentina,168604.000000
1964,036,AUS,Australia,67532.000000
1964,040,AUT,Austria,4220.000000
1964,044,BHS,Bahamas,1900.000000
1964,048,BHR,Bahrain,1800.000000
1964,050,BGD,Bangladesh,496086.000000
1964,052,BRB,Barbados,2100.000000
1964,056,BEL,Belgium,59500.000000
1964,060,BMU,Bermuda,450.000000
1964,064,BTN,Bhutan,150.000000
1964,068,BOL,Bolivia (Plurinational State of),1900.000000
1964,072,BWA,Botswana,500.000000
1964,076,BRA,Brazil,368976.000000
1964,084,BLZ,Belize,900.000000
1964,086,IOT,British Indian Ocean Territory [former],0.000000
1964,090,SLB,Solomon Islands,5300.000000
1964,092,VGB,British Virgin Islands,400.000000
1964,096,BRN,Brunei Darussalam,1000.000000
1964,100,BGR,Bulgaria,9600.000000
1964,104,MMR,Myanmar,360000.000000
1964,108,BDI,Burundi,9700.000000
1964,116,KHM,Cambodia,40000.000000
1964,120,CMR,Cameroon,59800.000000
1964,124,CAN,Canada,1210086.000000
1964,132,CPV,Cabo Verde,2500.000000
1964,140,CAF,Central African Republic,2500.000000
1964,144,LKA,Sri Lanka,91125.000000
1964,148,TCD,Chad,50000.000000
1964,152,CHL,Chile,1176009.000000
1964,156,CHN,China,2466117.000000
1964,158,TWN,Taiwan Province of China,323450.000000
1964,170,COL,Colombia,50300.000000
1964,174,COM,Comoros,917.000000
1964,175,MYT,Mayotte,100.000000
1964,178,COG,Congo,13600.000000
1964,180,COD,Democratic Republic of the Congo,75000.000000
1964,184,COK,Cook Islands,800.000000
1964,188,CRI,Costa Rica,3600.000000
1964,192,CUB,Cuba,37165.000000
1964,196,CYP,Cyprus,600.000000
1964,200,CSK,Czechoslovakia [former],433.000000
1964,204,BEN,Benin,26000.000000
1964,208,DNK,Denmark,862798.000000
1964,212,DMA,Dominica,600.000000
1964,214,DOM,Dominican Republic,4200.000000
1964,218,ECU,Ecuador,46300.000000
1964,222,SLV,El Salvador,9200.000000
1964,226,GNQ,Equatorial Guinea,1000.000000
1964,230,,Ethiopia PDR [former],12000.000000
1964,234,FRO,Faroe Islands,138990.000000
1964,238,FLK,Falkland Islands (Malvinas),0.000000
1964,242,FJI,Fiji,3400.000000
1964,246,FIN,Finland,62900.000000
1964,250,FRA,France,708630.000000
1964,254,GUF,French Guiana,700.000000
1964,258,PYF,French Polynesia,2500.000000
1964,260,ATF,French Southern Territories,900.000000
1964,262,DJI,Djibouti,300.000000
1964,266,GAB,Gabon,7000.000000
1964,270,GMB,Gambia,5300.000000
1964,276,DEU,Germany,836200.000000
1964,288,GHA,Ghana,76600.000000
1964,296,KIR,Kiribati,6000.000000
1964,300,GRC,Greece,83600.000000
1964,304,GRL,Greenland,38248.000000
1964,308,GRD,Grenada,1100.000000
1964,312,GLP,Guadeloupe,3300.000000
1964,316,GUM,Guam,100.000000
1964,320,GTM,Guatemala,2700.000000
1964,324,GIN,Guinea,5000.000000
1964,328,GUY,Guyana,10400.000000
1964,332,HTI,Haiti,3300.000000
1964,340,HND,Honduras,3400.000000
1964,344,HKG,"China, Hong Kong SAR",62430.000000
1964,348,HUN,Hungary,6600.000000
1964,352,ISL,Iceland,989173.000000
1964,356,IND,India,1255504.000000
1964,360,IDN,Indonesia,910852.000000
1964,364,IRN,Iran (Islamic Republic of),18013.000000
1964,368,IRQ,Iraq,19200.000000
1964,372,IRL,Ireland,30900.000000
1964,376,ISR,Israel,7700.000000
1964,380,ITA,Italy,314312.000000
1964,384,CIV,Côte d'Ivoire,54600.000000
1964,388,JAM,Jamaica,10000.000000
1964,392,JPN,Japan,6001440.000000
1964,400,JOR,Jordan,200.000000
1964,404,KEN,Kenya,20700.000000
1964,410,KOR,Republic of Korea,525454.000000
1964,414,KWT,Kuwait,4000.000000
1964,418,LAO,Lao People's Democratic Republic,14976.000000
1964,422,LBN,Lebanon,2000.000000
1964,430,LBR,Liberia,4000.000000
1964,434,LBY,Libya,1600.000000
1964,446,MAC,"China, Macao SAR",5800.000000
1964,450,MDG,Madagascar,46000.000000
1964,454,MWI,Malawi,21200.000000
1964,458,MYS,Malaysia,192300.000000
1964,462,MDV,Maldives,12000.000000
1964,466,MLI,Mali,90000.000000
1964,470,MLT,Malta,1420.000000
1964,474,MTQ,Martinique,3300.000000
1964,478,MRT,Mauritania,23000.000000
1964,480,MUS,Mauritius,2800.000000
1964,484,MEX,Mexico,250020.000000
1964,496,MNG,Mongolia,280.000000
1964,500,MSR,Montserrat,100.000000
1964,504,MAR,Morocco,208582.000000
1964,508,MOZ,Mozambique,13900.000000
1964,512,OMN,Oman,60000.000000
1964,516,NAM,Namibia,0.000000
1964,520,NRU,Nauru,100.000000
1964,524,NPL,Nepal,1600.000000
1964,528,NLD,Netherlands (Kingdom of the),272300.000000
1964,530,ANT,Netherlands Antilles [former],700.000000
1964,533,ABW,Aruba,300.000000
1964,540,NCL,New Caledonia,1000.000000
1964,548,VUT,Vanuatu,1500.000000
1964,554,NZL,New Zealand,42657.000000
1964,558,NIC,Nicaragua,5000.000000
1964,562,NER,Niger,6300.000000
1964,566,NGA,Nigeria,82740.000000
1964,578,NOR,Norway,1607390.000000
1964,580,MNP,Northern Mariana Islands,150.000000
1964,583,FSM,Micronesia (Federated States of),600.000000
1964,584,MHL,Marshall Islands,0.000000
1964,585,PLW,Palau,1166.000000
1964,586,PAK,Pakistan,97088.000000
1964,591,PAN,Panama,25800.000000
1964,598,PNG,Papua New Guinea,15200.000000
1964,600,PRY,Paraguay,700.000000
1964,604,PER,Peru,9037700.000000
1964,608,PHL,Philippines,582491.000000
1964,616,POL,Poland,254341.000000
1964,620,PRT,Portugal,601929.000000
1964,624,GNB,Guinea-Bissau,800.000000
1964,630,PRI,Puerto Rico,2900.000000
1964,634,QAT,Qatar,1000.000000
1964,638,REU,Réunion,1900.000000
1964,642,ROU,Romania,19990.000000
1964,646,RWA,Rwanda,700.000000
1964,654,SHN,"Ascension, Saint Helena and Tristan da Cunha",600.000000
1964,659,KNA,Saint Kitts and Nevis,700.000000
1964,662,LCA,Saint Lucia,800.000000
1964,666,SPM,Saint Pierre and Miquelon,8954.000000
1964,670,VCT,Saint Vincent and the Grenadines,500.000000
1964,678,STP,Sao Tome and Principe,800.000000
1964,682,SAU,Saudi Arabia,17700.000000
1964,686,SEN,Senegal,97600.000000
1964,690,SYC,Seychelles,2000.000000
1964,694,SLE,Sierra Leone,29900.000000
1964,702,SGP,Singapore,10400.000000
1964,704,VNM,Viet Nam,599970.000000
1964,706,SOM,Somalia,4500.000000
1964,710,ZAF,South Africa,1253206.000000
1964,716,ZWE,Zimbabwe,1900.000000
1964,724,ESP,Spain,1068109.100000
1964,732,ESH,Western Sahara,0.000000
1964,736,,Sudan [former],20100.000000
1964,740,SUR,Suriname,5910.000000
1964,752,SWE,Sweden,377298.000000
1964,756,CHE,Switzerland,2800.000000
1964,760,SYR,Syrian Arab Republic,1600.000000
1964,764,THA,Thailand,549576.000000
1964,768,TGO,Togo,5000.000000
1964,776,TON,Tonga,400.000000
1964,780,TTO,Trinidad and Tobago,2400.000000
1964,784,ARE,United Arab Emirates,35000.000000
1964,788,TUN,Tunisia,21676.000000
1964,792,TUR,Türkiye,121000.000000
1964,796,TCA,Turks and Caicos Islands,1460.000000
1964,798,TUV,Tuvalu,0.000000
1964,800,UGA,Uganda,70500.000000
1964,810,SUN,Union of Soviet Socialist Republics [former],4518601.000000
1964,818,EGY,Egypt,128000.000000
1964,826,GBR,United Kingdom of Great Britain and Northern Ireland,1034141.000000
1964,833,IMN,Isle of Man,3600.000000
1964,834,TZA,United Republic of Tanzania,103000.000000
1964,840,USA,United States of America,2519951.000000
1964,850,VIR,United States Virgin Islands,500.000000
1964,854,BFA,Burkina Faso,3500.000000
1964,858,URY,Uruguay,12200.000000
1964,862,VEN,Venezuela (Bolivarian Republic of),110611.000000
1964,882,WSM,Samoa,600.000000
1964,887,YEM,Yemen,25000.000000
1964,890,YUG,Yugoslavia SFR [former],31413.000000
1964,894,ZMB,Zambia,42300.000000
1964,896,,Other NEI,8.000000
1965,004,AFG,Afghanistan,300.000000
1965,008,ALB,Albania,4000.000000
1965,012,DZA,Algeria,18300.000000
1965,016,ASM,American Samoa,0.000000
1965,024,AGO,Angola,263300.000000
1965,028,ATG,Antigua and Barbuda,800.000000
1965,032,ARG,Argentina,205000.000000
1965,036,AUS,Australia,77276.000000
1965,040,AUT,Austria,4370.000000
1965,044,BHS,Bahamas,2950.000000
1965,048,BHR,Bahrain,2000.000000
1965,050,BGD,Bangladesh,543000.000000
1965,052,BRB,Barbados,2600.000000
1965,056,BEL,Belgium,59700.000000
1965,060,BMU,Bermuda,450.000000
1965,064,BTN,Bhutan,150.000000
1965,068,BOL,Bolivia (Plurinational State of),1800.000000
1965,072,BWA,Botswana,500.000000
1965,076,BRA,Brazil,388912.000000
1965,084,BLZ,Belize,800.000000
1965,086,IOT,British Indian Ocean Territory [former],0.000000
1965,090,SLB,Solomon Islands,5300.000000
1965,092,VGB,British Virgin Islands,400.000000
1965,096,BRN,Brunei Darussalam,1100.000000
1965,100,BGR,Bulgaria,16083.000000
1965,104,MMR,Myanmar,360000.000000
1965,108,BDI,Burundi,20200.000000
1965,116,KHM,Cambodia,45000.000000
1965,120,CMR,Cameroon,61100.000000
1965,124,CAN,Canada,1239471.000000
1965,132,CPV,Cabo Verde,3500.000000
1965,140,CAF,Central African Republic,3000.000000
1965,144,LKA,Sri Lanka,74632.000000
1965,148,TCD,Chad,55000.000000
1965,152,CHL,Chile,729157.000000
1965,156,CHN,China,2530460.000000
1965,158,TWN,Taiwan Province of China,333212.000000
1965,170,COL,Colombia,53500.000000
1965,174,COM,Comoros,917.000000
1965,175,MYT,Mayotte,200.000000
1965,178,COG,Congo,14000.000000
1965,180,COD,Democratic Republic of the Congo,81000.000000
1965,184,COK,Cook Islands,850.000000
1965,188,CRI,Costa Rica,3400.000000
1965,192,CUB,Cuba,41080.000000
1965,196,CYP,Cyprus,1006.000000
1965,200,CSK,Czechoslovakia [former],675.000000
1965,204,BEN,Benin,20000.000000
1965,208,DNK,Denmark,830021.000000
1965,212,DMA,Dominica,500.000000
1965,214,DOM,Dominican Republic,4100.000000
1965,218,ECU,Ecuador,53500.000000
1965,222,SLV,El Salvador,9600.000000
1965,226,GNQ,Equatorial Guinea,600.000000
1965,230,,Ethiopia PDR [former],15900.000000
1965,234,FRO,Faroe Islands,144686.000000
1965,238,FLK,Falkland Islands (Malvinas),0.000000
1965,242,FJI,Fiji,3500.000000
1965,246,FIN,Finland,73200.000000
1965,250,FRA,France,744649.000000
1965,254,GUF,French Guiana,600.000000
1965,258,PYF,French Polynesia,1900.000000
1965,260,ATF,French Southern Territories,800.000000
1965,262,DJI,Djibouti,300.000000
1965,266,GAB,Gabon,8000.000000
1965,270,GMB,Gambia,6200.000000
1965,276,DEU,Germany,850200.000000
1965,288,GHA,Ghana,76500.000000
1965,296,KIR,Kiribati,6000.000000
1965,300,GRC,Greece,89700.000000
1965,304,GRL,Greenland,40643.000000
1965,308,GRD,Grenada,1300.000000
1965,312,GLP,Guadeloupe,3100.000000
1965,316,GUM,Guam,100.000000
1965,320,GTM,Guatemala,2100.000000
1965,324,GIN,Guinea,5000.000000
1965,328,GUY,Guyana,12000.000000
1965,332,HTI,Haiti,3400.000000
1965,340,HND,Honduras,4050.000000
1965,344,HKG,"China, Hong Kong SAR",65581.000000
1965,348,HUN,Hungary,7520.000000
1965,352,ISL,Iceland,1217833.000000
1965,356,IND,India,1258353.000000
1965,360,IDN,Indonesia,980902.000000
1965,364,IRN,Iran (Islamic Republic of),20014.000000
1965,368,IRQ,Iraq,16800.000000
1965,372,IRL,Ireland,34600.000000
1965,376,ISR,Israel,8900.000000
1965,380,ITA,Italy,342017.000000
1965,384,CIV,Côte d'Ivoire,59500.000000
1965,388,JAM,Jamaica,9000.000000
1965,392,JPN,Japan,6539879.000000
1965,400,JOR,Jordan,200.000000
1965,404,KEN,Kenya,23400.000000
1965,410,KOR,Republic of Korea,565283.000000
1965,414,KWT,Kuwait,4000.000000
1965,418,LAO,Lao People's Democratic Republic,14968.000000
1965,422,LBN,Lebanon,2300.000000
1965,430,LBR,Liberia,4500.000000
1965,434,LBY,Libya,2924.000000
1965,446,MAC,"China, Macao SAR",7000.000000
1965,450,MDG,Madagascar,45300.000000
1965,454,MWI,Malawi,33900.000000
1965,458,MYS,Malaysia,208500.000000
1965,462,MDV,Maldives,19600.000000
1965,466,MLI,Mali,90000.000000
1965,470,MLT,Malta,1228.000000
1965,474,MTQ,Martinique,3400.000000
1965,478,MRT,Mauritania,25000.000000
1965,480,MUS,Mauritius,3000.000000
1965,484,MEX,Mexico,259620.000000
1965,496,MNG,Mongolia,290.000000
1965,500,MSR,Montserrat,100.000000
1965,504,MAR,Morocco,225486.000000
1965,508,MOZ,Mozambique,16200.000000
1965,512,OMN,Oman,65000.000000
1965,516,NAM,Namibia,0.000000
1965,520,NRU,Nauru,100.000000
1965,524,NPL,Nepal,1600.000000
1965,528,NLD,Netherlands (Kingdom of the),266700.000000
1965,530,ANT,Netherlands Antilles [former],700.000000
1965,533,ABW,Aruba,300.000000
1965,540,NCL,New Caledonia,1000.000000
1965,548,VUT,Vanuatu,1800.000000
1965,554,NZL,New Zealand,46607.000000
1965,558,NIC,Nicaragua,5600.000000
1965,562,NER,Niger,5000.000000
1965,566,NGA,Nigeria,94376.000000
1965,578,NOR,Norway,2308641.000000
1965,580,MNP,Northern Mariana Islands,200.000000
1965,583,FSM,Micronesia (Federated States of),700.000000
1965,584,MHL,Marshall Islands,0.000000
1965,585,PLW,Palau,2670.000000
1965,586,PAK,Pakistan,107058.000000
1965,591,PAN,Panama,39600.000000
1965,598,PNG,Papua New Guinea,15800.000000
1965,600,PRY,Paraguay,700.000000
1965,604,PER,Peru,7385400.000000
1965,608,PHL,Philippines,649959.000000
1965,616,POL,Poland,287757.000000
1965,620,PRT,Portugal,566142.000000
1965,624,GNB,Guinea-Bissau,900.000000
1965,630,PRI,Puerto Rico,2800.000000
1965,634,QAT,Qatar,1300.000000
1965,638,REU,Réunion,1700.000000
1965,642,ROU,Romania,23731.000000
1965,646,RWA,Rwanda,700.000000
1965,654,SHN,"Ascension, Saint Helena and Tristan da Cunha",700.000000
1965,659,KNA,Saint Kitts and Nevis,700.000000
1965,662,LCA,Saint Lucia,800.000000
1965,666,SPM,Saint Pierre and Miquelon,10146.000000
1965,670,VCT,Saint Vincent and the Grenadines,500.000000
1965,678,STP,Sao Tome and Principe,900.000000
1965,682,SAU,Saudi Arabia,18600.000000
1965,686,SEN,Senegal,106600.000000
1965,690,SYC,Seychelles,2000.000000
1965,694,SLE,Sierra Leone,32600.000000
1965,702,SGP,Singapore,11000.000000
1965,704,VNM,Viet Nam,625260.000000
1965,706,SOM,Somalia,4600.000000
1965,710,ZAF,South Africa,1351309.000000
1965,716,ZWE,Zimbabwe,2000.000000
1965,724,ESP,Spain,1188455.400000
1965,732,ESH,Western Sahara,0.000000
1965,736,,Sudan [former],20000.000000
1965,740,SUR,Suriname,6610.000000
1965,752,SWE,Sweden,370056.000000
1965,756,CHE,Switzerland,2700.000000
1965,760,SYR,Syrian Arab Republic,1700.000000
1965,764,THA,Thailand,587753.000000
1965,768,TGO,Togo,6000.000000
1965,776,TON,Tonga,500.000000
1965,780,TTO,Trinidad and Tobago,3000.000000
1965,784,ARE,United Arab Emirates,38000.000000
1965,788,TUN,Tunisia,23201.000000
1965,792,TUR,Türkiye,134400.000000
1965,796,TCA,Turks and Caicos Islands,1460.000000
1965,798,TUV,Tuvalu,0.000000
1965,800,UGA,Uganda,76300.000000
1965,810,SUN,Union of Soviet Socialist Republics [former],5149013.000000
1965,818,EGY,Egypt,96200.000000
1965,826,GBR,United Kingdom of Great Britain and Northern Ireland,1114808.000000
1965,833,IMN,Isle of Man,5100.000000
1965,834,TZA,United Republic of Tanzania,104700.000000
1965,840,USA,United States of America,2649980.000000
1965,850,VIR,United States Virgin Islands,500.000000
1965,854,BFA,Burkina Faso,3500.000000
1965,858,URY,Uruguay,15800.000000
1965,862,VEN,Venezuela (Bolivarian Republic of),119408.000000
1965,882,WSM,Samoa,600.000000
1965,887,YEM,Yemen,25000.000000
1965,890,YUG,Yugoslavia SFR [former],33568.000000
1965,894,ZMB,Zambia,40100.000000
1965,896,,Other NEI,7.000000
1966,004,AFG,Afghanistan,300.000000
1966,008,ALB,Albania,4000.000000
1966,012,DZA,Algeria,20350.000000
1966,016,ASM,American Samoa,0.000000
1966,024,AGO,Angola,335300.000000
1966,028,ATG,Antigua and Barbuda,800.000000
1966,032,ARG,Argentina,250800.000000
1966,036,AUS,Australia,88908.000000
1966,040,AUT,Austria,4150.000000
1966,044,BHS,Bahamas,3800.000000
1966,048,BHR,Bahrain,2500.000000
1966,050,BGD,Bangladesh,543253.000000
1966,052,BRB,Barbados,4800.000000
1966,056,BEL,Belgium,62800.000000
1966,060,BMU,Bermuda,500.000000
1966,064,BTN,Bhutan,150.000000
1966,068,BOL,Bolivia (Plurinational State of),1700.000000
1966,072,BWA,Botswana,600.000000
1966,076,BRA,Brazil,393162.000000
1966,084,BLZ,Belize,900.000000
1966,086,IOT,British Indian Ocean Territory [former],0.000000
1966,090,SLB,Solomon Islands,7300.000000
1966,092,VGB,British Virgin Islands,400.000000
1966,096,BRN,Brunei Darussalam,1200.000000
1966,100,BGR,Bulgaria,22975.000000
1966,104,MMR,Myanmar,360000.000000
1966,108,BDI,Burundi,16600.000000
1966,116,KHM,Cambodia,45000.000000
1966,120,CMR,Cameroon,62600.000000
1966,124,CAN,Canada,1355424.000000
1966,132,CPV,Cabo Verde,4000.000000
1966,140,CAF,Central African Republic,4000.000000
1966,144,LKA,Sri Lanka,79973.000000
1966,148,TCD,Chad,60000.000000
1966,152,CHL,Chile,1404630.000000
1966,156,CHN,China,2504425.000000
1966,158,TWN,Taiwan Province of China,368132.000000
1966,170,COL,Colombia,59200.000000
1966,174,COM,Comoros,875.000000
1966,175,MYT,Mayotte,200.000000
1966,178,COG,Congo,14200.000000
1966,180,COD,Democratic Republic of the Congo,84000.000000
1966,184,COK,Cook Islands,850.000000
1966,188,CRI,Costa Rica,3300.000000
1966,192,CUB,Cuba,43826.000000
1966,196,CYP,Cyprus,1009.000000
1966,200,CSK,Czechoslovakia [former],696.000000
1966,204,BEN,Benin,18800.000000
1966,208,DNK,Denmark,840667.000000
1966,212,DMA,Dominica,500.000000
1966,214,DOM,Dominican Republic,3500.000000
1966,218,ECU,Ecuador,48200.000000
1966,222,SLV,El Salvador,10600.000000
1966,226,GNQ,Equatorial Guinea,1200.000000
1966,230,,Ethiopia PDR [former],16200.000000
1966,234,FRO,Faroe Islands,166294.000000
1966,238,FLK,Falkland Islands (Malvinas),0.000000
1966,242,FJI,Fiji,3500.000000
1966,246,FIN,Finland,70800.000000
1966,250,FRA,France,799098.000000
1966,254,GUF,French Guiana,700.000000
1966,258,PYF,French Polynesia,2100.000000
1966,260,ATF,French Southern Territories,900.000000
1966,262,DJI,Djibouti,300.000000
1966,266,GAB,Gabon,8000.000000
1966,270,GMB,Gambia,6200.000000
1966,276,DEU,Germany,861700.000000
1966,288,GHA,Ghana,85696.000000
1966,296,KIR,Kiribati,7500.000000
1966,300,GRC,Greece,91000.000000
1966,304,GRL,Greenland,44529.000000
1966,308,GRD,Grenada,1200.000000
1966,312,GLP,Guadeloupe,2600.000000
1966,316,GUM,Guam,100.000000
1966,320,GTM,Guatemala,3000.000000
1966,324,GIN,Guinea,5000.000000
1966,328,GUY,Guyana,12300.000000
1966,332,HTI,Haiti,3400.000000
1966,340,HND,Honduras,2600.000000
1966,344,HKG,"China, Hong Kong SAR",63412.000000
1966,348,HUN,Hungary,8010.000000
1966,352,ISL,Iceland,1260336.000000
1966,356,IND,India,1286639.000000
1966,360,IDN,Indonesia,1137261.000000
1966,364,IRN,Iran (Islamic Republic of),21114.000000
1966,368,IRQ,Iraq,14100.000000
1966,372,IRL,Ireland,38800.000000
1966,376,ISR,Israel,14900.000000
1966,380,ITA,Italy,356234.000000
1966,384,CIV,Côte d'Ivoire,60800.000000
1966,388,JAM,Jamaica,9000.000000
1966,392,JPN,Japan,6735523.000000
1966,400,JOR,Jordan,200.000000
1966,404,KEN,Kenya,27900.000000
1966,410,KOR,Republic of Korea,609708.000000
1966,414,KWT,Kuwait,4000.000000
1966,418,LAO,Lao People's Democratic Republic,17952.000000
1966,422,LBN,Lebanon,2500.000000
1966,430,LBR,Liberia,5000.000000
1966,434,LBY,Libya,3324.000000
1966,446,MAC,"China, Macao SAR",7500.000000
1966,450,MDG,Madagascar,56000.000000
1966,454,MWI,Malawi,32500.000000
1966,458,MYS,Malaysia,246800.000000
1966,462,MDV,Maldives,22400.000000
1966,466,MLI,Mali,110000.000000
1966,470,MLT,Malta,1312.000000
1966,474,MTQ,Martinique,4000.000000
1966,478,MRT,Mauritania,27000.000000
1966,480,MUS,Mauritius,3000.000000
1966,484,MEX,Mexico,291500.000000
1966,496,MNG,Mongolia,290.000000
1966,500,MSR,Montserrat,100.000000
1966,504,MAR,Morocco,318580.000000
1966,508,MOZ,Mozambique,17300.000000
1966,512,OMN,Oman,70000.000000
1966,516,NAM,Namibia,5000.000000
1966,520,NRU,Nauru,100.000000
1966,524,NPL,Nepal,1600.000000
1966,528,NLD,Netherlands (Kingdom of the),260600.000000
1966,530,ANT,Netherlands Antilles [former],700.000000
1966,533,ABW,Aruba,300.000000
1966,540,NCL,New Caledonia,900.000000
1966,548,VUT,Vanuatu,1800.000000
1966,554,NZL,New Zealand,54118.000000
1966,558,NIC,Nicaragua,7000.000000
1966,562,NER,Niger,5000.000000
1966,566,NGA,Nigeria,107016.000000
1966,578,NOR,Norway,2866895.000000
1966,580,MNP,Northern Mariana Islands,200.000000
1966,583,FSM,Micronesia (Federated States of),800.000000
1966,584,MHL,Marshall Islands,100.000000
1966,585,PLW,Palau,2686.000000
1966,586,PAK,Pakistan,140002.000000
1966,591,PAN,Panama,73000.000000
1966,598,PNG,Papua New Guinea,15300.000000
1966,600,PRY,Paraguay,700.000000
1966,604,PER,Peru,8712500.000000
1966,608,PHL,Philippines,694517.000000
1966,616,POL,Poland,324613.000000
1966,620,PRT,Portugal,522863.000000
1966,624,GNB,Guinea-Bissau,700.000000
1966,630,PRI,Puerto Rico,2500.000000
1966,634,QAT,Qatar,1300.000000
1966,638,REU,Réunion,2100.000000
1966,642,ROU,Romania,22633.000000
1966,646,RWA,Rwanda,700.000000
1966,654,SHN,"Ascension, Saint Helena and Tristan da Cunha",700.000000
1966,659,KNA,Saint Kitts and Nevis,800.000000
1966,662,LCA,Saint Lucia,900.000000
1966,666,SPM,Saint Pierre and Miquelon,10559.000000
1966,670,VCT,Saint Vincent and the Grenadines,500.000000
1966,678,STP,Sao Tome and Principe,800.000000
1966,682,SAU,Saudi Arabia,20200.000000
1966,686,SEN,Senegal,111700.000000
1966,690,SYC,Seychelles,2500.000000
1966,694,SLE,Sierra Leone,32200.000000
1966,702,SGP,Singapore,18500.000000
1966,704,VNM,Viet Nam,628040.000000
1966,706,SOM,Somalia,4600.000000
1966,710,ZAF,South Africa,1369292.000000
1966,716,ZWE,Zimbabwe,2000.000000
1966,724,ESP,Spain,1204233.800000
1966,732,ESH,Western Sahara,0.000000
1966,736,,Sudan [former],20500.000000
1966,740,SUR,Suriname,6580.000000
1966,752,SWE,Sweden,319790.000000
1966,756,CHE,Switzerland,3000.000000
1966,760,SYR,Syrian Arab Republic,1700.000000
1966,764,THA,Thailand,670292.000000
1966,768,TGO,Togo,7300.000000
1966,776,TON,Tonga,500.000000
1966,780,TTO,Trinidad and Tobago,3000.000000
1966,784,ARE,United Arab Emirates,38000.000000
1966,788,TUN,Tunisia,26193.000000
1966,792,TUR,Türkiye,116836.000000
1966,796,TCA,Turks and Caicos Islands,1460.000000
1966,798,TUV,Tuvalu,0.000000
1966,800,UGA,Uganda,83300.000000
1966,810,SUN,Union of Soviet Socialist Republics [former],5360262.000000
1966,818,EGY,Egypt,93100.000000
1966,826,GBR,United Kingdom of Great Britain and Northern Ireland,1137842.000000
1966,833,IMN,Isle of Man,4600.000000
1966,834,TZA,United Republic of Tanzania,104200.000000
1966,840,USA,United States of America,2442257.000000
1966,850,VIR,United States Virgin Islands,600.000000
1966,854,BFA,Burkina Faso,4000.000000
1966,858,URY,Uruguay,12500.000000
1966,862,VEN,Venezuela (Bolivarian Republic of),116929.000000
1966,882,WSM,Samoa,700.000000
1966,887,YEM,Yemen,25000.000000
1966,890,YUG,Yugoslavia SFR [former],34784.000000
1966,894,ZMB,Zambia,40100.000000
1966,896,,Other NEI,23.000000
1967,004,AFG,Afghanistan,400.000000
1967,008,ALB,Albania,5000.000000
1967,012,DZA,Algeria,21150.000000
1967,016,ASM,American Samoa,0.000000
1967,024,AGO,Angola,299300.000000
1967,028,ATG,Antigua and Barbuda,800.000000
1967,032,ARG,Argentina,240860.000000
1967,036,AUS,Australia,92457.000000
1967,040,AUT,Austria,3410.000000
1967,044,BHS,Bahamas,2950.000000
1967,048,BHR,Bahrain,2800.000000
1967,050,BGD,Bangladesh,541781.000000
1967,052,BRB,Barbados,4600.000000
1967,056,BEL,Belgium,63800.000000
1967,060,BMU,Bermuda,500.000000
1967,064,BTN,Bhutan,150.000000
1967,068,BOL,Bolivia (Plurinational State of),1500.000000
1967,072,BWA,Botswana,600.000000
1967,076,BRA,Brazil,419796.000000
1967,084,BLZ,Belize,1300.000000
1967,086,IOT,British Indian Ocean Territory [former],0.000000
1967,090,SLB,Solomon Islands,7400.000000
1967,092,VGB,British Virgin Islands,300.000000
1967,096,BRN,Brunei Darussalam,1200.000000
1967,100,BGR,Bulgaria,38081.000000
1967,104,MMR,Myanmar,380700.000000
1967,108,BDI,Burundi,12300.000000
1967,116,KHM,Cambodia,50000.000000
1967,120,CMR,Cameroon,63400.000000
1967,124,CAN,Canada,1293080.000000
1967,132,CPV,Cabo Verde,5900.000000
1967,140,CAF,Central African Republic,5000.000000
1967,144,LKA,Sri Lanka,82237.000000
1967,148,TCD,Chad,60000.000000
1967,152,CHL,Chile,1085551.000000
1967,156,CHN,China,2509289.000000
1967,158,TWN,Taiwan Province of China,403660.000000
1967,170,COL,Colombia,86200.000000
1967,174,COM,Comoros,875.000000
1967,175,MYT,Mayotte,200.000000
1967,178,COG,Congo,13600.000000
1967,180,COD,Democratic Republic of the Congo,93400.000000
1967,184,COK,Cook Islands,900.000000
1967,188,CRI,Costa Rica,3500.000000
1967,192,CUB,Cuba,65955.000000
1967,196,CYP,Cyprus,1014.000000
1967,200,CSK,Czechoslovakia [former],691.000000
1967,204,BEN,Benin,35600.000000
1967,208,DNK,Denmark,1059777.000000
1967,212,DMA,Dominica,500.000000
1967,214,DOM,Dominican Republic,3200.000000
1967,218,ECU,Ecuador,57500.000000
1967,222,SLV,El Salvador,9900.000000
1967,226,GNQ,Equatorial Guinea,1100.000000
1967,230,,Ethiopia PDR [former],16200.000000
1967,234,FRO,Faroe Islands,173324.000000
1967,238,FLK,Falkland Islands (Malvinas),0.000000
1967,242,FJI,Fiji,3500.000000
1967,246,FIN,Finland,73700.000000
1967,250,FRA,France,809252.000000
1967,254,GUF,French Guiana,800.000000
1967,258,PYF,French Polynesia,2000.000000
1967,260,ATF,French Southern Territories,800.000000
1967,262,DJI,Djibouti,300.000000
1967,266,GAB,Gabon,8000.000000
1967,270,GMB,Gambia,6200.000000
1967,276,DEU,Germany,930900.000000
1967,288,GHA,Ghana,98990.000000
1967,296,KIR,Kiribati,7500.000000
1967,300,GRC,Greece,93200.000000
1967,304,GRL,Greenland,44916.000000
1967,308,GRD,Grenada,1300.000000
1967,312,GLP,Guadeloupe,3500.000000
1967,316,GUM,Guam,100.000000
1967,320,GTM,Guatemala,2500.000000
1967,324,GIN,Guinea,6000.000000
1967,328,GUY,Guyana,13900.000000
1967,332,HTI,Haiti,3500.000000
1967,340,HND,Honduras,4000.000000
1967,344,HKG,"China, Hong Kong SAR",66960.000000
1967,348,HUN,Hungary,8970.000000
1967,352,ISL,Iceland,915201.000000
1967,356,IND,India,1311378.000000
1967,360,IDN,Indonesia,1086299.000000
1967,364,IRN,Iran (Islamic Republic of),22515.000000
1967,368,IRQ,Iraq,10200.000000
1967,372,IRL,Ireland,48900.000000
1967,376,ISR,Israel,14900.000000
1967,380,ITA,Italy,356550.000000
1967,384,CIV,Côte d'Ivoire,66100.000000
1967,388,JAM,Jamaica,9000.000000
1967,392,JPN,Japan,7466503.000000
1967,400,JOR,Jordan,100.000000
1967,404,KEN,Kenya,27300.000000
1967,410,KOR,Republic of Korea,661131.000000
1967,414,KWT,Kuwait,4500.000000
1967,418,LAO,Lao People's Democratic Republic,17928.000000
1967,422,LBN,Lebanon,1800.000000
1967,430,LBR,Liberia,6000.000000
1967,434,LBY,Libya,4236.000000
1967,446,MAC,"China, Macao SAR",7500.000000
1967,450,MDG,Madagascar,59100.000000
1967,454,MWI,Malawi,29300.000000
1967,458,MYS,Malaysia,315100.000000
1967,462,MDV,Maldives,25100.000000
1967,466,MLI,Mali,100000.000000
1967,470,MLT,Malta,1414.000000
1967,474,MTQ,Martinique,4800.000000
1967,478,MRT,Mauritania,30700.000000
1967,480,MUS,Mauritius,3000.000000
1967,484,MEX,Mexico,356550.000000
1967,496,MNG,Mongolia,290.000000
1967,500,MSR,Montserrat,100.000000
1967,504,MAR,Morocco,273356.000000
1967,508,MOZ,Mozambique,17000.000000
1967,512,OMN,Oman,70000.000000
1967,516,NAM,Namibia,5000.000000
1967,520,NRU,Nauru,100.000000
1967,524,NPL,Nepal,1800.000000
1967,528,NLD,Netherlands (Kingdom of the),228900.000000
1967,530,ANT,Netherlands Antilles [former],600.000000
1967,533,ABW,Aruba,400.000000
1967,540,NCL,New Caledonia,500.000000
1967,548,VUT,Vanuatu,1800.000000
1967,554,NZL,New Zealand,59171.000000
1967,558,NIC,Nicaragua,8000.000000
1967,562,NER,Niger,3700.000000
1967,566,NGA,Nigeria,116155.000000
1967,578,NOR,Norway,3250563.000000
1967,580,MNP,Northern Mariana Islands,200.000000
1967,583,FSM,Micronesia (Federated States of),1000.000000
1967,584,MHL,Marshall Islands,100.000000
1967,585,PLW,Palau,3406.000000
1967,586,PAK,Pakistan,138485.000000
1967,591,PAN,Panama,72200.000000
1967,598,PNG,Papua New Guinea,15400.000000
1967,600,PRY,Paraguay,800.000000
1967,604,PER,Peru,10057700.000000
1967,608,PHL,Philippines,737472.000000
1967,616,POL,Poland,328215.000000
1967,620,PRT,Portugal,583153.000000
1967,624,GNB,Guinea-Bissau,700.000000
1967,630,PRI,Puerto Rico,2500.000000
1967,634,QAT,Qatar,1500.000000
1967,638,REU,Réunion,2300.000000
1967,642,ROU,Romania,30666.000000
1967,646,RWA,Rwanda,800.000000
1967,654,SHN,"Ascension, Saint Helena and Tristan da Cunha",700.000000
1967,659,KNA,Saint Kitts and Nevis,800.000000
1967,662,LCA,Saint Lucia,1000.000000
1967,666,SPM,Saint Pierre and Miquelon,8512.000000
1967,670,VCT,Saint Vincent and the Grenadines,500.000000
1967,678,STP,Sao Tome and Principe,900.000000
1967,682,SAU,Saudi Arabia,22100.000000
1967,686,SEN,Senegal,118076.000000
1967,690,SYC,Seychelles,2500.000000
1967,694,SLE,Sierra Leone,33600.000000
1967,702,SGP,Singapore,18200.000000
1967,704,VNM,Viet Nam,655610.000000
1967,706,SOM,Somalia,4700.000000
1967,710,ZAF,South Africa,1701900.000000
1967,716,ZWE,Zimbabwe,2000.000000
1967,724,ESP,Spain,1308394.000000
1967,732,ESH,Western Sahara,0.000000
1967,736,,Sudan [former],20500.000000
1967,740,SUR,Suriname,6510.000000
1967,752,SWE,Sweden,341168.000000
1967,756,CHE,Switzerland,3000.000000
1967,760,SYR,Syrian Arab Republic,1700.000000
1967,764,THA,Thailand,806597.000000
1967,768,TGO,Togo,7500.000000
1967,776,TON,Tonga,500.000000
1967,780,TTO,Trinidad and Tobago,3200.000000
1967,784,ARE,United Arab Emirates,40000.000000
1967,788,TUN,Tunisia,28207.000000
1967,792,TUR,Türkiye,187913.000000
1967,796,TCA,Turks and Caicos Islands,1560.000000
1967,798,TUV,Tuvalu,0.000000
1967,800,UGA,Uganda,99600.000000
1967,810,SUN,Union of Soviet Socialist Republics [former],5791355.000000
1967,818,EGY,Egypt,74700.000000
1967,826,GBR,United Kingdom of Great Britain and Northern Ireland,1101735.000000
1967,833,IMN,Isle of Man,6000.000000
1967,834,TZA,United Republic of Tanzania,131000.000000
1967,840,USA,United States of America,2311726.000000
1967,850,VIR,United States Virgin Islands,600.000000
1967,854,BFA,Burkina Faso,4500.000000
1967,858,URY,Uruguay,10900.000000
1967,862,VEN,Venezuela (Bolivarian Republic of),107526.000000
1967,882,WSM,Samoa,700.000000
1967,887,YEM,Yemen,27000.000000
1967,890,YUG,Yugoslavia SFR [former],37862.000000
1967,894,ZMB,Zambia,38500.000000
1967,896,,Other NEI,36.000000
1968,004,AFG,Afghanistan,400.000000
1968,008,ALB,Albania,6000.000000
1968,012,DZA,Algeria,18250.000000
1968,016,ASM,American Samoa,0.000000
1968,024,AGO,Angola,303100.000000
1968,028,ATG,Antigua and Barbuda,800.000000
1968,032,ARG,Argentina,223121.000000
1968,036,AUS,Australia,102837.000000
1968,040,AUT,Austria,3260.000000
1968,044,BHS,Bahamas,2750.000000
1968,048,BHR,Bahrain,3000.000000
1968,050,BGD,Bangladesh,592000.000000
1968,052,BRB,Barbados,1000.000000
1968,056,BEL,Belgium,68200.000000
1968,060,BMU,Bermuda,550.000000
1968,064,BTN,Bhutan,150.000000
1968,068,BOL,Bolivia (Plurinational State of),1300.000000
1968,072,BWA,Botswana,800.000000
1968,076,BRA,Brazil,495176.000000
1968,084,BLZ,Belize,1300.000000
1968,086,IOT,British Indian Ocean Territory [former],0.000000
1968,090,SLB,Solomon Islands,7400.000000
1968,092,VGB,British Virgin Islands,300.000000
1968,096,BRN,Brunei Darussalam,1300.000000
1968,100,BGR,Bulgaria,55584.000000
1968,104,MMR,Myanmar,396100.000000
1968,108,BDI,Burundi,15000.000000
1968,116,KHM,Cambodia,50000.000000
1968,120,CMR,Cameroon,65100.000000
1968,124,CAN,Canada,1492496.000000
1968,132,CPV,Cabo Verde,4900.000000
1968,140,CAF,Central African Republic,5000.000000
1968,144,LKA,Sri Lanka,98302.000000
1968,148,TCD,Chad,65000.000000
1968,152,CHL,Chile,1392101.000000
1968,156,CHN,China,2625692.000000
1968,158,TWN,Taiwan Province of China,476298.000000
1968,170,COL,Colombia,83600.000000
1968,174,COM,Comoros,1235.000000
1968,175,MYT,Mayotte,200.000000
1968,178,COG,Congo,14100.000000
1968,180,COD,Democratic Republic of the Congo,127700.000000
1968,184,COK,Cook Islands,900.000000
1968,188,CRI,Costa Rica,5000.000000
1968,192,CUB,Cuba,66170.000000
1968,196,CYP,Cyprus,1412.000000
1968,200,CSK,Czechoslovakia [former],571.000000
1968,204,BEN,Benin,35900.000000
1968,208,DNK,Denmark,1454630.000000
1968,212,DMA,Dominica,600.000000
1968,214,DOM,Dominican Republic,4600.000000
1968,218,ECU,Ecuador,68900.000000
1968,222,SLV,El Salvador,10200.000000
1968,226,GNQ,Equatorial Guinea,3700.000000
1968,230,,Ethiopia PDR [former],14600.000000
1968,234,FRO,Faroe Islands,166187.000000
1968,238,FLK,Falkland Islands (Malvinas),0.000000
1968,242,FJI,Fiji,3800.000000
1968,246,FIN,Finland,92200.000000
1968,250,FRA,France,829486.000000
1968,254,GUF,French Guiana,800.000000
1968,258,PYF,French Polynesia,2100.000000
1968,260,ATF,French Southern Territories,900.000000
1968,262,DJI,Djibouti,300.000000
1968,266,GAB,Gabon,9000.000000
1968,270,GMB,Gambia,6700.000000
1968,276,DEU,Germany,964500.000000
1968,288,GHA,Ghana,74080.000000
1968,296,KIR,Kiribati,7500.000000
1968,300,GRC,Greece,99900.000000
1968,304,GRL,Greenland,34265.000000
1968,308,GRD,Grenada,1300.000000
1968,312,GLP,Guadeloupe,3600.000000
1968,316,GUM,Guam,100.000000
1968,320,GTM,Guatemala,1900.000000
1968,324,GIN,Guinea,6000.000000
1968,328,GUY,Guyana,16000.000000
1968,332,HTI,Haiti,3500.000000
1968,340,HND,Honduras,5700.000000
1968,344,HKG,"China, Hong Kong SAR",110330.000000
1968,348,HUN,Hungary,10100.000000
1968,352,ISL,Iceland,617356.000000
1968,356,IND,India,1427129.000000
1968,360,IDN,Indonesia,1075825.000000
1968,364,IRN,Iran (Islamic Republic of),24019.000000
1968,368,IRQ,Iraq,19100.000000
1968,372,IRL,Ireland,50500.000000
1968,376,ISR,Israel,18100.000000
1968,380,ITA,Italy,343834.000000
1968,384,CIV,Côte d'Ivoire,68400.000000
1968,388,JAM,Jamaica,8500.000000
1968,392,JPN,Japan,8138806.000000
1968,400,JOR,Jordan,100.000000
1968,404,KEN,Kenya,28200.000000
1968,410,KOR,Republic of Korea,732554.000000
1968,414,KWT,Kuwait,4500.000000
1968,418,LAO,Lao People's Democratic Republic,17904.000000
1968,422,LBN,Lebanon,2500.000000
1968,430,LBR,Liberia,6000.000000
1968,434,LBY,Libya,5560.000000
1968,446,MAC,"China, Macao SAR",7000.000000
1968,450,MDG,Madagascar,64700.000000
1968,454,MWI,Malawi,32900.000000
1968,458,MYS,Malaysia,353800.000000
1968,462,MDV,Maldives,23700.000000
1968,466,MLI,Mali,106000.000000
1968,470,MLT,Malta,1228.000000
1968,474,MTQ,Martinique,4600.000000
1968,478,MRT,Mauritania,37000.000000
1968,480,MUS,Mauritius,3300.000000
1968,484,MEX,Mexico,366650.000000
1968,496,MNG,Mongolia,300.000000
1968,500,MSR,Montserrat,100.000000
1968,504,MAR,Morocco,231475.000000
1968,508,MOZ,Mozambique,17700.000000
1968,512,OMN,Oman,70000.000000
1968,516,NAM,Namibia,5000.000000
1968,520,NRU,Nauru,100.000000
1968,524,NPL,Nepal,1800.000000
1968,528,NLD,Netherlands (Kingdom of the),209700.000000
1968,530,ANT,Netherlands Antilles [former],600.000000
1968,533,ABW,Aruba,400.000000
1968,540,NCL,New Caledonia,500.000000
1968,548,VUT,Vanuatu,1800.000000
1968,554,NZL,New Zealand,57851.000000
1968,558,NIC,Nicaragua,8700.000000
1968,562,NER,Niger,4300.000000
1968,566,NGA,Nigeria,116696.000000
1968,578,NOR,Norway,2804048.000000
1968,580,MNP,Northern Mariana Islands,200.000000
1968,583,FSM,Micronesia (Federated States of),1000.000000
1968,584,MHL,Marshall Islands,100.000000
1968,585,PLW,Palau,5056.000000
1968,586,PAK,Pakistan,143037.000000
1968,591,PAN,Panama,71800.000000
1968,598,PNG,Papua New Guinea,15800.000000
1968,600,PRY,Paraguay,1000.000000
1968,604,PER,Peru,10444400.000000
1968,608,PHL,Philippines,885729.000000
1968,616,POL,Poland,394282.000000
1968,620,PRT,Portugal,527556.000000
1968,624,GNB,Guinea-Bissau,1300.000000
1968,630,PRI,Puerto Rico,2200.000000
1968,634,QAT,Qatar,1500.000000
1968,638,REU,Réunion,2400.000000
1968,642,ROU,Romania,26492.000000
1968,646,RWA,Rwanda,800.000000
1968,654,SHN,"Ascension, Saint Helena and Tristan da Cunha",700.000000
1968,659,KNA,Saint Kitts and Nevis,800.000000
1968,662,LCA,Saint Lucia,1100.000000
1968,666,SPM,Saint Pierre and Miquelon,6479.000000
1968,670,VCT,Saint Vincent and the Grenadines,400.000000
1968,678,STP,Sao Tome and Principe,800.000000
1968,682,SAU,Saudi Arabia,21100.000000
1968,686,SEN,Senegal,114976.000000
1968,690,SYC,Seychelles,2500.000000
1968,694,SLE,Sierra Leone,23500.000000
1968,702,SGP,Singapore,17300.000000
1968,704,VNM,Viet Nam,652270.000000
1968,706,SOM,Somalia,5000.000000
1968,710,ZAF,South Africa,2132600.000000
1968,716,ZWE,Zimbabwe,2000.000000
1968,724,ESP,Spain,1454802.000000
1968,732,ESH,Western Sahara,0.000000
1968,736,,Sudan [former],22000.000000
1968,740,SUR,Suriname,7600.000000
1968,752,SWE,Sweden,318460.000000
1968,756,CHE,Switzerland,3500.000000
1968,760,SYR,Syrian Arab Republic,1800.000000
1968,764,THA,Thailand,1038448.000000
1968,768,TGO,Togo,10000.000000
1968,776,TON,Tonga,500.000000
1968,780,TTO,Trinidad and Tobago,3400.000000
1968,784,ARE,United Arab Emirates,40000.000000
1968,788,TUN,Tunisia,28484.000000
1968,792,TUR,Türkiye,133268.000000
1968,796,TCA,Turks and Caicos Islands,1560.000000
1968,798,TUV,Tuvalu,0.000000
1968,800,UGA,Uganda,108400.000000
1968,810,SUN,Union of Soviet Socialist Republics [former],6134259.000000
1968,818,EGY,Egypt,74900.000000
1968,826,GBR,United Kingdom of Great Britain and Northern Ireland,1115640.000000
1968,833,IMN,Isle of Man,7200.000000
1968,834,TZA,United Republic of Tanzania,155600.000000
1968,840,USA,United States of America,2410943.000000
1968,850,VIR,United States Virgin Islands,600.000000
1968,854,BFA,Burkina Faso,4500.000000
1968,858,URY,Uruguay,11000.000000
1968,862,VEN,Venezuela (Bolivarian Republic of),126100.000000
1968,882,WSM,Samoa,700.000000
1968,887,YEM,Yemen,27000.000000
1968,890,YUG,Yugoslavia SFR [former],35733.000000
1968,894,ZMB,Zambia,41300.000000
1968,896,,Other NEI,72.000000
1969,004,AFG,Afghanistan,400.000000
1969,008,ALB,Albania,7000.000000
1969,012,DZA,Algeria,23150.000000
1969,016,ASM,American Samoa,0.000000
1969,024,AGO,Angola,425200.000000
1969,028,ATG,Antigua and Barbuda,800.000000
1969,032,ARG,Argentina,202800.000000
1969,036,AUS,Australia,91079.000000
1969,044,BHS,Bahamas,2350.000000
1969,048,BHR,Bahrain,3300.000000
1969,050,BGD,Bangladesh,588723.000000
1969,052,BRB,Barbados,1100.000000
1969,056,BEL,Belgium,58700.000000
1969,060,BMU,Bermuda,550.000000
1969,064,BTN,Bhutan,150.000000
1969,068,BOL,Bolivia (Plurinational State of),1200.000000
1969,072,BWA,Botswana,800.000000
1969,076,BRA,Brazil,492293.000000
1969,084,BLZ,Belize,1600.000000
1969,086,IOT,British Indian Ocean Territory [former],0.000000
1969,090,SLB,Solomon Islands,7400.000000
1969,092,VGB,British Virgin Islands,300.000000
1969,096,BRN,Brunei Darussalam,1300.000000
1969,100,BGR,Bulgaria,78673.000000
1969,104,MMR,Myanmar,413900.000000
1969,108,BDI,Burundi,15600.000000
1969,116,KHM,Cambodia,52000.000000
1969,120,CMR,Cameroon,68100.000000
1969,124,CAN,Canada,1401459.000000
1969,132,CPV,Cabo Verde,4000.000000
1969,140,CAF,Central African Republic,6000.000000
1969,144,LKA,Sri Lanka,95060.000000
1969,148,TCD,Chad,65000.000000
1969,152,CHL,Chile,1109892.000000
1969,156,CHN,China,2553251.000000
1969,158,TWN,Taiwan Province of China,505961.000000
1969,170,COL,Colombia,57600.000000
1969,174,COM,Comoros,1235.000000
1969,175,MYT,Mayotte,200.000000
1969,178,COG,Congo,13900.000000
1969,180,COD,Democratic Republic of the Congo,149300.000000
1969,184,COK,Cook Islands,900.000000
1969,188,CRI,Costa Rica,4100.000000
1969,192,CUB,Cuba,78699.000000
1969,196,CYP,Cyprus,1409.000000
1969,200,CSK,Czechoslovakia [former],636.000000
1969,204,BEN,Benin,36600.000000
1969,208,DNK,Denmark,1264254.000000
1969,212,DMA,Dominica,600.000000
1969,214,DOM,Dominican Republic,4800.000000
1969,218,ECU,Ecuador,64890.000000
1969,222,SLV,El Salvador,10300.000000
1969,226,GNQ,Equatorial Guinea,3500.000000
1969,230,,Ethiopia PDR [former],14400.000000
1969,234,FRO,Faroe Islands,176296.000000
1969,238,FLK,Falkland Islands (Malvinas),0.000000
1969,242,FJI,Fiji,3800.000000
1969,246,FIN,Finland,86500.000000
1969,250,FRA,France,750369.000000
1969,254,GUF,French Guiana,900.000000
1969,258,PYF,French Polynesia,2300.000000
1969,260,ATF,French Southern Territories,800.000000
1969,262,DJI,Djibouti,300.000000
1969,266,GAB,Gabon,9000.000000
1969,270,GMB,Gambia,6700.000000
1969,276,DEU,Germany,950900.000000
1969,288,GHA,Ghana,130954.000000
1969,296,KIR,Kiribati,7500.000000
1969,300,GRC,Greece,94200.000000
1969,304,GRL,Greenland,39245.000000
1969,308,GRD,Grenada,1400.000000
1969,312,GLP,Guadeloupe,4500.000000
1969,316,GUM,Guam,100.000000
1969,320,GTM,Guatemala,3000.000000
1969,324,GIN,Guinea,6000.000000
1969,328,GUY,Guyana,16600.000000
1969,332,HTI,Haiti,3500.000000
1969,340,HND,Honduras,5450.000000
1969,344,HKG,"China, Hong Kong SAR",115320.000000
1969,348,HUN,Hungary,7500.000000
1969,352,ISL,Iceland,707209.000000
1969,356,IND,India,1495679.000000
1969,360,IDN,Indonesia,1129110.000000
1969,364,IRN,Iran (Islamic Republic of),24016.000000
1969,368,IRQ,Iraq,22000.000000
1969,372,IRL,Ireland,63500.000000
1969,376,ISR,Israel,12100.000000
1969,380,ITA,Italy,347461.000000
1969,384,CIV,Côte d'Ivoire,67400.000000
1969,388,JAM,Jamaica,8500.000000
1969,392,JPN,Japan,8122882.000000
1969,400,JOR,Jordan,100.000000
1969,404,KEN,Kenya,32000.000000
1969,410,KOR,Republic of Korea,794619.000000
1969,414,KWT,Kuwait,4500.000000
1969,418,LAO,Lao People's Democratic Republic,17872.000000
1969,422,LBN,Lebanon,3000.000000
1969,430,LBR,Liberia,7000.000000
1969,434,LBY,Libya,6500.000000
1969,446,MAC,"China, Macao SAR",7000.000000
1969,450,MDG,Madagascar,50063.000000
1969,454,MWI,Malawi,38200.000000
1969,458,MYS,Malaysia,318800.000000
1969,462,MDV,Maldives,32300.000000
1969,466,MLI,Mali,108000.000000
1969,470,MLT,Malta,1135.000000
1969,474,MTQ,Martinique,4000.000000
1969,478,MRT,Mauritania,43000.000000
1969,480,MUS,Mauritius,4000.000000
1969,484,MEX,Mexico,354250.000000
1969,496,MNG,Mongolia,300.000000
1969,500,MSR,Montserrat,100.000000
1969,504,MAR,Morocco,233697.000000
1969,508,MOZ,Mozambique,19000.000000
1969,512,OMN,Oman,70000.000000
1969,516,NAM,Namibia,5000.000000
1969,520,NRU,Nauru,100.000000
1969,524,NPL,Nepal,1900.000000
1969,528,NLD,Netherlands (Kingdom of the),217300.000000
1969,530,ANT,Netherlands Antilles [former],600.000000
1969,533,ABW,Aruba,400.000000
1969,540,NCL,New Caledonia,500.000000
1969,548,VUT,Vanuatu,1800.000000
1969,554,NZL,New Zealand,49243.000000
1969,558,NIC,Nicaragua,9500.000000
1969,562,NER,Niger,3000.000000
1969,566,NGA,Nigeria,112237.000000
1969,578,NOR,Norway,2490563.000000
1969,580,MNP,Northern Mariana Islands,200.000000
1969,583,FSM,Micronesia (Federated States of),1000.000000
1969,584,MHL,Marshall Islands,100.000000
1969,585,PLW,Palau,4762.000000
1969,586,PAK,Pakistan,158716.000000
1969,591,PAN,Panama,36700.000000
1969,598,PNG,Papua New Guinea,16500.000000
1969,600,PRY,Paraguay,1400.000000
1969,604,PER,Peru,9147500.000000
1969,608,PHL,Philippines,865196.000000
1969,616,POL,Poland,394942.000000
1969,620,PRT,Portugal,480338.000000
1969,624,GNB,Guinea-Bissau,1400.000000
1969,630,PRI,Puerto Rico,2200.000000
1969,634,QAT,Qatar,1500.000000
1969,638,REU,Réunion,2200.000000
1969,642,ROU,Romania,30597.000000
1969,646,RWA,Rwanda,800.000000
1969,654,SHN,"Ascension, Saint Helena and Tristan da Cunha",700.000000
1969,659,KNA,Saint Kitts and Nevis,800.000000
1969,662,LCA,Saint Lucia,1100.000000
1969,666,SPM,Saint Pierre and Miquelon,7716.000000
1969,670,VCT,Saint Vincent and the Grenadines,500.000000
1969,678,STP,Sao Tome and Principe,800.000000
1969,682,SAU,Saudi Arabia,22000.000000
1969,686,SEN,Senegal,118981.000000
1969,690,SYC,Seychelles,2500.000000
1969,694,SLE,Sierra Leone,25500.000000
1969,702,SGP,Singapore,17000.000000
1969,704,VNM,Viet Nam,703310.000000
1969,706,SOM,Somalia,5000.000000
1969,710,ZAF,South Africa,1887100.000000
1969,716,ZWE,Zimbabwe,2000.000000
1969,724,ESP,Spain,1386100.000000
1969,732,ESH,Western Sahara,0.000000
1969,736,,Sudan [former],22300.000000
1969,740,SUR,Suriname,9900.000000
1969,752,SWE,Sweden,269358.000000
1969,756,CHE,Switzerland,3500.000000
1969,760,SYR,Syrian Arab Republic,1800.000000
1969,764,THA,Thailand,1212764.000000
1969,768,TGO,Togo,10000.000000
1969,776,TON,Tonga,500.000000
1969,780,TTO,Trinidad and Tobago,3400.000000
1969,784,ARE,United Arab Emirates,40000.000000
1969,788,TUN,Tunisia,30127.000000
1969,792,TUR,Türkiye,169230.000000
1969,796,TCA,Turks and Caicos Islands,1560.000000
1969,798,TUV,Tuvalu,0.000000
1969,800,UGA,Uganda,125300.000000
1969,810,SUN,Union of Soviet Socialist Republics [former],6655915.000000
1969,818,EGY,Egypt,74100.000000
1969,826,GBR,United Kingdom of Great Britain and Northern Ireland,1162168.000000
1969,833,IMN,Isle of Man,9800.000000
1969,834,TZA,United Republic of Tanzania,154200.000000
1969,840,USA,United States of America,2439130.000000
1969,850,VIR,United States Virgin Islands,600.000000
1969,854,BFA,Burkina Faso,4500.000000
1969,858,URY,Uruguay,12700.000000
1969,862,VEN,Venezuela (Bolivarian Republic of),134100.000000
1969,882,WSM,Samoa,700.000000
1969,887,YEM,Yemen,27000.000000
1969,890,YUG,Yugoslavia SFR [former],31866.000000
1969,894,ZMB,Zambia,44000.000000
1969,896,,Other NEI,93.000000
1970,008,ALB,Albania,0.000000
1970,012,DZA,Algeria,24234.000000
1970,016,ASM,American Samoa,0.000000
1970,024,AGO,Angola,374501.000000
1970,028,ATG,Antigua and Barbuda,0.000000
1970,032,ARG,Argentina,214500.000000
1970,036,AUS,Australia,97197.000000
1970,040,AUT,Austria,2330.000000
1970,044,BHS,Bahamas,1850.000000
1970,048,BHR,Bahrain,0.000000
1970,050,BGD,Bangladesh,100.000000
1970,052,BRB,Barbados,100.000000
1970,056,BEL,Belgium,53000.000000
1970,060,BMU,Bermuda,900.000000
1970,068,BOL,Bolivia (Plurinational State of),1100.000000
1970,072,BWA,Botswana,800.000000
1970,076,BRA,Brazil,573021.000000
1970,084,BLZ,Belize,1500.000000
1970,086,IOT,British Indian Ocean Territory [former],0.000000
1970,090,SLB,Solomon Islands,8500.000000
1970,092,VGB,British Virgin Islands,300.000000
1970,096,BRN,Brunei Darussalam,1500.000000
1970,100,BGR,Bulgaria,88601.000000
1970,104,MMR,Myanmar,431670.000000
1970,108,BDI,Burundi,13300.000000
1970,116,KHM,Cambodia,52200.000000
1970,120,CMR,Cameroon,15300.000000
1970,124,CAN,Canada,1392498.000000
1970,132,CPV,Cabo Verde,5181.000000
1970,136,CYM,Cayman Islands,0.000000
1970,140,CAF,Central African Republic,7000.000000
1970,144,LKA,Sri Lanka,89241.000000
1970,152,CHL,Chile,1202287.000000
1970,156,CHN,China,2490020.000000
1970,158,TWN,Taiwan Province of China,393367.000000
1970,170,COL,Colombia,54500.000000
1970,174,COM,Comoros,1661.000000
1970,178,COG,Congo,14399.000000
1970,180,COD,Democratic Republic of the Congo,136600.000000
1970,184,COK,Cook Islands,0.000000
1970,188,CRI,Costa Rica,8100.000000
1970,192,CUB,Cuba,104150.000000
1970,196,CYP,Cyprus,1363.000000
1970,200,CSK,Czechoslovakia [former],629.000000
1970,204,BEN,Benin,31510.000000
1970,208,DNK,Denmark,1217228.000000
1970,212,DMA,Dominica,0.000000
1970,214,DOM,Dominican Republic,5200.000000
1970,218,ECU,Ecuador,90970.000000
1970,222,SLV,El Salvador,11100.000000
1970,226,GNQ,Equatorial Guinea,0.000000
1970,230,,Ethiopia PDR [former],17200.000000
1970,234,FRO,Faroe Islands,207772.000000
1970,238,FLK,Falkland Islands (Malvinas),0.000000
1970,242,FJI,Fiji,3900.000000
1970,246,FIN,Finland,80700.000000
1970,250,FRA,France,750758.000000
1970,254,GUF,French Guiana,1200.000000
1970,258,PYF,French Polynesia,2300.000000
1970,260,ATF,French Southern Territories,800.000000
1970,262,DJI,Djibouti,300.000000
1970,266,GAB,Gabon,1800.000000
1970,270,GMB,Gambia,7447.000000
1970,276,DEU,Germany,916021.000000
1970,288,GHA,Ghana,171517.000000
1970,296,KIR,Kiribati,8800.000000
1970,300,GRC,Greece,70099.000000
1970,304,GRL,Greenland,39461.000000
1970,308,GRD,Grenada,1300.000000
1970,312,GLP,Guadeloupe,4700.000000
1970,316,GUM,Guam,100.000000
1970,320,GTM,Guatemala,3400.000000
1970,324,GIN,Guinea,0.000000
1970,328,GUY,Guyana,17400.000000
1970,332,HTI,Haiti,0.000000
1970,340,HND,Honduras,5000.000000
1970,344,HKG,"China, Hong Kong SAR",133224.000000
1970,348,HUN,Hungary,6500.000000
1970,352,ISL,Iceland,748800.000000
1970,356,IND,India,1636829.000000
1970,360,IDN,Indonesia,1148494.000000
1970,364,IRN,Iran (Islamic Republic of),8766.000000
1970,368,IRQ,Iraq,32090.000000
1970,372,IRL,Ireland,75200.000000
1970,376,ISR,Israel,15401.000000
1970,380,ITA,Italy,389117.000000
1970,384,CIV,Côte d'Ivoire,52802.000000
1970,388,JAM,Jamaica,8500.000000
1970,392,JPN,Japan,8747212.000000
1970,400,JOR,Jordan,100.000000
1970,404,KEN,Kenya,33700.000000
1970,408,PRK,Democratic People's Republic of Korea,0.000000
1970,410,KOR,Republic of Korea,752551.000000
1970,414,KWT,Kuwait,0.000000
1970,422,LBN,Lebanon,2300.000000
1970,430,LBR,Liberia,700.000000
1970,434,LBY,Libya,5500.000000
1970,450,MDG,Madagascar,53901.000000
1970,458,MYS,Malaysia,307452.000000
1970,462,MDV,Maldives,37273.000000
1970,466,MLI,Mali,110000.000000
1970,470,MLT,Malta,1212.000000
1970,474,MTQ,Martinique,700.000000
1970,478,MRT,Mauritania,49570.000000
1970,480,MUS,Mauritius,5400.000000
1970,484,MEX,Mexico,384528.000000
1970,496,MNG,Mongolia,300.000000
1970,500,MSR,Montserrat,100.000000
1970,504,MAR,Morocco,258177.000000
1970,508,MOZ,Mozambique,20100.000000
1970,512,OMN,Oman,0.000000
1970,516,NAM,Namibia,0.000000
1970,524,NPL,Nepal,1832.000000
1970,528,NLD,Netherlands (Kingdom of the),214800.000000
1970,530,ANT,Netherlands Antilles [former],0.000000
1970,540,NCL,New Caledonia,0.000000
1970,548,VUT,Vanuatu,0.000000
1970,554,NZL,New Zealand,58803.000000
1970,558,NIC,Nicaragua,9800.000000
1970,562,NER,Niger,2400.000000
1970,566,NGA,Nigeria,152090.000000
1970,578,NOR,Norway,2982617.000000
1970,580,MNP,Northern Mariana Islands,0.000000
1970,583,FSM,Micronesia (Federated States of),0.000000
1970,584,MHL,Marshall Islands,0.000000
1970,585,PLW,Palau,8082.000000
1970,586,PAK,Pakistan,164324.000000
1970,591,PAN,Panama,58790.000000
1970,598,PNG,Papua New Guinea,2528.000000
1970,604,PER,Peru,12484200.000000
1970,608,PHL,Philippines,1001552.000000
1970,616,POL,Poland,459628.000000
1970,620,PRT,Portugal,477581.000000
1970,624,GNB,Guinea-Bissau,1500.000000
1970,630,PRI,Puerto Rico,2100.000000
1970,634,QAT,Qatar,0.000000
1970,638,REU,Réunion,1901.000000
1970,642,ROU,Romania,43959.000000
1970,646,RWA,Rwanda,900.000000
1970,654,SHN,"Ascension, Saint Helena and Tristan da Cunha",800.000000
1970,659,KNA,Saint Kitts and Nevis,0.000000
1970,662,LCA,Saint Lucia,1419.000000
1970,666,SPM,Saint Pierre and Miquelon,6807.000000
1970,670,VCT,Saint Vincent and the Grenadines,600.000000
1970,678,STP,Sao Tome and Principe,800.000000
1970,682,SAU,Saudi Arabia,21700.000000
1970,686,SEN,Senegal,120965.000000
1970,690,SYC,Seychelles,3000.000000
1970,694,SLE,Sierra Leone,31050.000000
1970,702,SGP,Singapore,18300.000000
1970,704,VNM,Viet Nam,51820.000000
1970,710,ZAF,South Africa,1277950.000000
1970,716,ZWE,Zimbabwe,0.000000
1970,724,ESP,Spain,1395966.000000
1970,732,ESH,Western Sahara,0.000000
1970,736,,Sudan [former],22200.000000
1970,740,SUR,Suriname,11750.000000
1970,752,SWE,Sweden,285669.000000
1970,756,CHE,Switzerland,2400.000000
1970,760,SYR,Syrian Arab Republic,1692.000000
1970,764,THA,Thailand,1356961.000000
1970,768,TGO,Togo,9111.000000
1970,776,TON,Tonga,400.000000
1970,780,TTO,Trinidad and Tobago,3600.000000
1970,784,ARE,United Arab Emirates,40000.000000
1970,788,TUN,Tunisia,22660.000000
1970,792,TUR,Türkiye,173841.000000
1970,796,TCA,Turks and Caicos Islands,1230.000000
1970,798,TUV,Tuvalu,0.000000
1970,800,UGA,Uganda,129000.000000
1970,804,UKR,Ukraine,0.000000
1970,810,SUN,Union of Soviet Socialist Republics [former],7348875.000000
1970,818,EGY,Egypt,70758.000000
1970,826,GBR,United Kingdom of Great Britain and Northern Ireland,1172523.000000
1970,831,GGY,Guernsey,200.000000
1970,833,IMN,Isle of Man,14700.000000
1970,834,TZA,United Republic of Tanzania,187220.000000
1970,840,USA,United States of America,2794273.000000
1970,850,VIR,United States Virgin Islands,0.000000
1970,854,BFA,Burkina Faso,5000.000000
1970,858,URY,Uruguay,13200.000000
1970,862,VEN,Venezuela (Bolivarian Republic of),126720.000000
1970,876,WLF,Wallis and Futuna Islands,0.000000
1970,882,WSM,Samoa,900.000000
1970,887,YEM,Yemen,0.000000
1970,890,YUG,Yugoslavia SFR [former],33708.000000
1970,894,ZMB,Zambia,52100.000000
1970,896,,Other NEI,195435.000000
1971,008,ALB,Albania,0.000000
1971,012,DZA,Algeria,23715.000000
1971,016,ASM,American Samoa,0.000000
1971,024,AGO,Angola,324322.000000
1971,028,ATG,Antigua and Barbuda,0.000000
1971,032,ARG,Argentina,228608.000000
1971,036,AUS,Australia,106169.000000
1971,040,AUT,Austria,1940.000000
1971,044,BHS,Bahamas,2950.000000
1971,048,BHR,Bahrain,0.000000
1971,050,BGD,Bangladesh,100.000000
1971,052,BRB,Barbados,100.000000
1971,056,BEL,Belgium,60200.000000
1971,060,BMU,Bermuda,2380.000000
1971,068,BOL,Bolivia (Plurinational State of),1300.000000
1971,072,BWA,Botswana,1100.000000
1971,076,BRA,Brazil,613442.000000
1971,084,BLZ,Belize,1800.000000
1971,086,IOT,British Indian Ocean Territory [former],0.000000
1971,090,SLB,Solomon Islands,13511.000000
1971,092,VGB,British Virgin Islands,300.000000
1971,096,BRN,Brunei Darussalam,1500.000000
1971,100,BGR,Bulgaria,95404.000000
1971,104,MMR,Myanmar,441840.000000
1971,108,BDI,Burundi,16900.000000
1971,116,KHM,Cambodia,77100.000000
1971,120,CMR,Cameroon,13000.000000
1971,124,CAN,Canada,1313756.000000
1971,132,CPV,Cabo Verde,4153.000000
1971,136,CYM,Cayman Islands,0.000000
1971,140,CAF,Central African Republic,8000.000000
1971,144,LKA,Sri Lanka,74980.000000
1971,152,CHL,Chile,1491462.000000
1971,156,CHN,China,2703602.000000
1971,158,TWN,Taiwan Province of China,398094.000000
1971,170,COL,Colombia,37696.000000
1971,174,COM,Comoros,2469.000000
1971,178,COG,Congo,16010.000000
1971,180,COD,Democratic Republic of the Congo,123900.000000
1971,184,COK,Cook Islands,0.000000
1971,188,CRI,Costa Rica,10560.000000
1971,192,CUB,Cuba,126650.000000
1971,196,CYP,Cyprus,1255.000000
1971,200,CSK,Czechoslovakia [former],959.000000
1971,204,BEN,Benin,31804.000000
1971,208,DNK,Denmark,1388991.000000
1971,212,DMA,Dominica,0.000000
1971,214,DOM,Dominican Republic,4600.000000
1971,218,ECU,Ecuador,102530.000000
1971,222,SLV,El Salvador,10700.000000
1971,226,GNQ,Equatorial Guinea,0.000000
1971,230,,Ethiopia PDR [former],19100.000000
1971,234,FRO,Faroe Islands,207274.000000
1971,238,FLK,Falkland Islands (Malvinas),0.000000
1971,242,FJI,Fiji,3900.000000
1971,246,FIN,Finland,90200.000000
1971,250,FRA,France,759694.000000
1971,254,GUF,French Guiana,1100.000000
1971,258,PYF,French Polynesia,2200.000000
1971,260,ATF,French Southern Territories,700.000000
1971,262,DJI,Djibouti,300.000000
1971,266,GAB,Gabon,1800.000000
1971,270,GMB,Gambia,7739.000000
1971,276,DEU,Germany,825676.000000
1971,288,GHA,Ghana,232662.000000
1971,296,KIR,Kiribati,8900.000000
1971,300,GRC,Greece,79564.000000
1971,304,GRL,Greenland,38354.000000
1971,308,GRD,Grenada,1500.000000
1971,312,GLP,Guadeloupe,4900.000000
1971,316,GUM,Guam,100.000000
1971,320,GTM,Guatemala,3300.000000
1971,324,GIN,Guinea,0.000000
1971,328,GUY,Guyana,15500.000000
1971,332,HTI,Haiti,0.000000
1971,340,HND,Honduras,5700.000000
1971,344,HKG,"China, Hong Kong SAR",124787.000000
1971,348,HUN,Hungary,6800.000000
1971,352,ISL,Iceland,699881.000000
1971,356,IND,India,1716303.000000
1971,360,IDN,Indonesia,1159181.000000
1971,364,IRN,Iran (Islamic Republic of),6509.000000
1971,368,IRQ,Iraq,27100.000000
1971,372,IRL,Ireland,69200.000000
1971,376,ISR,Israel,18713.000000
1971,380,ITA,Italy,390997.000000
1971,384,CIV,Côte d'Ivoire,77530.000000
1971,388,JAM,Jamaica,9300.000000
1971,392,JPN,Japan,9290197.000000
1971,400,JOR,Jordan,200.000000
1971,404,KEN,Kenya,28300.000000
1971,408,PRK,Democratic People's Republic of Korea,0.000000
1971,410,KOR,Republic of Korea,915674.000000
1971,414,KWT,Kuwait,5700.000000
1971,422,LBN,Lebanon,2000.000000
1971,430,LBR,Liberia,1500.000000
1971,434,LBY,Libya,5600.000000
1971,450,MDG,Madagascar,56745.000000
1971,458,MYS,Malaysia,337219.000000
1971,462,MDV,Maldives,35176.000000
1971,466,MLI,Mali,90000.000000
1971,470,MLT,Malta,1247.000000
1971,474,MTQ,Martinique,3700.000000
1971,478,MRT,Mauritania,58925.000000
1971,480,MUS,Mauritius,5200.000000
1971,484,MEX,Mexico,422925.000000
1971,500,MSR,Montserrat,100.000000
1971,504,MAR,Morocco,234784.000000
1971,508,MOZ,Mozambique,22900.000000
1971,512,OMN,Oman,0.000000
1971,516,NAM,Namibia,0.000000
1971,524,NPL,Nepal,1982.000000
1971,528,NLD,Netherlands (Kingdom of the),225500.000000
1971,530,ANT,Netherlands Antilles [former],0.000000
1971,540,NCL,New Caledonia,0.000000
1971,548,VUT,Vanuatu,0.000000
1971,554,NZL,New Zealand,64900.000000
1971,558,NIC,Nicaragua,9400.000000
1971,562,NER,Niger,5400.000000
1971,566,NGA,Nigeria,96270.000000
1971,578,NOR,Norway,3102485.000000
1971,580,MNP,Northern Mariana Islands,0.000000
1971,583,FSM,Micronesia (Federated States of),0.000000
1971,584,MHL,Marshall Islands,0.000000
1971,585,PLW,Palau,2143.000000
1971,586,PAK,Pakistan,162511.000000
1971,591,PAN,Panama,78650.000000
1971,598,PNG,Papua New Guinea,30668.000000
1971,604,PER,Peru,10507100.000000
1971,608,PHL,Philippines,1017976.000000
1971,616,POL,Poland,507249.000000
1971,620,PRT,Portugal,453661.000000
1971,624,GNB,Guinea-Bissau,1400.000000
1971,630,PRI,Puerto Rico,2200.000000
1971,634,QAT,Qatar,0.000000
1971,638,REU,Réunion,2100.000000
1971,642,ROU,Romania,41552.000000
1971,646,RWA,Rwanda,900.000000
1971,654,SHN,"Ascension, Saint Helena and Tristan da Cunha",756.000000
1971,659,KNA,Saint Kitts and Nevis,0.000000
1971,662,LCA,Saint Lucia,1519.000000
1971,666,SPM,Saint Pierre and Miquelon,5541.000000
1971,670,VCT,Saint Vincent and the Grenadines,300.000000
1971,678,STP,Sao Tome and Principe,900.000000
1971,682,SAU,Saudi Arabia,22300.000000
1971,686,SEN,Senegal,134482.000000
1971,690,SYC,Seychelles,3000.000000
1971,694,SLE,Sierra Leone,31150.000000
1971,702,SGP,Singapore,15200.000000
1971,704,VNM,Viet Nam,65230.000000
1971,710,ZAF,South Africa,1214550.000000
1971,716,ZWE,Zimbabwe,0.000000
1971,724,ESP,Spain,950038.000000
1971,732,ESH,Western Sahara,0.000000
1971,736,,Sudan [former],22200.000000
1971,740,SUR,Suriname,10400.000000
1971,752,SWE,Sweden,229386.000000
1971,756,CHE,Switzerland,2800.000000
1971,760,SYR,Syrian Arab Republic,2090.000000
1971,764,THA,Thailand,1498048.000000
1971,768,TGO,Togo,10921.000000
1971,776,TON,Tonga,500.000000
1971,780,TTO,Trinidad and Tobago,4100.000000
1971,784,ARE,United Arab Emirates,43000.000000
1971,788,TUN,Tunisia,25870.000000
1971,792,TUR,Türkiye,160410.000000
1971,796,TCA,Turks and Caicos Islands,1230.000000
1971,798,TUV,Tuvalu,0.000000
1971,800,UGA,Uganda,137000.000000
1971,804,UKR,Ukraine,0.000000
1971,810,SUN,Union of Soviet Socialist Republics [former],7326280.000000
1971,818,EGY,Egypt,77268.000000
1971,826,GBR,United Kingdom of Great Britain and Northern Ireland,1203736.000000
1971,831,GGY,Guernsey,400.000000
1971,833,IMN,Isle of Man,16900.000000
1971,834,TZA,United Republic of Tanzania,183201.000000
1971,840,USA,United States of America,2885210.000000
1971,850,VIR,United States Virgin Islands,0.000000
1971,854,BFA,Burkina Faso,5000.000000
1971,858,URY,Uruguay,14400.000000
1971,862,VEN,Venezuela (Bolivarian Republic of),139046.000000
1971,876,WLF,Wallis and Futuna Islands,0.000000
1971,882,WSM,Samoa,900.000000
1971,887,YEM,Yemen,0.000000
1971,890,YUG,Yugoslavia SFR [former],37361.000000
1971,894,ZMB,Zambia,46800.000000
1971,896,,Other NEI,142588.000000
1972,008,ALB,Albania,0.000000
1972,012,DZA,Algeria,28313.000000
1972,016,ASM,American Samoa,0.000000
1972,024,AGO,Angola,606656.000000
1972,028,ATG,Antigua and Barbuda,1200.000000
1972,032,ARG,Argentina,237948.000000
1972,036,AUS,Australia,116297.000000
1972,040,AUT,Austria,1520.000000
1972,044,BHS,Bahamas,3300.000000
1972,048,BHR,Bahrain,0.000000
1972,050,BGD,Bangladesh,749592.000000
1972,052,BRB,Barbados,2300.000000
1972,056,BEL,Belgium,59000.000000
1972,060,BMU,Bermuda,2820.000000
1972,068,BOL,Bolivia (Plurinational State of),1500.000000
1972,072,BWA,Botswana,1200.000000
1972,076,BRA,Brazil,620117.000000
1972,084,BLZ,Belize,1900.000000
1972,086,IOT,British Indian Ocean Territory [former],0.000000
1972,090,SLB,Solomon Islands,17005.000000
1972,092,VGB,British Virgin Islands,300.000000
1972,096,BRN,Brunei Darussalam,1500.000000
1972,100,BGR,Bulgaria,106417.000000
1972,104,MMR,Myanmar,452300.000000
1972,108,BDI,Burundi,7500.000000
1972,116,KHM,Cambodia,87100.000000
1972,120,CMR,Cameroon,20400.000000
1972,124,CAN,Canada,1170094.000000
1972,132,CPV,Cabo Verde,4078.000000
1972,136,CYM,Cayman Islands,0.000000
1972,140,CAF,Central African Republic,8000.000000
1972,144,LKA,Sri Lanka,91867.000000
1972,152,CHL,Chile,795053.000000
1972,156,CHN,China,3008671.000000
1972,158,TWN,Taiwan Province of China,450034.000000
1972,170,COL,Colombia,110687.000000
1972,174,COM,Comoros,2878.000000
1972,178,COG,Congo,24526.000000
1972,180,COD,Democratic Republic of the Congo,124200.000000
1972,184,COK,Cook Islands,0.000000
1972,188,CRI,Costa Rica,12550.000000
1972,192,CUB,Cuba,139141.000000
1972,196,CYP,Cyprus,1340.000000
1972,200,CSK,Czechoslovakia [former],1210.000000
1972,204,BEN,Benin,31602.000000
1972,208,DNK,Denmark,1429006.000000
1972,212,DMA,Dominica,0.000000
1972,214,DOM,Dominican Republic,5600.000000
1972,218,ECU,Ecuador,106840.000000
1972,222,SLV,El Salvador,10400.000000
1972,226,GNQ,Equatorial Guinea,0.000000
1972,230,,Ethiopia PDR [former],1000.000000
1972,234,FRO,Faroe Islands,208152.000000
1972,238,FLK,Falkland Islands (Malvinas),0.000000
1972,242,FJI,Fiji,4700.000000
1972,246,FIN,Finland,87600.000000
1972,250,FRA,France,721037.000000
1972,254,GUF,French Guiana,1500.000000
1972,258,PYF,French Polynesia,2400.000000
1972,260,ATF,French Southern Territories,700.000000
1972,262,DJI,Djibouti,100.000000
1972,266,GAB,Gabon,1800.000000
1972,270,GMB,Gambia,7884.000000
1972,276,DEU,Germany,736404.000000
1972,288,GHA,Ghana,281189.000000
1972,296,KIR,Kiribati,9100.000000
1972,300,GRC,Greece,73579.000000
1972,304,GRL,Greenland,41792.000000
1972,308,GRD,Grenada,1700.000000
1972,312,GLP,Guadeloupe,5000.000000
1972,316,GUM,Guam,100.000000
1972,320,GTM,Guatemala,3100.000000
1972,324,GIN,Guinea,0.000000
1972,328,GUY,Guyana,17600.000000
1972,332,HTI,Haiti,0.000000
1972,340,HND,Honduras,5750.000000
1972,344,HKG,"China, Hong Kong SAR",131778.000000
1972,348,HUN,Hungary,6300.000000
1972,352,ISL,Iceland,741506.000000
1972,356,IND,India,1485142.000000
1972,360,IDN,Indonesia,1177852.000000
1972,364,IRN,Iran (Islamic Republic of),3788.000000
1972,368,IRQ,Iraq,31500.000000
1972,372,IRL,Ireland,86600.000000
1972,376,ISR,Israel,20736.000000
1972,380,ITA,Italy,407839.000000
1972,384,CIV,Côte d'Ivoire,75199.000000
1972,388,JAM,Jamaica,9500.000000
1972,392,JPN,Japan,9617504.000000
1972,400,JOR,Jordan,100.000000
1972,404,KEN,Kenya,30000.000000
1972,408,PRK,Democratic People's Republic of Korea,0.000000
1972,410,KOR,Republic of Korea,1178402.000000
1972,414,KWT,Kuwait,5000.000000
1972,422,LBN,Lebanon,0.000000
1972,430,LBR,Liberia,2200.000000
1972,434,LBY,Libya,2549.000000
1972,450,MDG,Madagascar,57733.000000
1972,454,MWI,Malawi,70000.000000
1972,458,MYS,Malaysia,326872.000000
1972,462,MDV,Maldives,32268.000000
1972,466,MLI,Mali,80000.000000
1972,470,MLT,Malta,1247.000000
1972,474,MTQ,Martinique,3200.000000
1972,478,MRT,Mauritania,36291.000000
1972,480,MUS,Mauritius,6600.000000
1972,484,MEX,Mexico,458147.000000
1972,500,MSR,Montserrat,100.000000
1972,504,MAR,Morocco,275036.000000
1972,508,MOZ,Mozambique,22900.000000
1972,512,OMN,Oman,0.000000
1972,516,NAM,Namibia,0.000000
1972,524,NPL,Nepal,2003.000000
1972,528,NLD,Netherlands (Kingdom of the),232100.000000
1972,530,ANT,Netherlands Antilles [former],0.000000
1972,540,NCL,New Caledonia,0.000000
1972,548,VUT,Vanuatu,0.000000
1972,554,NZL,New Zealand,56168.000000
1972,558,NIC,Nicaragua,11200.000000
1972,562,NER,Niger,16400.000000
1972,566,NGA,Nigeria,78351.000000
1972,578,NOR,Norway,3204036.000000
1972,580,MNP,Northern Mariana Islands,0.000000
1972,583,FSM,Micronesia (Federated States of),0.000000
1972,584,MHL,Marshall Islands,0.000000
1972,585,PLW,Palau,1519.000000
1972,586,PAK,Pakistan,193162.000000
1972,591,PAN,Panama,70056.000000
1972,598,PNG,Papua New Guinea,27271.000000
1972,604,PER,Peru,4678282.000000
1972,608,PHL,Philippines,1119413.000000
1972,616,POL,Poland,531014.000000
1972,620,PRT,Portugal,458300.000000
1972,624,GNB,Guinea-Bissau,1700.000000
1972,630,PRI,Puerto Rico,2100.000000
1972,634,QAT,Qatar,0.000000
1972,638,REU,Réunion,2100.000000
1972,642,ROU,Romania,55579.000000
1972,646,RWA,Rwanda,800.000000
1972,654,SHN,"Ascension, Saint Helena and Tristan da Cunha",1057.000000
1972,659,KNA,Saint Kitts and Nevis,0.000000
1972,662,LCA,Saint Lucia,1519.000000
1972,666,SPM,Saint Pierre and Miquelon,4677.000000
1972,670,VCT,Saint Vincent and the Grenadines,300.000000
1972,678,STP,Sao Tome and Principe,800.000000
1972,682,SAU,Saudi Arabia,23800.000000
1972,686,SEN,Senegal,152839.000000
1972,690,SYC,Seychelles,3000.000000
1972,694,SLE,Sierra Leone,51052.000000
1972,702,SGP,Singapore,15600.000000
1972,704,VNM,Viet Nam,78370.000000
1972,710,ZAF,South Africa,1188004.000000
1972,716,ZWE,Zimbabwe,0.000000
1972,724,ESP,Spain,1405539.000000
1972,732,ESH,Western Sahara,0.000000
1972,736,,Sudan [former],22200.000000
1972,740,SUR,Suriname,12120.000000
1972,752,SWE,Sweden,218105.000000
1972,756,CHE,Switzerland,3595.000000
1972,760,SYR,Syrian Arab Republic,1585.000000
1972,764,THA,Thailand,1626404.000000
1972,768,TGO,Togo,10942.000000
1972,776,TON,Tonga,500.000000
1972,780,TTO,Trinidad and Tobago,3700.000000
1972,784,ARE,United Arab Emirates,43000.000000
1972,788,TUN,Tunisia,28289.000000
1972,792,TUR,Türkiye,174957.000000
1972,796,TCA,Turks and Caicos Islands,1430.000000
1972,798,TUV,Tuvalu,0.000000
1972,800,UGA,Uganda,166000.000000
1972,804,UKR,Ukraine,0.000000
1972,810,SUN,Union of Soviet Socialist Republics [former],7905089.000000
1972,818,EGY,Egypt,71209.000000
1972,826,GBR,United Kingdom of Great Britain and Northern Ireland,1169713.000000
1972,831,GGY,Guernsey,1300.000000
1972,833,IMN,Isle of Man,18000.000000
1972,834,TZA,United Republic of Tanzania,157826.000000
1972,840,USA,United States of America,2772580.000000
1972,850,VIR,United States Virgin Islands,0.000000
1972,854,BFA,Burkina Faso,4000.000000
1972,858,URY,Uruguay,20600.000000
1972,862,VEN,Venezuela (Bolivarian Republic of),152220.000000
1972,876,WLF,Wallis and Futuna Islands,0.000000
1972,882,WSM,Samoa,900.000000
1972,887,YEM,Yemen,0.000000
1972,890,YUG,Yugoslavia SFR [former],36441.000000
1972,894,ZMB,Zambia,49900.000000
1972,896,,Other NEI,159889.000000
1973,008,ALB,Albania,0.000000
1973,012,DZA,Algeria,31243.000000
1973,016,ASM,American Samoa,100.000000
1973,024,AGO,Angola,478659.000000
1973,028,ATG,Antigua and Barbuda,1500.000000
1973,032,ARG,Argentina,301989.000000
1973,036,AUS,Australia,119490.000000
1973,040,AUT,Austria,900.000000
1973,044,BHS,Bahamas,4400.000000
1973,048,BHR,Bahrain,0.000000
1973,050,BGD,Bangladesh,749675.000000
1973,052,BRB,Barbados,2600.000000
1973,056,BEL,Belgium,53300.000000
1973,060,BMU,Bermuda,3220.000000
1973,068,BOL,Bolivia (Plurinational State of),1500.000000
1973,072,BWA,Botswana,1200.000000
1973,076,BRA,Brazil,759919.000000
1973,084,BLZ,Belize,1600.000000
1973,086,IOT,British Indian Ocean Territory [former],0.000000
1973,090,SLB,Solomon Islands,15924.000000
1973,092,VGB,British Virgin Islands,300.000000
1973,096,BRN,Brunei Darussalam,1500.000000
1973,100,BGR,Bulgaria,97110.000000
1973,104,MMR,Myanmar,462240.000000
1973,108,BDI,Burundi,8500.000000
1973,116,KHM,Cambodia,84700.000000
1973,120,CMR,Cameroon,17600.000000
1973,124,CAN,Canada,1163762.000000
1973,132,CPV,Cabo Verde,8333.000000
1973,136,CYM,Cayman Islands,0.000000
1973,140,CAF,Central African Republic,10000.000000
1973,144,LKA,Sri Lanka,96528.000000
1973,152,CHL,Chile,667417.000000
1973,156,CHN,China,3099216.000000
1973,158,TWN,Taiwan Province of China,502615.000000
1973,170,COL,Colombia,105282.000000
1973,174,COM,Comoros,3286.000000
1973,178,COG,Congo,22200.000000
1973,180,COD,Democratic Republic of the Congo,156900.000000
1973,184,COK,Cook Islands,0.000000
1973,188,CRI,Costa Rica,12360.000000
1973,192,CUB,Cuba,149707.000000
1973,196,CYP,Cyprus,1459.000000
1973,200,CSK,Czechoslovakia [former],962.000000
1973,204,BEN,Benin,29073.000000
1973,208,DNK,Denmark,1430485.000000
1973,212,DMA,Dominica,0.000000
1973,214,DOM,Dominican Republic,9200.000000
1973,218,ECU,Ecuador,151565.000000
1973,222,SLV,El Salvador,12400.000000
1973,226,GNQ,Equatorial Guinea,0.000000
1973,230,,Ethiopia PDR [former],0.000000
1973,234,FRO,Faroe Islands,246261.000000
1973,238,FLK,Falkland Islands (Malvinas),0.000000
1973,242,FJI,Fiji,4700.000000
1973,246,FIN,Finland,98800.000000
1973,250,FRA,France,762345.000000
1973,254,GUF,French Guiana,1200.000000
1973,258,PYF,French Polynesia,2600.000000
1973,260,ATF,French Southern Territories,700.000000
1973,262,DJI,Djibouti,200.000000
1973,266,GAB,Gabon,1800.000000
1973,270,GMB,Gambia,12294.000000
1973,276,DEU,Germany,821784.000000
1973,288,GHA,Ghana,221664.000000
1973,296,KIR,Kiribati,9200.000000
1973,300,GRC,Greece,84146.000000
1973,304,GRL,Greenland,44297.000000
1973,308,GRD,Grenada,1700.000000
1973,312,GLP,Guadeloupe,4620.000000
1973,316,GUM,Guam,100.000000
1973,320,GTM,Guatemala,3700.000000
1973,324,GIN,Guinea,0.000000
1973,328,GUY,Guyana,19000.000000
1973,332,HTI,Haiti,0.000000
1973,340,HND,Honduras,4450.000000
1973,344,HKG,"China, Hong Kong SAR",124496.000000
1973,348,HUN,Hungary,7474.000000
1973,352,ISL,Iceland,922000.000000
1973,356,IND,India,1787620.000000
1973,360,IDN,Indonesia,1164611.000000
1973,364,IRN,Iran (Islamic Republic of),4149.000000
1973,368,IRQ,Iraq,26700.000000
1973,372,IRL,Ireland,87391.000000
1973,376,ISR,Israel,18295.000000
1973,380,ITA,Italy,395315.000000
1973,384,CIV,Côte d'Ivoire,60763.000000
1973,388,JAM,Jamaica,9600.000000
1973,392,JPN,Japan,9915271.000000
1973,400,JOR,Jordan,100.000000
1973,404,KEN,Kenya,29000.000000
1973,408,PRK,Democratic People's Republic of Korea,0.000000
1973,410,KOR,Republic of Korea,1420581.000000
1973,414,KWT,Kuwait,6100.000000
1973,422,LBN,Lebanon,2400.000000
1973,430,LBR,Liberia,2700.000000
1973,434,LBY,Libya,2975.000000
1973,450,MDG,Madagascar,65916.000000
1973,454,MWI,Malawi,69300.000000
1973,458,MYS,Malaysia,401900.000000
1973,462,MDV,Maldives,35706.000000
1973,466,MLI,Mali,85000.000000
1973,470,MLT,Malta,1644.000000
1973,474,MTQ,Martinique,3100.000000
1973,478,MRT,Mauritania,33190.000000
1973,480,MUS,Mauritius,6400.000000
1973,484,MEX,Mexico,477730.000000
1973,500,MSR,Montserrat,100.000000
1973,504,MAR,Morocco,399681.000000
1973,508,MOZ,Mozambique,26300.000000
1973,512,OMN,Oman,0.000000
1973,516,NAM,Namibia,0.000000
1973,528,NLD,Netherlands (Kingdom of the),230736.000000
1973,530,ANT,Netherlands Antilles [former],0.000000
1973,540,NCL,New Caledonia,0.000000
1973,548,VUT,Vanuatu,0.000000
1973,554,NZL,New Zealand,64184.000000
1973,558,NIC,Nicaragua,13900.000000
1973,562,NER,Niger,16200.000000
1973,566,NGA,Nigeria,86541.000000
1973,578,NOR,Norway,3014959.000000
1973,580,MNP,Northern Mariana Islands,0.000000
1973,583,FSM,Micronesia (Federated States of),0.000000
1973,584,MHL,Marshall Islands,0.000000
1973,585,PLW,Palau,2350.000000
1973,586,PAK,Pakistan,202984.000000
1973,591,PAN,Panama,114859.000000
1973,598,PNG,Papua New Guinea,45600.000000
1973,600,PRY,Paraguay,2700.000000
1973,604,PER,Peru,2295681.000000
1973,608,PHL,Philippines,1201716.000000
1973,616,POL,Poland,565133.000000
1973,620,PRT,Portugal,492151.000000
1973,624,GNB,Guinea-Bissau,1700.000000
1973,630,PRI,Puerto Rico,2000.000000
1973,634,QAT,Qatar,700.000000
1973,638,REU,Réunion,2000.000000
1973,642,ROU,Romania,74218.000000
1973,646,RWA,Rwanda,1000.000000
1973,654,SHN,"Ascension, Saint Helena and Tristan da Cunha",762.000000
1973,659,KNA,Saint Kitts and Nevis,0.000000
1973,662,LCA,Saint Lucia,1627.000000
1973,666,SPM,Saint Pierre and Miquelon,5467.000000
1973,670,VCT,Saint Vincent and the Grenadines,200.000000
1973,678,STP,Sao Tome and Principe,800.000000
1973,682,SAU,Saudi Arabia,26400.000000
1973,686,SEN,Senegal,192841.000000
1973,690,SYC,Seychelles,3000.000000
1973,694,SLE,Sierra Leone,66976.000000
1973,702,SGP,Singapore,18500.000000
1973,704,VNM,Viet Nam,111050.000000
1973,710,ZAF,South Africa,1423825.000000
1973,716,ZWE,Zimbabwe,0.000000
1973,724,ESP,Spain,1431154.000000
1973,732,ESH,Western Sahara,0.000000
1973,736,,Sudan [former],22600.000000
1973,740,SUR,Suriname,11610.000000
1973,752,SWE,Sweden,220184.000000
1973,756,CHE,Switzerland,3590.000000
1973,760,SYR,Syrian Arab Republic,1325.000000
1973,764,THA,Thailand,1636985.000000
1973,768,TGO,Togo,11333.000000
1973,776,TON,Tonga,600.000000
1973,780,TTO,Trinidad and Tobago,4000.000000
1973,784,ARE,United Arab Emirates,43000.000000
1973,788,TUN,Tunisia,30674.000000
1973,792,TUR,Türkiye,146374.000000
1973,796,TCA,Turks and Caicos Islands,1430.000000
1973,798,TUV,Tuvalu,0.000000
1973,800,UGA,Uganda,169500.000000
1973,804,UKR,Ukraine,0.000000
1973,810,SUN,Union of Soviet Socialist Republics [former],8778621.000000
1973,818,EGY,Egypt,78514.000000
1973,826,GBR,United Kingdom of Great Britain and Northern Ireland,1212893.000000
1973,831,GGY,Guernsey,400.000000
1973,833,IMN,Isle of Man,15500.000000
1973,834,TZA,United Republic of Tanzania,163692.000000
1973,840,USA,United States of America,2808350.000000
1973,850,VIR,United States Virgin Islands,0.000000
1973,854,BFA,Burkina Faso,5000.000000
1973,858,URY,Uruguay,17500.000000
1973,862,VEN,Venezuela (Bolivarian Republic of),162611.000000
1973,876,WLF,Wallis and Futuna Islands,0.000000
1973,882,WSM,Samoa,900.000000
1973,887,YEM,Yemen,0.000000
1973,890,YUG,Yugoslavia SFR [former],36734.000000
1973,894,ZMB,Zambia,50400.000000
1973,896,,Other NEI,165019.000000
1974,008,ALB,Albania,0.000000
1974,012,DZA,Algeria,35758.000000
1974,016,ASM,American Samoa,82.000000
1974,024,AGO,Angola,399784.000000
1974,028,ATG,Antigua and Barbuda,1590.000000
1974,032,ARG,Argentina,295965.000000
1974,036,AUS,Australia,133002.000000
1974,040,AUT,Austria,850.000000
1974,044,BHS,Bahamas,4663.000000
1974,048,BHR,Bahrain,0.000000
1974,050,BGD,Bangladesh,751112.000000
1974,052,BRB,Barbados,2655.000000
1974,056,BEL,Belgium,46820.000000
1974,060,BMU,Bermuda,3599.000000
1974,068,BOL,Bolivia (Plurinational State of),1050.000000
1974,072,BWA,Botswana,1200.000000
1974,076,BRA,Brazil,715030.000000
1974,084,BLZ,Belize,1618.000000
1974,086,IOT,British Indian Ocean Territory [former],0.000000
1974,090,SLB,Solomon Islands,19676.000000
1974,092,VGB,British Virgin Islands,306.000000
1974,096,BRN,Brunei Darussalam,1560.000000
1974,100,BGR,Bulgaria,112759.000000
1974,104,MMR,Myanmar,432510.000000
1974,108,BDI,Burundi,10982.000000
1974,116,KHM,Cambodia,0.000000
1974,120,CMR,Cameroon,15736.000000
1974,124,CAN,Canada,1041273.000000
1974,132,CPV,Cabo Verde,3428.000000
1974,136,CYM,Cayman Islands,0.000000
1974,140,CAF,Central African Republic,11883.000000
1974,144,LKA,Sri Lanka,100469.000000
1974,152,CHL,Chile,1127529.000000
1974,156,CHN,China,3384961.000000
1974,158,TWN,Taiwan Province of China,390800.000000
1974,170,COL,Colombia,62387.000000
1974,174,COM,Comoros,4046.000000
1974,178,COG,Congo,23718.000000
1974,180,COD,Democratic Republic of the Congo,128810.000000
1974,184,COK,Cook Islands,20.000000
1974,188,CRI,Costa Rica,15554.000000
1974,192,CUB,Cuba,163819.000000
1974,196,CYP,Cyprus,1180.000000
1974,200,CSK,Czechoslovakia [former],945.000000
1974,204,BEN,Benin,27802.000000
1974,208,DNK,Denmark,1823180.000000
1974,212,DMA,Dominica,0.000000
1974,214,DOM,Dominican Republic,6810.000000
1974,218,ECU,Ecuador,175470.000000
1974,222,SLV,El Salvador,9654.000000
1974,226,GNQ,Equatorial Guinea,0.000000
1974,230,,Ethiopia PDR [former],0.000000
1974,234,FRO,Faroe Islands,246635.000000
1974,238,FLK,Falkland Islands (Malvinas),0.000000
1974,242,FJI,Fiji,4800.000000
1974,246,FIN,Finland,109978.000000
1974,250,FRA,France,746102.000000
1974,254,GUF,French Guiana,1142.000000
1974,258,PYF,French Polynesia,2386.000000
1974,260,ATF,French Southern Territories,632.000000
1974,262,DJI,Djibouti,380.000000
1974,266,GAB,Gabon,1800.000000
1974,270,GMB,Gambia,12695.000000
1974,276,DEU,Germany,861817.000000
1974,288,GHA,Ghana,219146.000000
1974,296,KIR,Kiribati,9475.000000
1974,300,GRC,Greece,92278.000000
1974,304,GRL,Greenland,51260.000000
1974,308,GRD,Grenada,1634.000000
1974,312,GLP,Guadeloupe,6000.000000
1974,316,GUM,Guam,91.000000
1974,320,GTM,Guatemala,3881.000000
1974,324,GIN,Guinea,0.000000
1974,328,GUY,Guyana,23617.000000
1974,332,HTI,Haiti,0.000000
1974,340,HND,Honduras,3861.000000
1974,344,HKG,"China, Hong Kong SAR",138184.000000
1974,348,HUN,Hungary,8368.000000
1974,352,ISL,Iceland,954849.000000
1974,356,IND,India,2064670.000000
1974,360,IDN,Indonesia,1225698.000000
1974,364,IRN,Iran (Islamic Republic of),69062.000000
1974,368,IRQ,Iraq,22446.000000
1974,372,IRL,Ireland,85782.000000
1974,376,ISR,Israel,15978.000000
1974,380,ITA,Italy,426700.000000
1974,384,CIV,Côte d'Ivoire,66690.000000
1974,388,JAM,Jamaica,10100.000000
1974,392,JPN,Japan,9899715.000000
1974,400,JOR,Jordan,92.000000
1974,404,KEN,Kenya,28581.000000
1974,408,PRK,Democratic People's Republic of Korea,0.000000
1974,410,KOR,Republic of Korea,1680423.000000
1974,414,KWT,Kuwait,5502.000000
1974,422,LBN,Lebanon,0.000000
1974,430,LBR,Liberia,3464.000000
1974,434,LBY,Libya,4769.000000
1974,450,MDG,Madagascar,71399.000000
1974,454,MWI,Malawi,70275.000000
1974,458,MYS,Malaysia,473420.000000
1974,462,MDV,Maldives,37258.000000
1974,466,MLI,Mali,75000.000000
1974,470,MLT,Malta,1546.000000
1974,474,MTQ,Martinique,4056.000000
1974,478,MRT,Mauritania,43597.000000
1974,480,MUS,Mauritius,7679.000000
1974,484,MEX,Mexico,441879.000000
1974,500,MSR,Montserrat,77.000000
1974,504,MAR,Morocco,288681.000000
1974,508,MOZ,Mozambique,28660.000000
1974,512,OMN,Oman,0.000000
1974,516,NAM,Namibia,50.000000
1974,528,NLD,Netherlands (Kingdom of the),227142.000000
1974,530,ANT,Netherlands Antilles [former],0.000000
1974,540,NCL,New Caledonia,868.000000
1974,548,VUT,Vanuatu,0.000000
1974,554,NZL,New Zealand,67502.000000
1974,558,NIC,Nicaragua,8689.000000
1974,562,NER,Niger,15050.000000
1974,566,NGA,Nigeria,109279.000000
1974,578,NOR,Norway,2668746.000000
1974,580,MNP,Northern Mariana Islands,0.000000
1974,583,FSM,Micronesia (Federated States of),0.000000
1974,584,MHL,Marshall Islands,0.000000
1974,585,PLW,Palau,6808.000000
1974,586,PAK,Pakistan,173282.000000
1974,591,PAN,Panama,88662.000000
1974,598,PNG,Papua New Guinea,50027.000000
1974,604,PER,Peru,4125826.000000
1974,608,PHL,Philippines,1258546.000000
1974,616,POL,Poland,665636.000000
1974,620,PRT,Portugal,442442.000000
1974,624,GNB,Guinea-Bissau,1700.000000
1974,630,PRI,Puerto Rico,2000.000000
1974,634,QAT,Qatar,547.000000
1974,638,REU,Réunion,2533.000000
1974,642,ROU,Romania,95909.000000
1974,646,RWA,Rwanda,1368.000000
1974,654,SHN,"Ascension, Saint Helena and Tristan da Cunha",754.000000
1974,659,KNA,Saint Kitts and Nevis,0.000000
1974,662,LCA,Saint Lucia,1700.000000
1974,666,SPM,Saint Pierre and Miquelon,4515.000000
1974,670,VCT,Saint Vincent and the Grenadines,283.000000
1974,678,STP,Sao Tome and Principe,0.000000
1974,682,SAU,Saudi Arabia,23600.000000
1974,686,SEN,Senegal,218010.000000
1974,690,SYC,Seychelles,3500.000000
1974,694,SLE,Sierra Leone,68503.000000
1974,702,SGP,Singapore,19236.000000
1974,704,VNM,Viet Nam,0.000000
1974,706,SOM,Somalia,5980.000000
1974,710,ZAF,South Africa,1477287.000000
1974,716,ZWE,Zimbabwe,3087.000000
1974,724,ESP,Spain,1429814.000000
1974,732,ESH,Western Sahara,0.000000
1974,740,SUR,Suriname,10501.000000
1974,752,SWE,Sweden,205148.000000
1974,756,CHE,Switzerland,3785.000000
1974,760,SYR,Syrian Arab Republic,1630.000000
1974,764,THA,Thailand,1468140.000000
1974,768,TGO,Togo,11150.000000
1974,776,TON,Tonga,726.000000
1974,780,TTO,Trinidad and Tobago,3725.000000
1974,784,ARE,United Arab Emirates,67800.000000
1974,788,TUN,Tunisia,42347.000000
1974,792,TUR,Türkiye,128738.000000
1974,796,TCA,Turks and Caicos Islands,1759.000000
1974,798,TUV,Tuvalu,0.000000
1974,800,UGA,Uganda,167500.000000
1974,804,UKR,Ukraine,0.000000
1974,810,SUN,Union of Soviet Socialist Republics [former],9223475.000000
1974,818,EGY,Egypt,89344.000000
1974,826,GBR,United Kingdom of Great Britain and Northern Ireland,1172153.000000
1974,831,GGY,Guernsey,1625.000000
1974,833,IMN,Isle of Man,14791.000000
1974,834,TZA,United Republic of Tanzania,174326.000000
1974,840,USA,United States of America,2885967.000000
1974,850,VIR,United States Virgin Islands,0.000000
1974,858,URY,Uruguay,16000.000000
1974,862,VEN,Venezuela (Bolivarian Republic of),145375.000000
1974,876,WLF,Wallis and Futuna Islands,0.000000
1974,882,WSM,Samoa,900.000000
1974,887,YEM,Yemen,51244.000000
1974,890,YUG,Yugoslavia SFR [former],37008.000000
1974,894,ZMB,Zambia,46929.000000
1974,896,,Other NEI,108292.000000
1975,008,ALB,Albania,0.000000
1975,012,DZA,Algeria,37693.000000
1975,016,ASM,American Samoa,136.000000
1975,024,AGO,Angola,160581.000000
1975,028,ATG,Antigua and Barbuda,1601.000000
1975,032,ARG,Argentina,232209.000000
1975,036,AUS,Australia,104200.000000
1975,040,AUT,Austria,840.000000
1975,044,BHS,Bahamas,4693.000000
1975,048,BHR,Bahrain,0.000000
1975,050,BGD,Bangladesh,566730.000000
1975,052,BRB,Barbados,4210.000000
1975,056,BEL,Belgium,49027.000000
1975,060,BMU,Bermuda,4572.000000
1975,068,BOL,Bolivia (Plurinational State of),1050.000000
1975,072,BWA,Botswana,1200.000000
1975,076,BRA,Brazil,752504.000000
1975,084,BLZ,Belize,1603.000000
1975,086,IOT,British Indian Ocean Territory [former],0.000000
1975,090,SLB,Solomon Islands,16940.000000
1975,092,VGB,British Virgin Islands,318.000000
1975,096,BRN,Brunei Darussalam,1570.000000
1975,100,BGR,Bulgaria,151933.000000
1975,104,MMR,Myanmar,483620.000000
1975,108,BDI,Burundi,14547.000000
1975,116,KHM,Cambodia,0.000000
1975,120,CMR,Cameroon,16280.000000
1975,124,CAN,Canada,1027771.000000
1975,132,CPV,Cabo Verde,3900.000000
1975,136,CYM,Cayman Islands,0.000000
1975,140,CAF,Central African Republic,8044.000000
1975,144,LKA,Sri Lanka,109215.000000
1975,152,CHL,Chile,899198.000000
1975,156,CHN,China,3496766.000000
1975,158,TWN,Taiwan Province of China,438406.000000
1975,170,COL,Colombia,66527.000000
1975,174,COM,Comoros,4755.000000
1975,178,COG,Congo,23103.000000
1975,180,COD,Democratic Republic of the Congo,113380.000000
1975,184,COK,Cook Islands,20.000000
1975,188,CRI,Costa Rica,16172.000000
1975,192,CUB,Cuba,143013.000000
1975,196,CYP,Cyprus,919.000000
1975,200,CSK,Czechoslovakia [former],1113.000000
1975,204,BEN,Benin,25933.000000
1975,208,DNK,Denmark,1751851.000000
1975,212,DMA,Dominica,1001.000000
1975,214,DOM,Dominican Republic,5906.000000
1975,218,ECU,Ecuador,214198.000000
1975,222,SLV,El Salvador,8730.000000
1975,226,GNQ,Equatorial Guinea,0.000000
1975,230,,Ethiopia PDR [former],0.000000
1975,234,FRO,Faroe Islands,285618.000000
1975,238,FLK,Falkland Islands (Malvinas),0.000000
1975,242,FJI,Fiji,5036.000000
1975,246,FIN,Finland,109536.000000
1975,250,FRA,France,713381.000000
1975,254,GUF,French Guiana,1241.000000
1975,258,PYF,French Polynesia,2169.000000
1975,260,ATF,French Southern Territories,200.000000
1975,262,DJI,Djibouti,300.000000
1975,266,GAB,Gabon,1800.000000
1975,270,GMB,Gambia,2700.000000
1975,276,DEU,Germany,788675.000000
1975,288,GHA,Ghana,261391.000000
1975,296,KIR,Kiribati,9650.000000
1975,300,GRC,Greece,94936.000000
1975,304,GRL,Greenland,47593.000000
1975,308,GRD,Grenada,1700.000000
1975,312,GLP,Guadeloupe,4740.000000
1975,316,GUM,Guam,131.000000
1975,320,GTM,Guatemala,4530.000000
1975,324,GIN,Guinea,0.000000
1975,328,GUY,Guyana,20123.000000
1975,332,HTI,Haiti,0.000000
1975,340,HND,Honduras,5005.000000
1975,344,HKG,"China, Hong Kong SAR",145947.000000
1975,348,HUN,Hungary,8838.000000
1975,352,ISL,Iceland,1001791.000000
1975,356,IND,India,2053375.000000
1975,360,IDN,Indonesia,1226933.000000
1975,364,IRN,Iran (Islamic Republic of),66807.000000
1975,368,IRQ,Iraq,19532.000000
1975,372,IRL,Ireland,84165.000000
1975,376,ISR,Israel,17751.000000
1975,380,ITA,Italy,399103.000000
1975,384,CIV,Côte d'Ivoire,57590.000000
1975,388,JAM,Jamaica,10100.000000
1975,392,JPN,Japan,9709486.000000
1975,400,JOR,Jordan,65.000000
1975,404,KEN,Kenya,27373.000000
1975,408,PRK,Democratic People's Republic of Korea,0.000000
1975,410,KOR,Republic of Korea,1781172.000000
1975,414,KWT,Kuwait,5934.000000
1975,422,LBN,Lebanon,0.000000
1975,430,LBR,Liberia,2946.000000
1975,434,LBY,Libya,4949.000000
1975,450,MDG,Madagascar,61983.000000
1975,454,MWI,Malawi,70986.000000
1975,458,MYS,Malaysia,442196.000000
1975,462,MDV,Maldives,28325.000000
1975,470,MLT,Malta,1529.000000
1975,474,MTQ,Martinique,3665.000000
1975,478,MRT,Mauritania,27811.000000
1975,480,MUS,Mauritius,7038.000000
1975,484,MEX,Mexico,497173.000000
1975,500,MSR,Montserrat,89.000000
1975,504,MAR,Morocco,230466.000000
1975,508,MOZ,Mozambique,25490.000000
1975,512,OMN,Oman,198850.000000
1975,516,NAM,Namibia,50.000000
1975,528,NLD,Netherlands (Kingdom of the),238422.000000
1975,530,ANT,Netherlands Antilles [former],0.000000
1975,540,NCL,New Caledonia,973.000000
1975,548,VUT,Vanuatu,0.000000
1975,554,NZL,New Zealand,63005.000000
1975,558,NIC,Nicaragua,10778.000000
1975,562,NER,Niger,9142.000000
1975,566,NGA,Nigeria,90430.000000
1975,578,NOR,Norway,2552937.000000
1975,580,MNP,Northern Mariana Islands,0.000000
1975,583,FSM,Micronesia (Federated States of),0.000000
1975,584,MHL,Marshall Islands,0.000000
1975,585,PLW,Palau,6269.000000
1975,586,PAK,Pakistan,177917.000000
1975,591,PAN,Panama,116782.000000
1975,598,PNG,Papua New Guinea,34774.000000
1975,604,PER,Peru,3415158.000000
1975,608,PHL,Philippines,1337280.000000
1975,616,POL,Poland,786442.000000
1975,620,PRT,Portugal,387734.000000
1975,624,GNB,Guinea-Bissau,1669.000000
1975,630,PRI,Puerto Rico,2275.000000
1975,634,QAT,Qatar,489.000000
1975,638,REU,Réunion,1905.000000
1975,642,ROU,Romania,104308.000000
1975,646,RWA,Rwanda,1198.000000
1975,654,SHN,"Ascension, Saint Helena and Tristan da Cunha",912.000000
1975,659,KNA,Saint Kitts and Nevis,18.000000
1975,662,LCA,Saint Lucia,2000.000000
1975,666,SPM,Saint Pierre and Miquelon,6397.000000
1975,670,VCT,Saint Vincent and the Grenadines,549.000000
1975,678,STP,Sao Tome and Principe,600.000000
1975,682,SAU,Saudi Arabia,23000.000000
1975,686,SEN,Senegal,226512.000000
1975,690,SYC,Seychelles,3950.000000
1975,694,SLE,Sierra Leone,68597.000000
1975,702,SGP,Singapore,17560.000000
1975,704,VNM,Viet Nam,0.000000
1975,706,SOM,Somalia,10350.000000
1975,710,ZAF,South Africa,1413944.000000
1975,716,ZWE,Zimbabwe,3654.000000
1975,724,ESP,Spain,1436129.000000
1975,732,ESH,Western Sahara,0.000000
1975,740,SUR,Suriname,12262.000000
1975,752,SWE,Sweden,206862.000000
1975,756,CHE,Switzerland,3875.000000
1975,760,SYR,Syrian Arab Republic,1971.000000
1975,764,THA,Thailand,1468103.000000
1975,768,TGO,Togo,14420.000000
1975,776,TON,Tonga,901.000000
1975,780,TTO,Trinidad and Tobago,4417.000000
1975,784,ARE,United Arab Emirates,67800.000000
1975,788,TUN,Tunisia,45271.000000
1975,792,TUR,Türkiye,121724.000000
1975,796,TCA,Turks and Caicos Islands,3299.000000
1975,798,TUV,Tuvalu,0.000000
1975,800,UGA,Uganda,188000.000000
1975,804,UKR,Ukraine,0.000000
1975,810,SUN,Union of Soviet Socialist Republics [former],10000185.000000
1975,818,EGY,Egypt,97574.000000
1975,826,GBR,United Kingdom of Great Britain and Northern Ireland,1064186.000000
1975,831,GGY,Guernsey,1447.000000
1975,833,IMN,Isle of Man,14505.000000
1975,834,TZA,United Republic of Tanzania,211576.000000
1975,840,USA,United States of America,2847282.000000
1975,850,VIR,United States Virgin Islands,503.000000
1975,858,URY,Uruguay,26333.000000
1975,862,VEN,Venezuela (Bolivarian Republic of),154663.000000
1975,876,WLF,Wallis and Futuna Islands,0.000000
1975,882,WSM,Samoa,1000.000000
1975,887,YEM,Yemen,50829.000000
1975,890,YUG,Yugoslavia SFR [former],39872.000000
1975,894,ZMB,Zambia,57464.000000
1975,896,,Other NEI,174401.000000
1976,008,ALB,Albania,0.000000
1976,012,DZA,Algeria,35122.000000
1976,016,ASM,American Samoa,113.000000
1976,024,AGO,Angola,81542.000000
1976,028,ATG,Antigua and Barbuda,1613.000000
1976,032,ARG,Argentina,281727.000000
1976,036,AUS,Australia,104577.000000
1976,040,AUT,Austria,970.000000
1976,044,BHS,Bahamas,4750.000000
1976,048,BHR,Bahrain,4084.000000
1976,050,BGD,Bangladesh,564542.000000
1976,052,BRB,Barbados,4940.000000
1976,056,BEL,Belgium,44496.000000
1976,060,BMU,Bermuda,7208.000000
1976,068,BOL,Bolivia (Plurinational State of),1250.000000
1976,072,BWA,Botswana,1600.000000
1976,076,BRA,Brazil,659808.000000
1976,084,BLZ,Belize,1613.000000
1976,086,IOT,British Indian Ocean Territory [former],0.000000
1976,090,SLB,Solomon Islands,26284.000000
1976,096,BRN,Brunei Darussalam,1644.000000
1976,100,BGR,Bulgaria,160894.000000
1976,104,MMR,Myanmar,499830.000000
1976,108,BDI,Burundi,20333.000000
1976,116,KHM,Cambodia,0.000000
1976,120,CMR,Cameroon,20397.000000
1976,124,CAN,Canada,1130492.000000
1976,132,CPV,Cabo Verde,3800.000000
1976,136,CYM,Cayman Islands,0.000000
1976,140,CAF,Central African Republic,10465.000000
1976,144,LKA,Sri Lanka,131643.000000
1976,152,CHL,Chile,1378630.000000
1976,156,CHN,China,3597449.000000
1976,158,TWN,Taiwan Province of China,447661.000000
1976,170,COL,Colombia,75043.000000
1976,174,COM,Comoros,4863.000000
1976,178,COG,Congo,26869.000000
1976,180,COD,Democratic Republic of the Congo,117858.000000
1976,184,COK,Cook Islands,20.000000
1976,188,CRI,Costa Rica,14197.000000
1976,192,CUB,Cuba,193180.000000
1976,196,CYP,Cyprus,1052.000000
1976,200,CSK,Czechoslovakia [former],1061.000000
1976,204,BEN,Benin,25504.000000
1976,208,DNK,Denmark,1905048.000000
1976,212,DMA,Dominica,1024.000000
1976,214,DOM,Dominican Republic,7053.000000
1976,218,ECU,Ecuador,280638.000000
1976,222,SLV,El Salvador,7201.000000
1976,226,GNQ,Equatorial Guinea,0.000000
1976,230,,Ethiopia PDR [former],0.000000
1976,234,FRO,Faroe Islands,341962.000000
1976,238,FLK,Falkland Islands (Malvinas),0.000000
1976,242,FJI,Fiji,5589.000000
1976,246,FIN,Finland,116959.000000
1976,250,FRA,France,712331.000000
1976,254,GUF,French Guiana,1207.000000
1976,258,PYF,French Polynesia,2826.000000
1976,260,ATF,French Southern Territories,333.000000
1976,262,DJI,Djibouti,230.000000
1976,266,GAB,Gabon,1820.000000
1976,270,GMB,Gambia,2700.000000
1976,276,DEU,Germany,700436.000000
1976,288,GHA,Ghana,246601.000000
1976,296,KIR,Kiribati,9824.000000
1976,300,GRC,Greece,105962.000000
1976,304,GRL,Greenland,44644.000000
1976,308,GRD,Grenada,1700.000000
1976,312,GLP,Guadeloupe,5060.000000
1976,316,GUM,Guam,95.000000
1976,320,GTM,Guatemala,3653.000000
1976,324,GIN,Guinea,0.000000
1976,328,GUY,Guyana,20956.000000
1976,332,HTI,Haiti,0.000000
1976,340,HND,Honduras,4629.000000
1976,344,HKG,"China, Hong Kong SAR",151170.000000
1976,348,HUN,Hungary,9932.000000
1976,352,ISL,Iceland,1015137.000000
1976,356,IND,India,1938973.000000
1976,360,IDN,Indonesia,1329767.000000
1976,364,IRN,Iran (Islamic Republic of),70038.000000
1976,368,IRQ,Iraq,25537.000000
1976,372,IRL,Ireland,90019.000000
1976,376,ISR,Israel,18709.000000
1976,380,ITA,Italy,414847.000000
1976,384,CIV,Côte d'Ivoire,72917.000000
1976,388,JAM,Jamaica,10130.000000
1976,392,JPN,Japan,9771479.000000
1976,400,JOR,Jordan,49.000000
1976,404,KEN,Kenya,41164.000000
1976,408,PRK,Democratic People's Republic of Korea,0.000000
1976,410,KOR,Republic of Korea,1992496.000000
1976,414,KWT,Kuwait,4648.000000
1976,422,LBN,Lebanon,0.000000
1976,430,LBR,Liberia,3032.000000
1976,434,LBY,Libya,4059.000000
1976,450,MDG,Madagascar,60939.000000
1976,454,MWI,Malawi,74893.000000
1976,458,MYS,Malaysia,481497.000000
1976,462,MDV,Maldives,34634.000000
1976,470,MLT,Malta,1571.000000
1976,474,MTQ,Martinique,4233.000000
1976,478,MRT,Mauritania,28254.000000
1976,480,MUS,Mauritius,6660.000000
1976,484,MEX,Mexico,538670.000000
1976,500,MSR,Montserrat,95.000000
1976,504,MAR,Morocco,283803.000000
1976,508,MOZ,Mozambique,27900.000000
1976,512,OMN,Oman,197984.000000
1976,516,NAM,Namibia,50.000000
1976,528,NLD,Netherlands (Kingdom of the),211669.000000
1976,530,ANT,Netherlands Antilles [former],0.000000
1976,540,NCL,New Caledonia,883.000000
1976,548,VUT,Vanuatu,0.000000
1976,554,NZL,New Zealand,68979.000000
1976,558,NIC,Nicaragua,10513.000000
1976,562,NER,Niger,4715.000000
1976,566,NGA,Nigeria,104509.000000
1976,578,NOR,Norway,3416921.000000
1976,580,MNP,Northern Mariana Islands,0.000000
1976,583,FSM,Micronesia (Federated States of),0.000000
1976,584,MHL,Marshall Islands,0.000000
1976,585,PLW,Palau,5333.000000
1976,586,PAK,Pakistan,184432.000000
1976,591,PAN,Panama,185084.000000
1976,598,PNG,Papua New Guinea,50671.000000
1976,604,PER,Peru,4343363.000000
1976,608,PHL,Philippines,1235403.000000
1976,616,POL,Poland,736485.000000
1976,620,PRT,Portugal,352501.000000
1976,624,GNB,Guinea-Bissau,3575.000000
1976,630,PRI,Puerto Rico,2663.000000
1976,634,QAT,Qatar,900.000000
1976,638,REU,Réunion,1981.000000
1976,642,ROU,Romania,89824.000000
1976,646,RWA,Rwanda,1008.000000
1976,654,SHN,"Ascension, Saint Helena and Tristan da Cunha",1000.000000
1976,659,KNA,Saint Kitts and Nevis,1684.000000
1976,662,LCA,Saint Lucia,2200.000000
1976,666,SPM,Saint Pierre and Miquelon,8327.000000
1976,670,VCT,Saint Vincent and the Grenadines,379.000000
1976,678,STP,Sao Tome and Principe,646.000000
1976,682,SAU,Saudi Arabia,23300.000000
1976,686,SEN,Senegal,217582.000000
1976,690,SYC,Seychelles,4010.000000
1976,694,SLE,Sierra Leone,55546.000000
1976,702,SGP,Singapore,16397.000000
1976,704,VNM,Viet Nam,0.000000
1976,706,SOM,Somalia,8268.000000
1976,710,ZAF,South Africa,1210300.000000
1976,716,ZWE,Zimbabwe,4510.000000
1976,724,ESP,Spain,1418459.000000
1976,736,,Sudan [former],24700.000000
1976,740,SUR,Suriname,5993.000000
1976,752,SWE,Sweden,204810.000000
1976,756,CHE,Switzerland,3875.000000
1976,760,SYR,Syrian Arab Republic,3237.000000
1976,764,THA,Thailand,1536215.000000
1976,768,TGO,Togo,12820.000000
1976,776,TON,Tonga,1019.000000
1976,780,TTO,Trinidad and Tobago,4417.000000
1976,784,ARE,United Arab Emirates,64600.000000
1976,788,TUN,Tunisia,50024.000000
1976,792,TUR,Türkiye,152660.000000
1976,796,TCA,Turks and Caicos Islands,4064.000000
1976,798,TUV,Tuvalu,0.000000
1976,800,UGA,Uganda,152400.000000
1976,804,UKR,Ukraine,0.000000
1976,810,SUN,Union of Soviet Socialist Republics [former],10154680.000000
1976,818,EGY,Egypt,91764.000000
1976,826,GBR,United Kingdom of Great Britain and Northern Ireland,1125300.000000
1976,831,GGY,Guernsey,1366.000000
1976,833,IMN,Isle of Man,11242.000000
1976,834,TZA,United Republic of Tanzania,232744.000000
1976,840,USA,United States of America,3088267.000000
1976,850,VIR,United States Virgin Islands,500.000000
1976,858,URY,Uruguay,33804.000000
1976,862,VEN,Venezuela (Bolivarian Republic of),150620.000000
1976,876,WLF,Wallis and Futuna Islands,0.000000
1976,882,WSM,Samoa,1100.000000
1976,887,YEM,Yemen,65022.000000
1976,890,YUG,Yugoslavia SFR [former],43584.000000
1976,894,ZMB,Zambia,54267.000000
1976,896,,Other NEI,94833.000000
1977,008,ALB,Albania,0.000000
1977,012,DZA,Algeria,43475.000000
1977,016,ASM,American Samoa,202.000000
1977,024,AGO,Angola,120407.000000
1977,028,ATG,Antigua and Barbuda,1821.000000
1977,032,ARG,Argentina,402723.000000
1977,036,AUS,Australia,136571.000000
1977,040,AUT,Austria,870.000000
1977,044,BHS,Bahamas,5327.000000
1977,048,BHR,Bahrain,4837.000000
1977,050,BGD,Bangladesh,566539.000000
1977,052,BRB,Barbados,3176.000000
1977,056,BEL,Belgium,45360.000000
1977,060,BMU,Bermuda,7635.000000
1977,068,BOL,Bolivia (Plurinational State of),1550.000000
1977,072,BWA,Botswana,1500.000000
1977,076,BRA,Brazil,730936.000000
1977,084,BLZ,Belize,3082.000000
1977,086,IOT,British Indian Ocean Territory [former],0.000000
1977,090,SLB,Solomon Islands,22863.000000
1977,096,BRN,Brunei Darussalam,2193.000000
1977,100,BGR,Bulgaria,129863.000000
1977,104,MMR,Myanmar,516730.000000
1977,108,BDI,Burundi,18900.000000
1977,116,KHM,Cambodia,0.000000
1977,120,CMR,Cameroon,20167.000000
1977,124,CAN,Canada,1267970.000000
1977,132,CPV,Cabo Verde,6000.000000
1977,136,CYM,Cayman Islands,0.000000
1977,140,CAF,Central African Republic,13000.000000
1977,144,LKA,Sri Lanka,136145.000000
1977,152,CHL,Chile,1318686.000000
1977,156,CHN,China,3623109.000000
1977,158,TWN,Taiwan Province of China,484834.000000
1977,170,COL,Colombia,63881.000000
1977,174,COM,Comoros,5620.000000
1977,178,COG,Congo,24364.000000
1977,180,COD,Democratic Republic of the Congo,107000.000000
1977,184,COK,Cook Islands,20.000000
1977,188,CRI,Costa Rica,15392.000000
1977,192,CUB,Cuba,183439.000000
1977,196,CYP,Cyprus,1189.000000
1977,200,CSK,Czechoslovakia [former],1053.000000
1977,204,BEN,Benin,24928.000000
1977,208,DNK,Denmark,1792979.000000
1977,212,DMA,Dominica,1047.000000
1977,214,DOM,Dominican Republic,4594.000000
1977,218,ECU,Ecuador,421954.000000
1977,222,SLV,El Salvador,6368.000000
1977,226,GNQ,Equatorial Guinea,0.000000
1977,230,,Ethiopia PDR [former],0.000000
1977,234,FRO,Faroe Islands,310490.000000
1977,238,FLK,Falkland Islands (Malvinas),0.000000
1977,242,FJI,Fiji,7935.000000
1977,246,FIN,Finland,115331.000000
1977,250,FRA,France,655720.000000
1977,254,GUF,French Guiana,1266.000000
1977,258,PYF,French Polynesia,2701.000000
1977,260,ATF,French Southern Territories,489.000000
1977,262,DJI,Djibouti,230.000000
1977,266,GAB,Gabon,2010.000000
1977,270,GMB,Gambia,18092.000000
1977,276,DEU,Germany,619318.000000
1977,288,GHA,Ghana,271933.000000
1977,296,KIR,Kiribati,10053.000000
1977,300,GRC,Greece,106867.000000
1977,304,GRL,Greenland,59865.000000
1977,308,GRD,Grenada,2958.000000
1977,312,GLP,Guadeloupe,9525.000000
1977,316,GUM,Guam,184.000000
1977,320,GTM,Guatemala,3074.000000
1977,324,GIN,Guinea,0.000000
1977,328,GUY,Guyana,31907.000000
1977,332,HTI,Haiti,0.000000
1977,340,HND,Honduras,5924.000000
1977,344,HKG,"China, Hong Kong SAR",153638.000000
1977,348,HUN,Hungary,12772.000000
1977,352,ISL,Iceland,1393432.000000
1977,356,IND,India,2049755.000000
1977,360,IDN,Indonesia,1414037.000000
1977,364,IRN,Iran (Islamic Republic of),69745.000000
1977,368,IRQ,Iraq,23101.000000
1977,372,IRL,Ireland,89222.000000
1977,376,ISR,Israel,18512.000000
1977,380,ITA,Italy,363244.000000
1977,384,CIV,Côte d'Ivoire,67054.000000
1977,388,JAM,Jamaica,10107.000000
1977,392,JPN,Japan,9838729.000000
1977,400,JOR,Jordan,31.000000
1977,404,KEN,Kenya,43009.000000
1977,408,PRK,Democratic People's Republic of Korea,0.000000
1977,410,KOR,Republic of Korea,1929422.000000
1977,414,KWT,Kuwait,5913.000000
1977,422,LBN,Lebanon,0.000000
1977,430,LBR,Liberia,3090.000000
1977,434,LBY,Libya,2046.000000
1977,450,MDG,Madagascar,62462.000000
1977,454,MWI,Malawi,68186.000000
1977,458,MYS,Malaysia,572564.000000
1977,462,MDV,Maldives,29636.000000
1977,470,MLT,Malta,1483.000000
1977,474,MTQ,Martinique,2432.000000
1977,478,MRT,Mauritania,30947.000000
1977,480,MUS,Mauritius,7667.000000
1977,484,MEX,Mexico,576939.000000
1977,496,MNG,Mongolia,265.000000
1977,500,MSR,Montserrat,98.000000
1977,504,MAR,Morocco,260234.000000
1977,508,MOZ,Mozambique,26950.000000
1977,512,OMN,Oman,0.000000
1977,516,NAM,Namibia,50.000000
1977,528,NLD,Netherlands (Kingdom of the),203716.000000
1977,530,ANT,Netherlands Antilles [former],0.000000
1977,540,NCL,New Caledonia,3042.000000
1977,548,VUT,Vanuatu,2816.000000
1977,554,NZL,New Zealand,77826.000000
1977,558,NIC,Nicaragua,13914.000000
1977,562,NER,Niger,7372.000000
1977,566,NGA,Nigeria,106089.000000
1977,578,NOR,Norway,3542408.000000
1977,580,MNP,Northern Mariana Islands,0.000000
1977,583,FSM,Micronesia (Federated States of),3.000000
1977,584,MHL,Marshall Islands,0.000000
1977,585,PLW,Palau,4038.000000
1977,586,PAK,Pakistan,234908.000000
1977,591,PAN,Panama,239456.000000
1977,598,PNG,Papua New Guinea,27555.000000
1977,604,PER,Peru,2503377.000000
1977,608,PHL,Philippines,1342596.000000
1977,616,POL,Poland,646861.000000
1977,620,PRT,Portugal,313662.000000
1977,624,GNB,Guinea-Bissau,4275.000000
1977,630,PRI,Puerto Rico,2881.000000
1977,634,QAT,Qatar,933.000000
1977,638,REU,Réunion,621.000000
1977,642,ROU,Romania,115559.000000
1977,646,RWA,Rwanda,1325.000000
1977,654,SHN,"Ascension, Saint Helena and Tristan da Cunha",719.000000
1977,659,KNA,Saint Kitts and Nevis,1695.000000
1977,662,LCA,Saint Lucia,2500.000000
1977,666,SPM,Saint Pierre and Miquelon,7384.000000
1977,670,VCT,Saint Vincent and the Grenadines,581.000000
1977,678,STP,Sao Tome and Principe,889.000000
1977,682,SAU,Saudi Arabia,16800.000000
1977,686,SEN,Senegal,216550.000000
1977,690,SYC,Seychelles,4600.000000
1977,694,SLE,Sierra Leone,55547.000000
1977,702,SGP,Singapore,15105.000000
1977,704,VNM,Viet Nam,0.000000
1977,706,SOM,Somalia,9830.000000
1977,710,ZAF,South Africa,1020500.000000
1977,716,ZWE,Zimbabwe,4731.000000
1977,724,ESP,Spain,1337716.000000
1977,736,,Sudan [former],23570.000000
1977,740,SUR,Suriname,6897.000000
1977,748,SWZ,Eswatini,53.000000
1977,752,SWE,Sweden,182316.000000
1977,756,CHE,Switzerland,3922.000000
1977,760,SYR,Syrian Arab Republic,3497.000000
1977,764,THA,Thailand,2040523.000000
1977,768,TGO,Togo,10847.000000
1977,776,TON,Tonga,1197.000000
1977,780,TTO,Trinidad and Tobago,4303.000000
1977,784,ARE,United Arab Emirates,64600.000000
1977,788,TUN,Tunisia,55721.000000
1977,792,TUR,Türkiye,164465.000000
1977,796,TCA,Turks and Caicos Islands,2464.000000
1977,798,TUV,Tuvalu,0.000000
1977,800,UGA,Uganda,219220.000000
1977,804,UKR,Ukraine,0.000000
1977,810,SUN,Union of Soviet Socialist Republics [former],9274744.000000
1977,818,EGY,Egypt,91541.000000
1977,826,GBR,United Kingdom of Great Britain and Northern Ireland,1079326.000000
1977,831,GGY,Guernsey,2000.000000
1977,833,IMN,Isle of Man,11844.000000
1977,834,TZA,United Republic of Tanzania,271541.000000
1977,840,USA,United States of America,3037617.000000
1977,850,VIR,United States Virgin Islands,602.000000
1977,858,URY,Uruguay,48374.000000
1977,862,VEN,Venezuela (Bolivarian Republic of),154544.000000
1977,876,WLF,Wallis and Futuna Islands,0.000000
1977,882,WSM,Samoa,1250.000000
1977,887,YEM,Yemen,66096.000000
1977,890,YUG,Yugoslavia SFR [former],44445.000000
1977,894,ZMB,Zambia,53734.000000
1977,896,,Other NEI,232359.000000
1978,008,ALB,Albania,0.000000
1978,012,DZA,Algeria,34143.000000
1978,016,ASM,American Samoa,193.000000
1978,024,AGO,Angola,125630.000000
1978,028,ATG,Antigua and Barbuda,1620.000000
1978,032,ARG,Argentina,541892.000000
1978,036,AUS,Australia,130603.000000
1978,040,AUT,Austria,800.000000
1978,044,BHS,Bahamas,5114.000000
1978,048,BHR,Bahrain,4000.000000
1978,050,BGD,Bangladesh,564135.000000
1978,052,BRB,Barbados,3585.000000
1978,056,BEL,Belgium,50577.000000
1978,060,BMU,Bermuda,8723.000000
1978,068,BOL,Bolivia (Plurinational State of),1550.000000
1978,072,BWA,Botswana,1000.000000
1978,076,BRA,Brazil,753523.000000
1978,084,BLZ,Belize,2808.000000
1978,086,IOT,British Indian Ocean Territory [former],0.000000
1978,090,SLB,Solomon Islands,29192.000000
1978,096,BRN,Brunei Darussalam,2704.000000
1978,100,BGR,Bulgaria,91261.000000
1978,104,MMR,Myanmar,537470.000000
1978,108,BDI,Burundi,15682.000000
1978,116,KHM,Cambodia,0.000000
1978,120,CMR,Cameroon,18867.000000
1978,124,CAN,Canada,1404112.000000
1978,132,CPV,Cabo Verde,2218.000000
1978,136,CYM,Cayman Islands,0.000000
1978,140,CAF,Central African Republic,13000.000000
1978,144,LKA,Sri Lanka,156083.000000
1978,152,CHL,Chile,1928821.000000
1978,156,CHN,China,3451288.000000
1978,158,TWN,Taiwan Province of China,504488.000000
1978,170,COL,Colombia,79467.000000
1978,174,COM,Comoros,6026.000000
1978,178,COG,Congo,26297.000000
1978,180,COD,Democratic Republic of the Congo,108706.000000
1978,184,COK,Cook Islands,1113.000000
1978,188,CRI,Costa Rica,22642.000000
1978,192,CUB,Cuba,211486.000000
1978,196,CYP,Cyprus,1245.000000
1978,200,CSK,Czechoslovakia [former],948.000000
1978,204,BEN,Benin,24279.000000
1978,208,DNK,Denmark,1734709.000000
1978,212,DMA,Dominica,1070.000000
1978,214,DOM,Dominican Republic,5086.000000
1978,218,ECU,Ecuador,610399.000000
1978,222,SLV,El Salvador,9540.000000
1978,226,GNQ,Equatorial Guinea,0.000000
1978,230,,Ethiopia PDR [former],0.000000
1978,234,FRO,Faroe Islands,316675.000000
1978,238,FLK,Falkland Islands (Malvinas),0.000000
1978,242,FJI,Fiji,9250.000000
1978,246,FIN,Finland,135711.000000
1978,250,FRA,France,695965.300000
1978,254,GUF,French Guiana,1240.000000
1978,258,PYF,French Polynesia,2991.000000
1978,260,ATF,French Southern Territories,600.000000
1978,262,DJI,Djibouti,230.000000
1978,266,GAB,Gabon,3200.000000
1978,270,GMB,Gambia,14972.000000
1978,276,DEU,Germany,589193.000000
1978,288,GHA,Ghana,274631.000000
1978,296,KIR,Kiribati,10606.000000
1978,300,GRC,Greece,100871.000000
1978,304,GRL,Greenland,68233.000000
1978,308,GRD,Grenada,2238.000000
1978,312,GLP,Guadeloupe,530.000000
1978,316,GUM,Guam,200.000000
1978,320,GTM,Guatemala,5504.000000
1978,324,GIN,Guinea,0.000000
1978,328,GUY,Guyana,35978.000000
1978,332,HTI,Haiti,0.000000
1978,340,HND,Honduras,6768.000000
1978,344,HKG,"China, Hong Kong SAR",156127.000000
1978,348,HUN,Hungary,10802.000000
1978,352,ISL,Iceland,1579019.000000
1978,356,IND,India,2014855.000000
1978,360,IDN,Indonesia,1478892.000000
1978,364,IRN,Iran (Islamic Republic of),67170.000000
1978,368,IRQ,Iraq,0.000000
1978,372,IRL,Ireland,100237.000000
1978,376,ISR,Israel,19838.000000
1978,380,ITA,Italy,387029.400000
1978,384,CIV,Côte d'Ivoire,65012.000000
1978,388,JAM,Jamaica,9609.000000
1978,392,JPN,Japan,9844616.000000
1978,400,JOR,Jordan,31.000000
1978,404,KEN,Kenya,46425.000000
1978,408,PRK,Democratic People's Republic of Korea,0.000000
1978,410,KOR,Republic of Korea,1957653.000000
1978,414,KWT,Kuwait,6489.000000
1978,422,LBN,Lebanon,0.000000
1978,430,LBR,Liberia,10812.000000
1978,434,LBY,Libya,4355.000000
1978,450,MDG,Madagascar,61076.000000
1978,454,MWI,Malawi,67768.000000
1978,458,MYS,Malaysia,629671.000000
1978,462,MDV,Maldives,31769.000000
1978,470,MLT,Malta,1079.000000
1978,474,MTQ,Martinique,4375.000000
1978,478,MRT,Mauritania,34767.000000
1978,480,MUS,Mauritius,7108.000000
1978,484,MEX,Mexico,826585.000000
1978,496,MNG,Mongolia,494.000000
1978,500,MSR,Montserrat,100.000000
1978,504,MAR,Morocco,292945.100000
1978,508,MOZ,Mozambique,25940.000000
1978,512,OMN,Oman,0.000000
1978,516,NAM,Namibia,50.000000
1978,528,NLD,Netherlands (Kingdom of the),205951.000000
1978,530,ANT,Netherlands Antilles [former],0.000000
1978,540,NCL,New Caledonia,2963.000000
1978,548,VUT,Vanuatu,2825.000000
1978,554,NZL,New Zealand,97889.000000
1978,558,NIC,Nicaragua,15900.000000
1978,562,NER,Niger,8783.000000
1978,566,NGA,Nigeria,107965.000000
1978,570,NIU,Niue,60.000000
1978,578,NOR,Norway,2709374.000000
1978,580,MNP,Northern Mariana Islands,0.000000
1978,583,FSM,Micronesia (Federated States of),5.000000
1978,584,MHL,Marshall Islands,0.000000
1978,585,PLW,Palau,9767.000000
1978,586,PAK,Pakistan,247916.000000
1978,591,PAN,Panama,139767.000000
1978,598,PNG,Papua New Guinea,52224.000000
1978,604,PER,Peru,3443075.000000
1978,608,PHL,Philippines,1366290.000000
1978,616,POL,Poland,569398.000000
1978,620,PRT,Portugal,259480.000000
1978,624,GNB,Guinea-Bissau,4283.000000
1978,630,PRI,Puerto Rico,3197.000000
1978,634,QAT,Qatar,0.000000
1978,638,REU,Réunion,1807.000000
1978,642,ROU,Romania,102346.000000
1978,646,RWA,Rwanda,715.000000
1978,654,SHN,"Ascension, Saint Helena and Tristan da Cunha",700.000000
1978,659,KNA,Saint Kitts and Nevis,1790.000000
1978,662,LCA,Saint Lucia,2600.000000
1978,666,SPM,Saint Pierre and Miquelon,8905.000000
1978,670,VCT,Saint Vincent and the Grenadines,698.000000
1978,678,STP,Sao Tome and Principe,1175.000000
1978,682,SAU,Saudi Arabia,24950.000000
1978,686,SEN,Senegal,221096.000000
1978,690,SYC,Seychelles,5400.000000
1978,694,SLE,Sierra Leone,52457.000000
1978,702,SGP,Singapore,16110.000000
1978,704,VNM,Viet Nam,0.000000
1978,706,SOM,Somalia,8384.000000
1978,710,ZAF,South Africa,1039469.000000
1978,716,ZWE,Zimbabwe,7732.000000
1978,724,ESP,Spain,1313419.400000
1978,736,,Sudan [former],26610.000000
1978,740,SUR,Suriname,4474.000000
1978,748,SWZ,Eswatini,44.000000
1978,752,SWE,Sweden,184937.000000
1978,756,CHE,Switzerland,3730.000000
1978,760,SYR,Syrian Arab Republic,3592.000000
1978,764,THA,Thailand,1970906.000000
1978,768,TGO,Togo,15363.000000
1978,776,TON,Tonga,1210.000000
1978,780,TTO,Trinidad and Tobago,4823.000000
1978,784,ARE,United Arab Emirates,64600.000000
1978,788,TUN,Tunisia,56396.800000
1978,792,TUR,Türkiye,244131.000000
1978,796,TCA,Turks and Caicos Islands,3609.000000
1978,798,TUV,Tuvalu,80.000000
1978,800,UGA,Uganda,223830.000000
1978,804,UKR,Ukraine,0.000000
1978,810,SUN,Union of Soviet Socialist Republics [former],8987031.000000
1978,818,EGY,Egypt,84915.000000
1978,826,GBR,United Kingdom of Great Britain and Northern Ireland,1114783.000000
1978,831,GGY,Guernsey,2688.000000
1978,833,IMN,Isle of Man,10504.000000
1978,834,TZA,United Republic of Tanzania,211484.000000
1978,840,USA,United States of America,3477688.000000
1978,850,VIR,United States Virgin Islands,557.000000
1978,858,URY,Uruguay,74299.000000
1978,862,VEN,Venezuela (Bolivarian Republic of),182688.000000
1978,876,WLF,Wallis and Futuna Islands,0.000000
1978,882,WSM,Samoa,1090.000000
1978,887,YEM,Yemen,67047.000000
1978,890,YUG,Yugoslavia SFR [former],47178.000000
1978,894,ZMB,Zambia,47569.000000
1978,896,,Other NEI,23510.000000
1979,008,ALB,Albania,0.000000
1979,012,DZA,Algeria,38678.000000
1979,016,ASM,American Samoa,183.000000
1979,024,AGO,Angola,113072.000000
1979,028,ATG,Antigua and Barbuda,1219.000000
1979,032,ARG,Argentina,580657.000000
1979,036,AUS,Australia,137912.000000
1979,040,AUT,Austria,700.000000
1979,044,BHS,Bahamas,5765.000000
1979,048,BHR,Bahrain,3801.000000
1979,050,BGD,Bangladesh,559768.000000
1979,052,BRB,Barbados,4255.000000
1979,056,BEL,Belgium,47125.000000
1979,060,BMU,Bermuda,6347.000000
1979,068,BOL,Bolivia (Plurinational State of),3650.000000
1979,072,BWA,Botswana,1000.000000
1979,076,BRA,Brazil,781886.000000
1979,084,BLZ,Belize,2554.000000
1979,086,IOT,British Indian Ocean Territory [former],0.000000
1979,090,SLB,Solomon Islands,35431.000000
1979,096,BRN,Brunei Darussalam,2792.000000
1979,100,BGR,Bulgaria,76065.000000
1979,104,MMR,Myanmar,561570.000000
1979,108,BDI,Burundi,11250.000000
1979,116,KHM,Cambodia,0.000000
1979,120,CMR,Cameroon,39975.000000
1979,124,CAN,Canada,1446984.000000
1979,132,CPV,Cabo Verde,1624.000000
1979,136,CYM,Cayman Islands,0.000000
1979,140,CAF,Central African Republic,13000.000000
1979,144,LKA,Sri Lanka,164763.000000
1979,152,CHL,Chile,2631561.000000
1979,156,CHN,China,3071706.000000
1979,158,TWN,Taiwan Province of China,524689.000000
1979,170,COL,Colombia,63246.000000
1979,174,COM,Comoros,4235.000000
1979,178,COG,Congo,29630.000000
1979,180,COD,Democratic Republic of the Congo,115182.000000
1979,184,COK,Cook Islands,854.000000
1979,188,CRI,Costa Rica,20766.000000
1979,192,CUB,Cuba,151711.000000
1979,196,CYP,Cyprus,1283.000000
1979,200,CSK,Czechoslovakia [former],851.000000
1979,204,BEN,Benin,24100.000000
1979,208,DNK,Denmark,1724138.000000
1979,212,DMA,Dominica,642.000000
1979,214,DOM,Dominican Republic,7885.000000
1979,218,ECU,Ecuador,600266.000000
1979,222,SLV,El Salvador,12738.000000
1979,226,GNQ,Equatorial Guinea,0.000000
1979,230,,Ethiopia PDR [former],0.000000
1979,234,FRO,Faroe Islands,266745.000000
1979,238,FLK,Falkland Islands (Malvinas),0.000000
1979,242,FJI,Fiji,20243.000000
1979,246,FIN,Finland,130397.000000
1979,250,FRA,France,648424.300000
1979,254,GUF,French Guiana,1186.000000
1979,258,PYF,French Polynesia,2479.000000
1979,260,ATF,French Southern Territories,573.000000
1979,262,DJI,Djibouti,231.000000
1979,266,GAB,Gabon,600.000000
1979,270,GMB,Gambia,11143.000000
1979,276,DEU,Germany,565071.000000
1979,288,GHA,Ghana,236979.000000
1979,296,KIR,Kiribati,10838.000000
1979,300,GRC,Greece,103282.000000
1979,304,GRL,Greenland,83135.000000
1979,308,GRD,Grenada,1491.000000
1979,312,GLP,Guadeloupe,470.000000
1979,316,GUM,Guam,162.000000
1979,320,GTM,Guatemala,4898.000000
1979,324,GIN,Guinea,18453.000000
1979,328,GUY,Guyana,35288.000000
1979,332,HTI,Haiti,0.000000
1979,340,HND,Honduras,8803.000000
1979,344,HKG,"China, Hong Kong SAR",182549.000000
1979,348,HUN,Hungary,11219.000000
1979,352,ISL,Iceland,1661093.000000
1979,356,IND,India,2015210.000000
1979,360,IDN,Indonesia,1567885.000000
1979,364,IRN,Iran (Islamic Republic of),65413.000000
1979,368,IRQ,Iraq,29228.000000
1979,372,IRL,Ireland,89552.000000
1979,376,ISR,Israel,17976.000000
1979,380,ITA,Italy,412114.400000
1979,384,CIV,Côte d'Ivoire,73621.000000
1979,388,JAM,Jamaica,9626.000000
1979,392,JPN,Japan,9635205.000000
1979,400,JOR,Jordan,36.000000
1979,404,KEN,Kenya,51735.000000
1979,408,PRK,Democratic People's Republic of Korea,0.000000
1979,410,KOR,Republic of Korea,1935815.000000
1979,414,KWT,Kuwait,3065.000000
1979,422,LBN,Lebanon,0.000000
1979,430,LBR,Liberia,13484.000000
1979,434,LBY,Libya,4500.000000
1979,450,MDG,Madagascar,60498.000000
1979,454,MWI,Malawi,59953.000000
1979,458,MYS,Malaysia,632290.000000
1979,462,MDV,Maldives,31175.000000
1979,466,MLI,Mali,83586.000000
1979,470,MLT,Malta,1322.000000
1979,474,MTQ,Martinique,4664.000000
1979,478,MRT,Mauritania,20331.000000
1979,480,MUS,Mauritius,6525.000000
1979,484,MEX,Mexico,1018607.000000
1979,496,MNG,Mongolia,537.000000
1979,500,MSR,Montserrat,102.000000
1979,504,MAR,Morocco,285228.700000
1979,508,MOZ,Mozambique,28630.000000
1979,512,OMN,Oman,0.000000
1979,516,NAM,Namibia,50.000000
1979,528,NLD,Netherlands (Kingdom of the),226279.000000
1979,530,ANT,Netherlands Antilles [former],0.000000
1979,540,NCL,New Caledonia,2629.000000
1979,548,VUT,Vanuatu,2819.000000
1979,554,NZL,New Zealand,117386.000000
1979,558,NIC,Nicaragua,9121.000000
1979,562,NER,Niger,8934.000000
1979,566,NGA,Nigeria,112630.000000
1979,570,NIU,Niue,30.000000
1979,578,NOR,Norway,2761041.000000
1979,580,MNP,Northern Mariana Islands,145.000000
1979,583,FSM,Micronesia (Federated States of),5.000000
1979,584,MHL,Marshall Islands,0.000000
1979,585,PLW,Palau,5783.000000
1979,586,PAK,Pakistan,253788.000000
1979,591,PAN,Panama,165951.000000
1979,598,PNG,Papua New Guinea,34488.000000
1979,604,PER,Peru,3652262.000000
1979,608,PHL,Philippines,1346656.000000
1979,616,POL,Poland,589349.000000
1979,620,PRT,Portugal,250760.000000
1979,624,GNB,Guinea-Bissau,2936.000000
1979,630,PRI,Puerto Rico,3597.000000
1979,634,QAT,Qatar,0.000000
1979,638,REU,Réunion,1594.000000
1979,642,ROU,Romania,144536.000000
1979,646,RWA,Rwanda,954.000000
1979,654,SHN,"Ascension, Saint Helena and Tristan da Cunha",632.000000
1979,659,KNA,Saint Kitts and Nevis,1777.000000
1979,662,LCA,Saint Lucia,1024.000000
1979,666,SPM,Saint Pierre and Miquelon,10542.000000
1979,670,VCT,Saint Vincent and the Grenadines,547.000000
1979,678,STP,Sao Tome and Principe,1618.000000
1979,682,SAU,Saudi Arabia,24460.000000
1979,686,SEN,Senegal,225095.000000
1979,690,SYC,Seychelles,4957.000000
1979,694,SLE,Sierra Leone,57592.000000
1979,702,SGP,Singapore,16868.000000
1979,704,VNM,Viet Nam,0.000000
1979,706,SOM,Somalia,10984.000000
1979,710,ZAF,South Africa,1011195.000000
1979,716,ZWE,Zimbabwe,9799.000000
1979,724,ESP,Spain,1153271.000000
1979,736,,Sudan [former],28520.000000
1979,740,SUR,Suriname,4535.000000
1979,752,SWE,Sweden,197481.000000
1979,756,CHE,Switzerland,3760.000000
1979,760,SYR,Syrian Arab Republic,3596.000000
1979,764,THA,Thailand,1835895.000000
1979,768,TGO,Togo,8096.000000
1979,776,TON,Tonga,2000.000000
1979,780,TTO,Trinidad and Tobago,3840.000000
1979,784,ARE,United Arab Emirates,64600.000000
1979,788,TUN,Tunisia,59708.100000
1979,792,TUR,Türkiye,349682.000000
1979,796,TCA,Turks and Caicos Islands,4662.000000
1979,798,TUV,Tuvalu,100.000000
1979,800,UGA,Uganda,179930.000000
1979,804,UKR,Ukraine,0.000000
1979,810,SUN,Union of Soviet Socialist Republics [former],9007049.000000
1979,818,EGY,Egypt,120481.000000
1979,826,GBR,United Kingdom of Great Britain and Northern Ireland,990248.000000
1979,831,GGY,Guernsey,2704.000000
1979,833,IMN,Isle of Man,12407.000000
1979,834,TZA,United Republic of Tanzania,180832.000000
1979,840,USA,United States of America,3583377.000000
1979,850,VIR,United States Virgin Islands,547.000000
1979,854,BFA,Burkina Faso,7000.000000
1979,858,URY,Uruguay,108170.000000
1979,862,VEN,Venezuela (Bolivarian Republic of),168112.000000
1979,876,WLF,Wallis and Futuna Islands,0.000000
1979,882,WSM,Samoa,1890.000000
1979,887,YEM,Yemen,49364.000000
1979,890,YUG,Yugoslavia SFR [former],42705.000000
1979,894,ZMB,Zambia,49511.000000
1979,896,,Other NEI,145069.000000
1980,008,ALB,Albania,0.000000
1980,012,DZA,Algeria,340.000000
1980,016,ASM,American Samoa,148.000000
1980,024,AGO,Angola,85085.000000
1980,028,ATG,Antigua and Barbuda,1171.000000
1980,032,ARG,Argentina,400011.000000
1980,036,AUS,Australia,136873.000000
1980,040,AUT,Austria,1100.000000
1980,044,BHS,Bahamas,7119.000000
1980,048,BHR,Bahrain,5115.000000
1980,050,BGD,Bangladesh,555940.000000
1980,052,BRB,Barbados,3735.000000
1980,056,BEL,Belgium,45615.000000
1980,060,BMU,Bermuda,4105.000000
1980,068,BOL,Bolivia (Plurinational State of),4379.000000
1980,072,BWA,Botswana,1250.000000
1980,076,BRA,Brazil,804869.000000
1980,084,BLZ,Belize,2066.000000
1980,086,IOT,British Indian Ocean Territory [former],0.000000
1980,090,SLB,Solomon Islands,34866.000000
1980,096,BRN,Brunei Darussalam,2225.000000
1980,100,BGR,Bulgaria,113687.000000
1980,104,MMR,Myanmar,577220.000000
1980,108,BDI,Burundi,14767.000000
1980,116,KHM,Cambodia,18400.000000
1980,120,CMR,Cameroon,39882.000000
1980,124,CAN,Canada,1373359.000000
1980,132,CPV,Cabo Verde,8837.000000
1980,136,CYM,Cayman Islands,891.000000
1980,140,CAF,Central African Republic,13000.000000
1980,144,LKA,Sri Lanka,183416.000000
1980,152,CHL,Chile,2890766.000000
1980,156,CHN,China,3146970.000000
1980,158,TWN,Taiwan Province of China,541847.000000
1980,170,COL,Colombia,76000.000000
1980,174,COM,Comoros,4641.000000
1980,175,MYT,Mayotte,742.000000
1980,178,COG,Congo,31965.000000
1980,180,COD,Democratic Republic of the Congo,102415.000000
1980,184,COK,Cook Islands,0.000000
1980,188,CRI,Costa Rica,16426.000000
1980,192,CUB,Cuba,184141.000000
1980,196,CYP,Cyprus,1308.000000
1980,200,CSK,Czechoslovakia [former],853.000000
1980,204,BEN,Benin,23832.000000
1980,208,DNK,Denmark,2013518.000000
1980,212,DMA,Dominica,1445.000000
1980,214,DOM,Dominican Republic,10658.000000
1980,218,ECU,Ecuador,629977.000000
1980,222,SLV,El Salvador,13958.000000
1980,226,GNQ,Equatorial Guinea,2500.000000
1980,230,,Ethiopia PDR [former],0.000000
1980,234,FRO,Faroe Islands,275064.000000
1980,238,FLK,Falkland Islands (Malvinas),0.000000
1980,242,FJI,Fiji,20404.000000
1980,246,FIN,Finland,159979.000000
1980,250,FRA,France,651370.900000
1980,254,GUF,French Guiana,1150.000000
1980,258,PYF,French Polynesia,2741.000000
1980,260,ATF,French Southern Territories,543.000000
1980,262,DJI,Djibouti,251.000000
1980,266,GAB,Gabon,1800.000000
1980,270,GMB,Gambia,13265.000000
1980,276,DEU,Germany,523777.000000
1980,288,GHA,Ghana,231566.000000
1980,296,KIR,Kiribati,12929.000000
1980,300,GRC,Greece,105651.000000
1980,304,GRL,Greenland,103738.000000
1980,308,GRD,Grenada,1419.000000
1980,312,GLP,Guadeloupe,440.000000
1980,316,GUM,Guam,253.000000
1980,320,GTM,Guatemala,3507.000000
1980,324,GIN,Guinea,0.000000
1980,328,GUY,Guyana,31530.000000
1980,332,HTI,Haiti,0.000000
1980,340,HND,Honduras,6550.000000
1980,344,HKG,"China, Hong Kong SAR",186797.000000
1980,348,HUN,Hungary,11163.000000
1980,352,ISL,Iceland,1524774.000000
1980,356,IND,India,2080157.000000
1980,360,IDN,Indonesia,1652660.000000
1980,364,IRN,Iran (Islamic Republic of),43659.000000
1980,368,IRQ,Iraq,27345.000000
1980,372,IRL,Ireland,144391.000000
1980,376,ISR,Israel,16591.000000
1980,380,ITA,Italy,430265.500000
1980,384,CIV,Côte d'Ivoire,70068.000000
1980,388,JAM,Jamaica,9030.000000
1980,392,JPN,Japan,10062157.000000
1980,400,JOR,Jordan,56.000000
1980,404,KEN,Kenya,47875.000000
1980,408,PRK,Democratic People's Republic of Korea,0.000000
1980,410,KOR,Republic of Korea,1863228.000000
1980,414,KWT,Kuwait,3689.000000
1980,422,LBN,Lebanon,0.000000
1980,430,LBR,Liberia,11791.000000
1980,434,LBY,Libya,12752.000000
1980,450,MDG,Madagascar,57408.000000
1980,454,MWI,Malawi,65694.000000
1980,458,MYS,Malaysia,614931.000000
1980,462,MDV,Maldives,38624.000000
1980,466,MLI,Mali,88228.000000
1980,470,MLT,Malta,1078.000000
1980,474,MTQ,Martinique,1300.000000
1980,478,MRT,Mauritania,14998.000000
1980,480,MUS,Mauritius,6348.000000
1980,484,MEX,Mexico,1275737.000000
1980,496,MNG,Mongolia,346.000000
1980,500,MSR,Montserrat,109.000000
1980,504,MAR,Morocco,330200.600000
1980,508,MOZ,Mozambique,33850.000000
1980,512,OMN,Oman,0.000000
1980,516,NAM,Namibia,50.000000
1980,524,NPL,Nepal,2221.000000
1980,528,NLD,Netherlands (Kingdom of the),263460.000000
1980,530,ANT,Netherlands Antilles [former],0.000000
1980,540,NCL,New Caledonia,3349.000000
1980,548,VUT,Vanuatu,2937.000000
1980,554,NZL,New Zealand,154365.000000
1980,558,NIC,Nicaragua,6996.000000
1980,562,NER,Niger,8892.000000
1980,566,NGA,Nigeria,137859.000000
1980,570,NIU,Niue,45.000000
1980,578,NOR,Norway,2527793.000000
1980,580,MNP,Northern Mariana Islands,0.000000
1980,583,FSM,Micronesia (Federated States of),1720.000000
1980,584,MHL,Marshall Islands,0.000000
1980,585,PLW,Palau,6610.000000
1980,586,PAK,Pakistan,232897.000000
1980,591,PAN,Panama,216051.000000
1980,598,PNG,Papua New Guinea,42120.000000
1980,604,PER,Peru,2708773.000000
1980,608,PHL,Philippines,1382569.000000
1980,616,POL,Poland,630783.000000
1980,620,PRT,Portugal,275522.000000
1980,624,GNB,Guinea-Bissau,4166.000000
1980,630,PRI,Puerto Rico,2557.000000
1980,634,QAT,Qatar,2178.000000
1980,638,REU,Réunion,1374.000000
1980,642,ROU,Romania,138930.000000
1980,646,RWA,Rwanda,1200.000000
1980,654,SHN,"Ascension, Saint Helena and Tristan da Cunha",637.000000
1980,659,KNA,Saint Kitts and Nevis,1935.000000
1980,662,LCA,Saint Lucia,969.000000
1980,666,SPM,Saint Pierre and Miquelon,8617.000000
1980,670,VCT,Saint Vincent and the Grenadines,0.000000
1980,678,STP,Sao Tome and Principe,1847.000000
1980,682,SAU,Saudi Arabia,24775.000000
1980,686,SEN,Senegal,232330.000000
1980,690,SYC,Seychelles,4676.000000
1980,694,SLE,Sierra Leone,48988.000000
1980,702,SGP,Singapore,15991.000000
1980,704,VNM,Viet Nam,69040.000000
1980,706,SOM,Somalia,14330.000000
1980,710,ZAF,South Africa,866037.000000
1980,716,ZWE,Zimbabwe,13213.000000
1980,724,ESP,Spain,1170003.500000
1980,736,,Sudan [former],26060.000000
1980,740,SUR,Suriname,4046.000000
1980,752,SWE,Sweden,232694.000000
1980,756,CHE,Switzerland,3330.000000
1980,760,SYR,Syrian Arab Republic,3462.000000
1980,764,THA,Thailand,1704022.000000
1980,768,TGO,Togo,9134.000000
1980,776,TON,Tonga,1994.000000
1980,780,TTO,Trinidad and Tobago,4461.000000
1980,784,ARE,United Arab Emirates,64600.000000
1980,788,TUN,Tunisia,61067.500000
1980,792,TUR,Türkiye,426855.000000
1980,796,TCA,Turks and Caicos Islands,3598.000000
1980,798,TUV,Tuvalu,150.000000
1980,800,UGA,Uganda,165840.000000
1980,804,UKR,Ukraine,0.000000
1980,810,SUN,Union of Soviet Socialist Republics [former],9502241.000000
1980,818,EGY,Egypt,121397.000000
1980,826,GBR,United Kingdom of Great Britain and Northern Ireland,892658.000000
1980,831,GGY,Guernsey,2906.000000
1980,833,IMN,Isle of Man,10106.000000
1980,834,TZA,United Republic of Tanzania,228192.000000
1980,840,USA,United States of America,3703294.000000
1980,850,VIR,United States Virgin Islands,688.000000
1980,854,BFA,Burkina Faso,6500.000000
1980,858,URY,Uruguay,120399.000000
1980,862,VEN,Venezuela (Bolivarian Republic of),187933.000000
1980,876,WLF,Wallis and Futuna Islands,0.000000
1980,882,WSM,Samoa,1990.000000
1980,887,YEM,Yemen,78444.000000
1980,890,YUG,Yugoslavia SFR [former],44698.000000
1980,894,ZMB,Zambia,50988.000000
1980,896,,Other NEI,297246.000000
1981,008,ALB,Albania,8921.000000
1981,012,DZA,Algeria,0.000000
1981,016,ASM,American Samoa,153.000000
1981,024,AGO,Angola,130957.000000
1981,028,ATG,Antigua and Barbuda,1157.000000
1981,032,ARG,Argentina,374777.000000
1981,036,AUS,Australia,153148.000000
1981,040,AUT,Austria,1200.000000
1981,044,BHS,Bahamas,7631.789000
1981,048,BHR,Bahrain,5747.000000
1981,050,BGD,Bangladesh,554476.000000
1981,052,BRB,Barbados,3411.000000
1981,056,BEL,Belgium,49279.000000
1981,060,BMU,Bermuda,2024.000000
1981,068,BOL,Bolivia (Plurinational State of),5617.000000
1981,072,BWA,Botswana,1450.000000
1981,076,BRA,Brazil,805771.000000
1981,084,BLZ,Belize,2252.000000
1981,086,IOT,British Indian Ocean Territory [former],0.000000
1981,090,SLB,Solomon Islands,34728.000000
1981,096,BRN,Brunei Darussalam,2367.000000
1981,100,BGR,Bulgaria,93953.000000
1981,104,MMR,Myanmar,591420.000000
1981,108,BDI,Burundi,11880.000000
1981,116,KHM,Cambodia,50540.000000
1981,120,CMR,Cameroon,79761.000000
1981,124,CAN,Canada,1444327.000000
1981,132,CPV,Cabo Verde,14730.000000
1981,136,CYM,Cayman Islands,3992.000000
1981,140,CAF,Central African Republic,13000.000000
1981,144,LKA,Sri Lanka,201904.000000
1981,152,CHL,Chile,3500584.000000
1981,156,CHN,China,3140232.000000
1981,158,TWN,Taiwan Province of China,487795.000000
1981,170,COL,Colombia,94431.000000
1981,174,COM,Comoros,5049.000000
1981,175,MYT,Mayotte,516.000000
1981,178,COG,Congo,29665.000000
1981,180,COD,Democratic Republic of the Congo,0.000000
1981,184,COK,Cook Islands,48.000000
1981,188,CRI,Costa Rica,16010.000000
1981,192,CUB,Cuba,161857.000000
1981,196,CYP,Cyprus,1426.000000
1981,200,CSK,Czechoslovakia [former],1168.000000
1981,204,BEN,Benin,23768.000000
1981,208,DNK,Denmark,1838243.000000
1981,212,DMA,Dominica,1514.000000
1981,214,DOM,Dominican Republic,12003.000000
1981,218,ECU,Ecuador,526740.000000
1981,222,SLV,El Salvador,20770.000000
1981,226,GNQ,Equatorial Guinea,2500.000000
1981,230,,Ethiopia PDR [former],0.000000
1981,234,FRO,Faroe Islands,243343.000000
1981,238,FLK,Falkland Islands (Malvinas),0.000000
1981,242,FJI,Fiji,23608.000000
1981,246,FIN,Finland,149396.000000
1981,250,FRA,France,672510.883000
1981,254,GUF,French Guiana,1436.000000
1981,258,PYF,French Polynesia,2685.000000
1981,260,ATF,French Southern Territories,594.000000
1981,262,DJI,Djibouti,385.000000
1981,266,GAB,Gabon,4016.000000
1981,270,GMB,Gambia,14739.000000
1981,276,DEU,Germany,549483.000000
1981,288,GHA,Ghana,240510.000000
1981,296,KIR,Kiribati,13502.000000
1981,300,GRC,Greece,101460.182000
1981,304,GRL,Greenland,107487.000000
1981,308,GRD,Grenada,788.000000
1981,312,GLP,Guadeloupe,460.000000
1981,316,GUM,Guam,315.000000
1981,320,GTM,Guatemala,4265.000000
1981,324,GIN,Guinea,0.000000
1981,328,GUY,Guyana,32798.000000
1981,340,HND,Honduras,6295.000000
1981,344,HKG,"China, Hong Kong SAR",174598.000000
1981,348,HUN,Hungary,12989.000000
1981,352,ISL,Iceland,1449847.000000
1981,356,IND,India,2041720.000000
1981,360,IDN,Indonesia,1677030.000000
1981,364,IRN,Iran (Islamic Republic of),44608.000000
1981,368,IRQ,Iraq,719.000000
1981,372,IRL,Ireland,185429.000000
1981,376,ISR,Israel,16414.000000
1981,380,ITA,Italy,430152.087000
1981,384,CIV,Côte d'Ivoire,75586.000000
1981,388,JAM,Jamaica,7768.000000
1981,392,JPN,Japan,10355590.432000
1981,400,JOR,Jordan,35.000000
1981,404,KEN,Kenya,57900.000000
1981,408,PRK,Democratic People's Republic of Korea,0.000000
1981,410,KOR,Republic of Korea,2105368.000000
1981,414,KWT,Kuwait,3714.000000
1981,422,LBN,Lebanon,0.000000
1981,430,LBR,Liberia,13004.000000
1981,434,LBY,Libya,13130.000000
1981,450,MDG,Madagascar,51169.000000
1981,454,MWI,Malawi,51319.000000
1981,458,MYS,Malaysia,724492.000000
1981,462,MDV,Maldives,40916.000000
1981,466,MLI,Mali,75564.000000
1981,470,MLT,Malta,942.000000
1981,474,MTQ,Martinique,803.000000
1981,478,MRT,Mauritania,33146.000000
1981,480,MUS,Mauritius,7132.000000
1981,484,MEX,Mexico,1628458.000000
1981,496,MNG,Mongolia,262.000000
1981,500,MSR,Montserrat,104.000000
1981,504,MAR,Morocco,390499.000000
1981,508,MOZ,Mozambique,40630.000000
1981,512,OMN,Oman,83650.000000
1981,516,NAM,Namibia,50.000000
1981,524,NPL,Nepal,2154.000000
1981,528,NLD,Netherlands (Kingdom of the),370224.000000
1981,530,ANT,Netherlands Antilles [former],0.000000
1981,540,NCL,New Caledonia,2448.000000
1981,548,VUT,Vanuatu,2715.000000
1981,554,NZL,New Zealand,167304.000000
1981,558,NIC,Nicaragua,5944.000000
1981,562,NER,Niger,8208.000000
1981,566,NGA,Nigeria,147597.000000
1981,570,NIU,Niue,45.000000
1981,578,NOR,Norway,2687298.000000
1981,580,MNP,Northern Mariana Islands,143.000000
1981,583,FSM,Micronesia (Federated States of),1720.000000
1981,584,MHL,Marshall Islands,0.000000
1981,585,PLW,Palau,9430.000000
1981,586,PAK,Pakistan,267195.000000
1981,591,PAN,Panama,143458.000000
1981,598,PNG,Papua New Guinea,34009.000000
1981,604,PER,Peru,2716951.000000
1981,608,PHL,Philippines,1425121.000000
1981,616,POL,Poland,608898.000000
1981,620,PRT,Portugal,268787.000000
1981,624,GNB,Guinea-Bissau,3643.000000
1981,630,PRI,Puerto Rico,1784.000000
1981,634,QAT,Qatar,2604.000000
1981,638,REU,Réunion,1371.000000
1981,642,ROU,Romania,152997.000000
1981,646,RWA,Rwanda,955.000000
1981,654,SHN,"Ascension, Saint Helena and Tristan da Cunha",687.000000
1981,659,KNA,Saint Kitts and Nevis,1900.000000
1981,662,LCA,Saint Lucia,891.000000
1981,666,SPM,Saint Pierre and Miquelon,11111.000000
1981,670,VCT,Saint Vincent and the Grenadines,0.000000
1981,678,STP,Sao Tome and Principe,2158.000000
1981,682,SAU,Saudi Arabia,0.000000
1981,686,SEN,Senegal,227029.000000
1981,690,SYC,Seychelles,5221.000000
1981,694,SLE,Sierra Leone,654.000000
1981,702,SGP,Singapore,16022.000000
1981,704,VNM,Viet Nam,85710.000000
1981,706,SOM,Somalia,9823.000000
1981,710,ZAF,South Africa,879395.000000
1981,716,ZWE,Zimbabwe,16356.000000
1981,724,ESP,Spain,1096187.500000
1981,736,,Sudan [former],28530.000000
1981,740,SUR,Suriname,4620.000000
1981,752,SWE,Sweden,254718.000000
1981,756,CHE,Switzerland,3476.000000
1981,760,SYR,Syrian Arab Republic,3022.000000
1981,764,THA,Thailand,1861363.000000
1981,768,TGO,Togo,10325.000000
1981,776,TON,Tonga,2093.000000
1981,780,TTO,Trinidad and Tobago,3804.000000
1981,784,ARE,United Arab Emirates,67760.000000
1981,788,TUN,Tunisia,57995.500000
1981,792,TUR,Türkiye,470180.000000
1981,796,TCA,Turks and Caicos Islands,2628.000000
1981,798,TUV,Tuvalu,180.000000
1981,800,UGA,Uganda,166590.000000
1981,804,UKR,Ukraine,0.000000
1981,810,SUN,Union of Soviet Socialist Republics [former],9512220.000000
1981,818,EGY,Egypt,120715.579000
1981,826,GBR,United Kingdom of Great Britain and Northern Ireland,876998.000000
1981,831,GGY,Guernsey,2800.000000
1981,833,IMN,Isle of Man,8642.000000
1981,834,TZA,United Republic of Tanzania,230897.000000
1981,840,USA,United States of America,3701137.081000
1981,850,VIR,United States Virgin Islands,618.000000
1981,854,BFA,Burkina Faso,7500.000000
1981,858,URY,Uruguay,146919.000000
1981,862,VEN,Venezuela (Bolivarian Republic of),181157.000000
1981,876,WLF,Wallis and Futuna Islands,0.000000
1981,882,WSM,Samoa,3095.000000
1981,887,YEM,Yemen,55537.000000
1981,890,YUG,Yugoslavia SFR [former],55644.000000
1981,894,ZMB,Zambia,39553.000000
1981,896,,Other NEI,123183.000000
1982,008,ALB,Albania,8812.000000
1982,012,DZA,Algeria,0.000000
1982,016,ASM,American Samoa,112.000000
1982,024,AGO,Angola,111488.000000
1982,028,ATG,Antigua and Barbuda,950.000000
1982,032,ARG,Argentina,488112.000000
1982,036,AUS,Australia,166745.000000
1982,040,AUT,Austria,1400.000000
1982,044,BHS,Bahamas,7737.039000
1982,048,BHR,Bahrain,5594.000000
1982,050,BGD,Bangladesh,587868.000000
1982,052,BRB,Barbados,3480.000000
1982,056,BEL,Belgium,47841.000000
1982,060,BMU,Bermuda,2348.000000
1982,068,BOL,Bolivia (Plurinational State of),270.000000
1982,072,BWA,Botswana,1400.000000
1982,076,BRA,Brazil,824298.000000
1982,084,BLZ,Belize,2288.000000
1982,086,IOT,British Indian Ocean Territory [former],0.000000
1982,090,SLB,Solomon Islands,32518.000000
1982,096,BRN,Brunei Darussalam,2357.000000
1982,100,BGR,Bulgaria,100982.000000
1982,104,MMR,Myanmar,580950.000000
1982,108,BDI,Burundi,12131.000000
1982,116,KHM,Cambodia,65236.000000
1982,120,CMR,Cameroon,83012.000000
1982,124,CAN,Canada,1427021.000000
1982,132,CPV,Cabo Verde,12453.000000
1982,136,CYM,Cayman Islands,933.000000
1982,140,CAF,Central African Republic,13000.000000
1982,144,LKA,Sri Lanka,201183.000000
1982,152,CHL,Chile,3841473.000000
1982,156,CHN,China,3508610.000000
1982,158,TWN,Taiwan Province of China,535938.800000
1982,170,COL,Colombia,71042.000000
1982,174,COM,Comoros,5454.000000
1982,175,MYT,Mayotte,420.000000
1982,178,COG,Congo,30835.000000
1982,180,COD,Democratic Republic of the Congo,0.000000
1982,184,COK,Cook Islands,0.000000
1982,188,CRI,Costa Rica,12567.000000
1982,192,CUB,Cuba,191517.000000
1982,196,CYP,Cyprus,1545.000000
1982,200,CSK,Czechoslovakia [former],1043.000000
1982,204,BEN,Benin,20531.000000
1982,208,DNK,Denmark,1909718.000000
1982,212,DMA,Dominica,1545.000000
1982,214,DOM,Dominican Republic,13169.000000
1982,218,ECU,Ecuador,585911.000000
1982,222,SLV,El Salvador,12916.000000
1982,226,GNQ,Equatorial Guinea,0.000000
1982,230,,Ethiopia PDR [former],0.000000
1982,234,FRO,Faroe Islands,250518.000000
1982,238,FLK,Falkland Islands (Malvinas),0.000000
1982,242,FJI,Fiji,24931.000000
1982,246,FIN,Finland,157618.000000
1982,250,FRA,France,667232.640000
1982,254,GUF,French Guiana,1992.000000
1982,258,PYF,French Polynesia,2658.000000
1982,260,ATF,French Southern Territories,612.000000
1982,262,DJI,Djibouti,426.000000
1982,266,GAB,Gabon,3502.000000
1982,270,GMB,Gambia,9212.000000
1982,276,DEU,Germany,499021.000000
1982,288,GHA,Ghana,244163.000000
1982,296,KIR,Kiribati,13009.000000
1982,300,GRC,Greece,104637.800000
1982,304,GRL,Greenland,106206.000000
1982,308,GRD,Grenada,982.000000
1982,312,GLP,Guadeloupe,490.000000
1982,316,GUM,Guam,399.000000
1982,320,GTM,Guatemala,4284.000000
1982,324,GIN,Guinea,0.000000
1982,328,GUY,Guyana,32794.000000
1982,340,HND,Honduras,7940.000000
1982,344,HKG,"China, Hong Kong SAR",171880.000000
1982,348,HUN,Hungary,15972.000000
1982,352,ISL,Iceland,801719.000000
1982,356,IND,India,1916381.000000
1982,360,IDN,Indonesia,1753048.000000
1982,364,IRN,Iran (Islamic Republic of),89468.000000
1982,368,IRQ,Iraq,0.000000
1982,372,IRL,Ireland,205954.000000
1982,376,ISR,Israel,15047.000000
1982,380,ITA,Italy,449270.660000
1982,384,CIV,Côte d'Ivoire,73753.000000
1982,388,JAM,Jamaica,7745.000000
1982,392,JPN,Japan,10437036.121000
1982,400,JOR,Jordan,19.000000
1982,404,KEN,Kenya,81718.000000
1982,408,PRK,Democratic People's Republic of Korea,0.000000
1982,410,KOR,Republic of Korea,2038071.000000
1982,414,KWT,Kuwait,6628.000000
1982,422,LBN,Lebanon,0.000000
1982,430,LBR,Liberia,13553.000000
1982,434,LBY,Libya,7591.000000
1982,450,MDG,Madagascar,18689.000000
1982,454,MWI,Malawi,58322.000000
1982,458,MYS,Malaysia,675223.000000
1982,462,MDV,Maldives,37838.000000
1982,466,MLI,Mali,73451.000000
1982,470,MLT,Malta,1216.000000
1982,474,MTQ,Martinique,939.000000
1982,478,MRT,Mauritania,56288.000000
1982,480,MUS,Mauritius,9780.000000
1982,484,MEX,Mexico,944208.000000
1982,496,MNG,Mongolia,184.000000
1982,500,MSR,Montserrat,111.000000
1982,504,MAR,Morocco,364415.000000
1982,508,MOZ,Mozambique,38180.000000
1982,512,OMN,Oman,89376.000000
1982,516,NAM,Namibia,50.000000
1982,524,NPL,Nepal,2359.000000
1982,528,NLD,Netherlands (Kingdom of the),414496.000000
1982,530,ANT,Netherlands Antilles [former],0.000000
1982,540,NCL,New Caledonia,3384.000000
1982,548,VUT,Vanuatu,2715.000000
1982,554,NZL,New Zealand,169149.000000
1982,558,NIC,Nicaragua,5000.000000
1982,562,NER,Niger,6840.000000
1982,566,NGA,Nigeria,154073.000000
1982,570,NIU,Niue,54.000000
1982,578,NOR,Norway,2634880.000000
1982,580,MNP,Northern Mariana Islands,98.000000
1982,583,FSM,Micronesia (Federated States of),1777.000000
1982,584,MHL,Marshall Islands,0.000000
1982,585,PLW,Palau,4053.000000
1982,586,PAK,Pakistan,278530.000000
1982,591,PAN,Panama,118923.000000
1982,598,PNG,Papua New Guinea,4099.000000
1982,604,PER,Peru,3512981.000000
1982,608,PHL,Philippines,1495962.000000
1982,616,POL,Poland,596400.000000
1982,620,PRT,Portugal,259099.000000
1982,624,GNB,Guinea-Bissau,3977.000000
1982,630,PRI,Puerto Rico,2202.000000
1982,634,QAT,Qatar,2331.000000
1982,638,REU,Réunion,1442.000000
1982,642,ROU,Romania,191992.000000
1982,646,RWA,Rwanda,1210.000000
1982,654,SHN,"Ascension, Saint Helena and Tristan da Cunha",928.000000
1982,659,KNA,Saint Kitts and Nevis,1930.000000
1982,662,LCA,Saint Lucia,921.000000
1982,666,SPM,Saint Pierre and Miquelon,10474.000000
1982,670,VCT,Saint Vincent and the Grenadines,0.000000
1982,678,STP,Sao Tome and Principe,2688.000000
1982,682,SAU,Saudi Arabia,748.000000
1982,686,SEN,Senegal,231796.000000
1982,690,SYC,Seychelles,4045.000000
1982,694,SLE,Sierra Leone,51935.000000
1982,702,SGP,Singapore,19076.000000
1982,704,VNM,Viet Nam,90680.000000
1982,706,SOM,Somalia,9030.000000
1982,710,ZAF,South Africa,838116.000000
1982,716,ZWE,Zimbabwe,17441.000000
1982,724,ESP,Spain,1109305.000000
1982,736,,Sudan [former],29710.000000
1982,740,SUR,Suriname,3796.000000
1982,752,SWE,Sweden,251842.000000
1982,756,CHE,Switzerland,3149.000000
1982,760,SYR,Syrian Arab Republic,2941.000000
1982,764,THA,Thailand,2034812.000000
1982,768,TGO,Togo,14530.000000
1982,776,TON,Tonga,2134.000000
1982,780,TTO,Trinidad and Tobago,4574.000000
1982,784,ARE,United Arab Emirates,69755.000000
1982,788,TUN,Tunisia,63689.000000
1982,792,TUR,Türkiye,503466.000000
1982,796,TCA,Turks and Caicos Islands,2734.000000
1982,798,TUV,Tuvalu,429.000000
1982,800,UGA,Uganda,170035.000000
1982,804,UKR,Ukraine,0.000000
1982,810,SUN,Union of Soviet Socialist Republics [former],9907083.000000
1982,818,EGY,Egypt,131732.642000
1982,826,GBR,United Kingdom of Great Britain and Northern Ireland,903151.000000
1982,831,GGY,Guernsey,2241.000000
1982,833,IMN,Isle of Man,6298.000000
1982,834,TZA,United Republic of Tanzania,227873.000000
1982,840,USA,United States of America,3952683.036000
1982,850,VIR,United States Virgin Islands,891.000000
1982,854,BFA,Burkina Faso,7000.000000
1982,858,URY,Uruguay,118988.000000
1982,862,VEN,Venezuela (Bolivarian Republic of),210907.000000
1982,876,WLF,Wallis and Futuna Islands,0.000000
1982,882,WSM,Samoa,4020.000000
1982,887,YEM,Yemen,39640.000000
1982,890,YUG,Yugoslavia SFR [former],51485.000000
1982,894,ZMB,Zambia,55809.000000
1982,896,,Other NEI,14088.000000
1983,008,ALB,Albania,8653.000000
1983,012,DZA,Algeria,0.000000
1983,016,ASM,American Samoa,112.000000
1983,024,AGO,Angola,110376.000000
1983,028,ATG,Antigua and Barbuda,1063.000000
1983,032,ARG,Argentina,428064.000000
1983,036,AUS,Australia,163662.000000
1983,040,AUT,Austria,1100.000000
1983,044,BHS,Bahamas,8548.154000
1983,048,BHR,Bahrain,4812.000000
1983,050,BGD,Bangladesh,619587.000000
1983,052,BRB,Barbados,6522.000000
1983,056,BEL,Belgium,48580.000000
1983,060,BMU,Bermuda,927.000000
1983,068,BOL,Bolivia (Plurinational State of),200.000000
1983,072,BWA,Botswana,1250.000000
1983,076,BRA,Brazil,872106.000000
1983,084,BLZ,Belize,2641.000000
1983,086,IOT,British Indian Ocean Territory [former],0.000000
1983,090,SLB,Solomon Islands,46014.595000
1983,092,VGB,British Virgin Islands,407.000000
1983,096,BRN,Brunei Darussalam,3055.000000
1983,100,BGR,Bulgaria,108207.000000
1983,104,MMR,Myanmar,583710.000000
1983,108,BDI,Burundi,11366.000000
1983,116,KHM,Cambodia,57783.000000
1983,120,CMR,Cameroon,77277.000000
1983,124,CAN,Canada,1371030.000000
1983,132,CPV,Cabo Verde,11863.000000
1983,136,CYM,Cayman Islands,655.000000
1983,140,CAF,Central African Republic,13000.000000
1983,144,LKA,Sri Lanka,205430.000000
1983,152,CHL,Chile,4165533.000000
1983,156,CHN,China,3670055.000000
1983,158,TWN,Taiwan Province of China,525459.800000
1983,170,COL,Colombia,57104.000000
1983,174,COM,Comoros,5863.000000
1983,175,MYT,Mayotte,480.000000
1983,178,COG,Congo,35207.000000
1983,180,COD,Democratic Republic of the Congo,0.000000
1983,184,COK,Cook Islands,0.000000
1983,188,CRI,Costa Rica,11108.000000
1983,192,CUB,Cuba,194349.000000
1983,196,CYP,Cyprus,1938.771000
1983,200,CSK,Czechoslovakia [former],961.000000
1983,204,BEN,Benin,17187.000000
1983,208,DNK,Denmark,1845546.000000
1983,212,DMA,Dominica,0.000000
1983,214,DOM,Dominican Republic,12849.000000
1983,218,ECU,Ecuador,336156.000000
1983,222,SLV,El Salvador,7603.000000
1983,226,GNQ,Equatorial Guinea,0.000000
1983,230,,Ethiopia PDR [former],0.000000
1983,234,FRO,Faroe Islands,329955.000000
1983,238,FLK,Falkland Islands (Malvinas),0.000000
1983,242,FJI,Fiji,24227.000000
1983,246,FIN,Finland,167447.000000
1983,250,FRA,France,687076.473000
1983,254,GUF,French Guiana,2118.000000
1983,258,PYF,French Polynesia,2284.000000
1983,260,ATF,French Southern Territories,621.000000
1983,262,DJI,Djibouti,409.000000
1983,266,GAB,Gabon,3420.000000
1983,270,GMB,Gambia,11653.000000
1983,276,DEU,Germany,473786.000000
1983,288,GHA,Ghana,251503.000000
1983,296,KIR,Kiribati,22485.000000
1983,300,GRC,Greece,99847.400000
1983,304,GRL,Greenland,99311.000000
1983,308,GRD,Grenada,1479.000000
1983,312,GLP,Guadeloupe,922.000000
1983,316,GUM,Guam,290.000000
1983,320,GTM,Guatemala,2376.000000
1983,324,GIN,Guinea,0.000000
1983,328,GUY,Guyana,35366.000000
1983,332,HTI,Haiti,2.100000
1983,340,HND,Honduras,11331.000000
1983,344,HKG,"China, Hong Kong SAR",180742.000000
1983,348,HUN,Hungary,16247.000000
1983,352,ISL,Iceland,855025.000000
1983,356,IND,India,2003865.500000
1983,360,IDN,Indonesia,1944527.000000
1983,364,IRN,Iran (Islamic Republic of),96665.000000
1983,368,IRQ,Iraq,0.000000
1983,372,IRL,Ireland,197088.000000
1983,376,ISR,Israel,12182.000000
1983,380,ITA,Italy,454107.476000
1983,384,CIV,Côte d'Ivoire,79858.000000
1983,388,JAM,Jamaica,8513.000000
1983,392,JPN,Japan,10828994.462000
1983,400,JOR,Jordan,17.000000
1983,404,KEN,Kenya,98357.000000
1983,408,PRK,Democratic People's Republic of Korea,0.000000
1983,410,KOR,Republic of Korea,2146033.000000
1983,414,KWT,Kuwait,8722.000000
1983,422,LBN,Lebanon,0.000000
1983,430,LBR,Liberia,15277.000000
1983,434,LBY,Libya,422.000000
1983,450,MDG,Madagascar,63426.000000
1983,454,MWI,Malawi,66863.000000
1983,458,MYS,Malaysia,748723.000000
1983,462,MDV,Maldives,44110.000000
1983,466,MLI,Mali,61289.000000
1983,470,MLT,Malta,999.000000
1983,474,MTQ,Martinique,872.000000
1983,478,MRT,Mauritania,59620.000000
1983,480,MUS,Mauritius,9434.000000
1983,484,MEX,Mexico,1062998.800000
1983,496,MNG,Mongolia,347.000000
1983,504,MAR,Morocco,454075.000000
1983,508,MOZ,Mozambique,40940.000000
1983,512,OMN,Oman,108766.000000
1983,516,NAM,Namibia,100.000000
1983,524,NPL,Nepal,2429.000000
1983,528,NLD,Netherlands (Kingdom of the),442196.000000
1983,530,ANT,Netherlands Antilles [former],0.000000
1983,540,NCL,New Caledonia,1323.000000
1983,548,VUT,Vanuatu,2542.000000
1983,554,NZL,New Zealand,195627.000000
1983,558,NIC,Nicaragua,4548.000000
1983,562,NER,Niger,3251.000000
1983,566,NGA,Nigeria,138561.000000
1983,570,NIU,Niue,60.000000
1983,578,NOR,Norway,2949720.000000
1983,580,MNP,Northern Mariana Islands,245.000000
1983,583,FSM,Micronesia (Federated States of),1777.000000
1983,584,MHL,Marshall Islands,0.000000
1983,585,PLW,Palau,1041.000000
1983,586,PAK,Pakistan,326234.000000
1983,591,PAN,Panama,165997.000000
1983,598,PNG,Papua New Guinea,1897.000000
1983,600,PRY,Paraguay,3500.000000
1983,604,PER,Peru,1569049.000000
1983,608,PHL,Philippines,1663423.400000
1983,616,POL,Poland,722833.000000
1983,620,PRT,Portugal,253335.000000
1983,624,GNB,Guinea-Bissau,2671.000000
1983,630,PRI,Puerto Rico,2655.000000
1983,634,QAT,Qatar,2114.000000
1983,638,REU,Réunion,1254.000000
1983,642,ROU,Romania,210427.000000
1983,646,RWA,Rwanda,1212.000000
1983,654,SHN,"Ascension, Saint Helena and Tristan da Cunha",619.000000
1983,659,KNA,Saint Kitts and Nevis,1177.000000
1983,662,LCA,Saint Lucia,910.000000
1983,666,SPM,Saint Pierre and Miquelon,9561.000000
1983,670,VCT,Saint Vincent and the Grenadines,0.000000
1983,678,STP,Sao Tome and Principe,4012.000000
1983,682,SAU,Saudi Arabia,1950.000000
1983,686,SEN,Senegal,262910.000000
1983,690,SYC,Seychelles,3938.000000
1983,694,SLE,Sierra Leone,787.000000
1983,702,SGP,Singapore,19267.600000
1983,704,VNM,Viet Nam,103130.000000
1983,706,SOM,Somalia,11495.000000
1983,710,ZAF,South Africa,948726.000000
1983,716,ZWE,Zimbabwe,13482.000000
1983,724,ESP,Spain,1123850.500000
1983,736,,Sudan [former],29500.000000
1983,740,SUR,Suriname,4520.000000
1983,752,SWE,Sweden,258490.000000
1983,756,CHE,Switzerland,3290.000000
1983,760,SYR,Syrian Arab Republic,3036.549000
1983,764,THA,Thailand,2161944.000000
1983,768,TGO,Togo,14878.000000
1983,776,TON,Tonga,2237.000000
1983,780,TTO,Trinidad and Tobago,4541.000000
1983,784,ARE,United Arab Emirates,72716.000000
1983,788,TUN,Tunisia,67951.300000
1983,792,TUR,Türkiye,557287.000000
1983,796,TCA,Turks and Caicos Islands,3967.000000
1983,798,TUV,Tuvalu,784.000000
1983,800,UGA,Uganda,172000.000000
1983,804,UKR,Ukraine,0.000000
1983,810,SUN,Union of Soviet Socialist Republics [former],9743342.000000
1983,818,EGY,Egypt,132306.387000
1983,826,GBR,United Kingdom of Great Britain and Northern Ireland,838959.000000
1983,831,GGY,Guernsey,2051.000000
1983,832,JEY,Jersey,1425.000000
1983,833,IMN,Isle of Man,8322.000000
1983,834,TZA,United Republic of Tanzania,239266.000000
1983,840,USA,United States of America,4152983.109000
1983,850,VIR,United States Virgin Islands,615.000000
1983,858,URY,Uruguay,143416.000000
1983,862,VEN,Venezuela (Bolivarian Republic of),230445.000000
1983,876,WLF,Wallis and Futuna Islands,0.000000
1983,882,WSM,Samoa,3820.000000
1983,887,YEM,Yemen,57906.000000
1983,890,YUG,Yugoslavia SFR [former],64630.000000
1983,894,ZMB,Zambia,54175.000000
1983,896,,Other NEI,18998.000000
1984,008,ALB,Albania,6809.000000
1984,012,DZA,Algeria,0.900000
1984,016,ASM,American Samoa,152.000000
1984,024,AGO,Angola,95188.000000
1984,028,ATG,Antigua and Barbuda,1465.000000
1984,032,ARG,Argentina,322542.000000
1984,036,AUS,Australia,171902.000000
1984,040,AUT,Austria,700.000000
1984,044,BHS,Bahamas,8430.066000
1984,048,BHR,Bahrain,5599.000000
1984,050,BGD,Bangladesh,633171.000000
1984,052,BRB,Barbados,5772.000000
1984,056,BEL,Belgium,47871.000000
1984,060,BMU,Bermuda,538.000000
1984,068,BOL,Bolivia (Plurinational State of),200.000000
1984,072,BWA,Botswana,1500.000000
1984,076,BRA,Brazil,949869.000000
1984,084,BLZ,Belize,2672.000000
1984,086,IOT,British Indian Ocean Territory [former],0.000000
1984,090,SLB,Solomon Islands,48801.739000
1984,092,VGB,British Virgin Islands,470.000000
1984,096,BRN,Brunei Darussalam,3425.000000
1984,100,BGR,Bulgaria,100996.000000
1984,104,MMR,Myanmar,609740.000000
1984,108,BDI,Burundi,11361.000000
1984,116,KHM,Cambodia,55093.000000
1984,120,CMR,Cameroon,75299.000000
1984,124,CAN,Canada,1304529.000000
1984,132,CPV,Cabo Verde,10730.000000
1984,136,CYM,Cayman Islands,423.000000
1984,140,CAF,Central African Republic,13000.000000
1984,144,LKA,Sri Lanka,162462.000000
1984,152,CHL,Chile,4665417.000000
1984,156,CHN,China,3940713.000000
1984,158,TWN,Taiwan Province of China,570529.360000
1984,170,COL,Colombia,78514.000000
1984,174,COM,Comoros,6269.000000
1984,178,COG,Congo,32807.000000
1984,180,COD,Democratic Republic of the Congo,148219.000000
1984,184,COK,Cook Islands,132.000000
1984,188,CRI,Costa Rica,16390.000000
1984,192,CUB,Cuba,195475.300000
1984,196,CYP,Cyprus,2206.000000
1984,200,CSK,Czechoslovakia [former],0.000000
1984,204,BEN,Benin,376.000000
1984,208,DNK,Denmark,1827875.000000
1984,212,DMA,Dominica,0.000000
1984,214,DOM,Dominican Republic,13875.000000
1984,218,ECU,Ecuador,849180.000000
1984,222,SLV,El Salvador,12179.000000
1984,226,GNQ,Equatorial Guinea,4000.000000
1984,230,,Ethiopia PDR [former],0.000000
1984,234,FRO,Faroe Islands,346839.000000
1984,238,FLK,Falkland Islands (Malvinas),0.000000
1984,242,FJI,Fiji,25633.000000
1984,246,FIN,Finland,169308.000000
1984,250,FRA,France,676973.544000
1984,254,GUF,French Guiana,2184.000000
1984,258,PYF,French Polynesia,2867.000000
1984,260,ATF,French Southern Territories,612.000000
1984,262,DJI,Djibouti,409.000000
1984,266,GAB,Gabon,21000.000000
1984,270,GMB,Gambia,11882.000000
1984,276,DEU,Germany,455971.000000
1984,288,GHA,Ghana,216563.000000
1984,296,KIR,Kiribati,19380.000000
1984,300,GRC,Greece,105998.800000
1984,304,GRL,Greenland,86274.000000
1984,308,GRD,Grenada,1555.000000
1984,312,GLP,Guadeloupe,440.000000
1984,316,GUM,Guam,348.000000
1984,320,GTM,Guatemala,2963.000000
1984,324,GIN,Guinea,0.000000
1984,328,GUY,Guyana,37239.000000
1984,332,HTI,Haiti,1.000000
1984,340,HND,Honduras,9471.000000
1984,344,HKG,"China, Hong Kong SAR",192036.000000
1984,348,HUN,Hungary,22704.000000
1984,352,ISL,Iceland,1551637.000000
1984,356,IND,India,2302519.099000
1984,360,IDN,Indonesia,1982327.000000
1984,364,IRN,Iran (Islamic Republic of),99554.000000
1984,368,IRQ,Iraq,0.000000
1984,372,IRL,Ireland,194827.000000
1984,376,ISR,Israel,12930.000000
1984,380,ITA,Italy,484030.734000
1984,384,CIV,Côte d'Ivoire,58275.000000
1984,388,JAM,Jamaica,9310.000000
1984,392,JPN,Japan,11589835.176000
1984,400,JOR,Jordan,102.000000
1984,404,KEN,Kenya,91127.000000
1984,408,PRK,Democratic People's Republic of Korea,0.000000
1984,410,KOR,Republic of Korea,2228809.000000
1984,414,KWT,Kuwait,9639.000000
1984,422,LBN,Lebanon,0.000000
1984,430,LBR,Liberia,14650.000000
1984,434,LBY,Libya,279.775000
1984,450,MDG,Madagascar,67378.000000
1984,454,MWI,Malawi,64945.000000
1984,458,MYS,Malaysia,735024.400000
1984,462,MDV,Maldives,56081.000000
1984,466,MLI,Mali,54708.000000
1984,470,MLT,Malta,1226.000000
1984,474,MTQ,Martinique,886.000000
1984,478,MRT,Mauritania,57676.000000
1984,480,MUS,Mauritius,10346.000000
1984,484,MEX,Mexico,1127538.900000
1984,496,MNG,Mongolia,370.000000
1984,504,MAR,Morocco,468056.100000
1984,508,MOZ,Mozambique,34947.000000
1984,512,OMN,Oman,105200.000000
1984,516,NAM,Namibia,400.000000
1984,524,NPL,Nepal,2863.000000
1984,528,NLD,Netherlands (Kingdom of the),435742.000000
1984,530,ANT,Netherlands Antilles [former],0.000000
1984,540,NCL,New Caledonia,3670.000000
1984,548,VUT,Vanuatu,2956.000000
1984,554,NZL,New Zealand,207998.000000
1984,558,NIC,Nicaragua,4339.000000
1984,562,NER,Niger,2991.000000
1984,566,NGA,Nigeria,164556.000000
1984,570,NIU,Niue,72.000000
1984,578,NOR,Norway,2576309.000000
1984,580,MNP,Northern Mariana Islands,345.000000
1984,583,FSM,Micronesia (Federated States of),1777.000000
1984,584,MHL,Marshall Islands,0.000000
1984,585,PLW,Palau,1037.000000
1984,586,PAK,Pakistan,353661.000000
1984,591,PAN,Panama,133357.000000
1984,598,PNG,Papua New Guinea,4173.000000
1984,600,PRY,Paraguay,5000.000000
1984,604,PER,Peru,3316913.000000
1984,608,PHL,Philippines,1602262.000000
1984,616,POL,Poland,700369.000000
1984,620,PRT,Portugal,305246.000000
1984,624,GNB,Guinea-Bissau,2751.000000
1984,630,PRI,Puerto Rico,2354.000000
1984,634,QAT,Qatar,3173.000000
1984,638,REU,Réunion,1419.000000
1984,642,ROU,Romania,187333.000000
1984,646,RWA,Rwanda,786.000000
1984,654,SHN,"Ascension, Saint Helena and Tristan da Cunha",652.000000
1984,659,KNA,Saint Kitts and Nevis,115.000000
1984,662,LCA,Saint Lucia,946.000000
1984,666,SPM,Saint Pierre and Miquelon,12026.000000
1984,670,VCT,Saint Vincent and the Grenadines,0.000000
1984,678,STP,Sao Tome and Principe,4444.000000
1984,682,SAU,Saudi Arabia,2220.000000
1984,686,SEN,Senegal,250270.000000
1984,690,SYC,Seychelles,3734.000000
1984,694,SLE,Sierra Leone,83.000000
1984,702,SGP,Singapore,25140.600000
1984,704,VNM,Viet Nam,123279.000000
1984,706,SOM,Somalia,19939.000000
1984,710,ZAF,South Africa,757915.000000
1984,716,ZWE,Zimbabwe,16277.000000
1984,724,ESP,Spain,1125854.500000
1984,736,,Sudan [former],29780.000000
1984,740,SUR,Suriname,5095.000000
1984,752,SWE,Sweden,271353.000000
1984,756,CHE,Switzerland,3841.000000
1984,760,SYR,Syrian Arab Republic,3360.396000
1984,764,THA,Thailand,2028329.000000
1984,768,TGO,Togo,14675.000000
1984,776,TON,Tonga,2385.000000
1984,780,TTO,Trinidad and Tobago,3764.000000
1984,784,ARE,United Arab Emirates,4210.000000
1984,788,TUN,Tunisia,75739.162000
1984,792,TUR,Türkiye,566942.085000
1984,796,TCA,Turks and Caicos Islands,3547.000000
1984,798,TUV,Tuvalu,840.000000
1984,804,UKR,Ukraine,0.000000
1984,810,SUN,Union of Soviet Socialist Republics [former],10391039.000000
1984,818,EGY,Egypt,136839.536000
1984,826,GBR,United Kingdom of Great Britain and Northern Ireland,827671.000000
1984,831,GGY,Guernsey,1906.000000
1984,832,JEY,Jersey,1762.950000
1984,833,IMN,Isle of Man,7668.000000
1984,834,TZA,United Republic of Tanzania,277394.000000
1984,840,USA,United States of America,4721775.239000
1984,850,VIR,United States Virgin Islands,697.000000
1984,858,URY,Uruguay,132969.000000
1984,862,VEN,Venezuela (Bolivarian Republic of),259432.000000
1984,876,WLF,Wallis and Futuna Islands,0.000000
1984,882,WSM,Samoa,0.000000
1984,887,YEM,Yemen,64273.000000
1984,890,YUG,Yugoslavia SFR [former],62003.000000
1984,894,ZMB,Zambia,65555.000000
1984,896,,Other NEI,24535.000000
1985,008,ALB,Albania,10191.000000
1985,012,DZA,Algeria,0.600000
1985,016,ASM,American Samoa,118.000000
1985,024,AGO,Angola,100093.000000
1985,028,ATG,Antigua and Barbuda,2407.000000
1985,032,ARG,Argentina,419454.000000
1985,036,AUS,Australia,87970.000000
1985,040,AUT,Austria,700.000000
1985,044,BHS,Bahamas,11164.818000
1985,048,BHR,Bahrain,7763.000000
1985,050,BGD,Bangladesh,642270.000000
1985,052,BRB,Barbados,3820.000000
1985,056,BEL,Belgium,45115.000000
1985,060,BMU,Bermuda,670.000000
1985,068,BOL,Bolivia (Plurinational State of),4170.000000
1985,072,BWA,Botswana,1500.000000
1985,076,BRA,Brazil,956684.000000
1985,084,BLZ,Belize,2427.000000
1985,086,IOT,British Indian Ocean Territory [former],0.000000
1985,090,SLB,Solomon Islands,43362.996000
1985,092,VGB,British Virgin Islands,520.000000
1985,096,BRN,Brunei Darussalam,3967.000000
1985,100,BGR,Bulgaria,89663.000000
1985,104,MMR,Myanmar,643750.000000
1985,108,BDI,Burundi,11369.000000
1985,116,KHM,Cambodia,56400.000000
1985,120,CMR,Cameroon,73969.000000
1985,124,CAN,Canada,1473990.000000
1985,132,CPV,Cabo Verde,10190.000000
1985,136,CYM,Cayman Islands,396.000000
1985,140,CAF,Central African Republic,13000.000000
1985,144,LKA,Sri Lanka,177379.000000
1985,152,CHL,Chile,4979368.000000
1985,156,CHN,China,4210121.000000
1985,158,TWN,Taiwan Province of China,596967.320000
1985,170,COL,Colombia,70775.323000
1985,174,COM,Comoros,6675.000000
1985,178,COG,Congo,29878.000000
1985,180,COD,Democratic Republic of the Congo,148276.000000
1985,184,COK,Cook Islands,27.000000
1985,188,CRI,Costa Rica,20383.000000
1985,192,CUB,Cuba,215225.900000
1985,196,CYP,Cyprus,2382.000000
1985,200,CSK,Czechoslovakia [former],0.000000
1985,204,BEN,Benin,6371.000000
1985,208,DNK,Denmark,1772745.000000
1985,212,DMA,Dominica,640.000000
1985,214,DOM,Dominican Republic,17009.900000
1985,218,ECU,Ecuador,1056800.000000
1985,222,SLV,El Salvador,15422.000000
1985,226,GNQ,Equatorial Guinea,3600.000000
1985,230,,Ethiopia PDR [former],0.000000
1985,234,FRO,Faroe Islands,372338.000000
1985,238,FLK,Falkland Islands (Malvinas),8.000000
1985,242,FJI,Fiji,26113.000000
1985,246,FIN,Finland,169022.000000
1985,250,FRA,France,694511.401000
1985,254,GUF,French Guiana,2476.000000
1985,258,PYF,French Polynesia,2359.000000
1985,260,ATF,French Southern Territories,611.000000
1985,262,DJI,Djibouti,380.000000
1985,266,GAB,Gabon,20953.000000
1985,270,GMB,Gambia,10712.000000
1985,276,DEU,Germany,365323.000000
1985,288,GHA,Ghana,193566.000000
1985,296,KIR,Kiribati,22844.000000
1985,300,GRC,Greece,112584.900000
1985,304,GRL,Greenland,94949.000000
1985,308,GRD,Grenada,1727.000000
1985,312,GLP,Guadeloupe,1810.000000
1985,316,GUM,Guam,433.000000
1985,320,GTM,Guatemala,2707.000000
1985,324,GIN,Guinea,0.000000
1985,328,GUY,Guyana,37579.000000
1985,340,HND,Honduras,11185.000000
1985,344,HKG,"China, Hong Kong SAR",190295.000000
1985,348,HUN,Hungary,18612.000000
1985,352,ISL,Iceland,1695450.000000
1985,356,IND,India,2206097.600000
1985,360,IDN,Indonesia,2093069.000000
1985,364,IRN,Iran (Islamic Republic of),102850.000000
1985,368,IRQ,Iraq,0.000000
1985,372,IRL,Ireland,218627.000000
1985,376,ISR,Israel,14149.000000
1985,380,ITA,Italy,482302.234000
1985,384,CIV,Côte d'Ivoire,85650.000000
1985,388,JAM,Jamaica,9581.000000
1985,392,JPN,Japan,10950837.333000
1985,400,JOR,Jordan,152.000000
1985,404,KEN,Kenya,106251.000000
1985,408,PRK,Democratic People's Republic of Korea,0.000000
1985,410,KOR,Republic of Korea,2303047.000000
1985,414,KWT,Kuwait,10116.000000
1985,422,LBN,Lebanon,0.000000
1985,430,LBR,Liberia,11478.000000
1985,434,LBY,Libya,1900.601000
1985,450,MDG,Madagascar,68975.000000
1985,454,MWI,Malawi,61892.000000
1985,458,MYS,Malaysia,745432.400000
1985,462,MDV,Maldives,62076.000000
1985,466,MLI,Mali,54178.000000
1985,470,MLT,Malta,2585.000000
1985,474,MTQ,Martinique,0.000000
1985,478,MRT,Mauritania,66277.000000
1985,480,MUS,Mauritius,12176.000000
1985,484,MEX,Mexico,1245082.300000
1985,496,MNG,Mongolia,374.000000
1985,504,MAR,Morocco,473655.400000
1985,508,MOZ,Mozambique,36326.000000
1985,512,OMN,Oman,101180.000000
1985,516,NAM,Namibia,700.000000
1985,524,NPL,Nepal,5811.000000
1985,528,NLD,Netherlands (Kingdom of the),438364.000000
1985,530,ANT,Netherlands Antilles [former],1030.000000
1985,533,ABW,Aruba,770.000000
1985,540,NCL,New Caledonia,3358.000000
1985,548,VUT,Vanuatu,8196.000000
1985,554,NZL,New Zealand,202984.000000
1985,558,NIC,Nicaragua,4164.000000
1985,562,NER,Niger,1993.000000
1985,566,NGA,Nigeria,237461.000000
1985,570,NIU,Niue,90.000000
1985,578,NOR,Norway,2217619.000000
1985,580,MNP,Northern Mariana Islands,241.000000
1985,583,FSM,Micronesia (Federated States of),3564.000000
1985,584,MHL,Marshall Islands,0.000000
1985,585,PLW,Palau,201.000000
1985,586,PAK,Pakistan,384661.000000
1985,591,PAN,Panama,290237.000000
1985,598,PNG,Papua New Guinea,11431.000000
1985,600,PRY,Paraguay,7500.000000
1985,604,PER,Peru,4130750.000000
1985,608,PHL,Philippines,1569142.700000
1985,616,POL,Poland,658198.000000
1985,620,PRT,Portugal,321517.000000
1985,624,GNB,Guinea-Bissau,5.000000
1985,630,PRI,Puerto Rico,1496.000000
1985,634,QAT,Qatar,2484.000000
1985,638,REU,Réunion,1056.000000
1985,642,ROU,Romania,195223.000000
1985,646,RWA,Rwanda,906.000000
1985,654,SHN,"Ascension, Saint Helena and Tristan da Cunha",572.000000
1985,659,KNA,Saint Kitts and Nevis,95.000000
1985,662,LCA,Saint Lucia,1052.000000
1985,666,SPM,Saint Pierre and Miquelon,12304.000000
1985,670,VCT,Saint Vincent and the Grenadines,483.000000
1985,678,STP,Sao Tome and Principe,3988.000000
1985,682,SAU,Saudi Arabia,43696.000000
1985,686,SEN,Senegal,244896.000000
1985,690,SYC,Seychelles,4118.000000
1985,694,SLE,Sierra Leone,1331.000000
1985,702,SGP,Singapore,22692.900000
1985,704,VNM,Viet Nam,121150.000000
1985,706,SOM,Somalia,16767.000000
1985,710,ZAF,South Africa,798408.000000
1985,716,ZWE,Zimbabwe,17260.000000
1985,724,ESP,Spain,1132524.800000
1985,736,,Sudan [former],26290.000000
1985,740,SUR,Suriname,4909.000000
1985,752,SWE,Sweden,236637.000000
1985,756,CHE,Switzerland,4294.000000
1985,760,SYR,Syrian Arab Republic,1838.110000
1985,764,THA,Thailand,2097535.000000
1985,768,TGO,Togo,15544.000000
1985,776,TON,Tonga,2561.000000
1985,780,TTO,Trinidad and Tobago,5560.000000
1985,784,ARE,United Arab Emirates,72260.000000
1985,788,TUN,Tunisia,89678.507000
1985,792,TUR,Türkiye,578082.115000
1985,796,TCA,Turks and Caicos Islands,4608.000000
1985,798,TUV,Tuvalu,313.000000
1985,804,UKR,Ukraine,0.000000
1985,810,SUN,Union of Soviet Socialist Republics [former],10412894.000000
1985,818,EGY,Egypt,174109.769000
1985,826,GBR,United Kingdom of Great Britain and Northern Ireland,881311.000000
1985,831,GGY,Guernsey,1761.200000
1985,832,JEY,Jersey,1263.130000
1985,833,IMN,Isle of Man,6974.000000
1985,834,TZA,United Republic of Tanzania,300766.000000
1985,840,USA,United States of America,4719863.522000
1985,850,VIR,United States Virgin Islands,612.000000
1985,858,URY,Uruguay,138413.000000
1985,862,VEN,Venezuela (Bolivarian Republic of),264715.000000
1985,876,WLF,Wallis and Futuna Islands,0.000000
1985,882,WSM,Samoa,3641.000000
1985,887,YEM,Yemen,73855.000000
1985,890,YUG,Yugoslavia SFR [former],64200.000000
1985,894,ZMB,Zambia,68000.000000
1985,896,,Other NEI,24581.000000
1986,008,ALB,Albania,9757.200000
1986,012,DZA,Algeria,65261.800000
1986,016,ASM,American Samoa,181.000000
1986,024,AGO,Angola,84660.000000
1986,028,ATG,Antigua and Barbuda,0.000000
1986,032,ARG,Argentina,422393.000000
1986,036,AUS,Australia,48091.000000
1986,040,AUT,Austria,640.000000
1986,044,BHS,Bahamas,8653.899000
1986,048,BHR,Bahrain,8057.000000
1986,050,BGD,Bangladesh,648468.000000
1986,052,BRB,Barbados,4100.000000
1986,056,BEL,Belgium,39466.000000
1986,060,BMU,Bermuda,820.000000
1986,068,BOL,Bolivia (Plurinational State of),3871.000000
1986,072,BWA,Botswana,1700.000000
1986,076,BRA,Brazil,946560.000000
1986,084,BLZ,Belize,1838.000000
1986,086,IOT,British Indian Ocean Territory [former],0.000000
1986,090,SLB,Solomon Islands,56743.386000
1986,092,VGB,British Virgin Islands,543.000000
1986,096,BRN,Brunei Darussalam,4106.000000
1986,100,BGR,Bulgaria,97314.000000
1986,104,MMR,Myanmar,680718.000000
1986,108,BDI,Burundi,11840.000000
1986,116,KHM,Cambodia,64718.000000
1986,120,CMR,Cameroon,71980.000000
1986,124,CAN,Canada,1531719.000000
1986,132,CPV,Cabo Verde,7335.000000
1986,136,CYM,Cayman Islands,478.000000
1986,140,CAF,Central African Republic,13000.000000
1986,144,LKA,Sri Lanka,183568.000000
1986,152,CHL,Chile,5685596.000000
1986,156,CHN,China,4810254.000000
1986,158,TWN,Taiwan Province of China,644257.811000
1986,170,COL,Colombia,82474.479000
1986,174,COM,Comoros,7080.000000
1986,175,MYT,Mayotte,800.000000
1986,178,COG,Congo,31992.000000
1986,180,COD,Democratic Republic of the Congo,153825.000000
1986,184,COK,Cook Islands,45.000000
1986,188,CRI,Costa Rica,22951.000000
1986,192,CUB,Cuba,239932.300000
1986,196,CYP,Cyprus,2541.388000
1986,200,CSK,Czechoslovakia [former],0.000000
1986,204,BEN,Benin,8753.000000
1986,208,DNK,Denmark,1825356.000000
1986,212,DMA,Dominica,644.000000
1986,214,DOM,Dominican Republic,16988.100000
1986,218,ECU,Ecuador,959932.000000
1986,222,SLV,El Salvador,19686.000000
1986,226,GNQ,Equatorial Guinea,4400.000000
1986,230,,Ethiopia PDR [former],0.000000
1986,234,FRO,Faroe Islands,349675.000000
1986,238,FLK,Falkland Islands (Malvinas),8.000000
1986,242,FJI,Fiji,26440.400000
1986,246,FIN,Finland,156424.000000
1986,250,FRA,France,715940.579000
1986,254,GUF,French Guiana,3290.000000
1986,258,PYF,French Polynesia,2232.000000
1986,260,ATF,French Southern Territories,707.000000
1986,262,DJI,Djibouti,409.000000
1986,266,GAB,Gabon,9298.000000
1986,270,GMB,Gambia,13262.000000
1986,276,DEU,Germany,345153.000000
1986,288,GHA,Ghana,319818.000000
1986,296,KIR,Kiribati,29271.000000
1986,300,GRC,Greece,122552.000000
1986,304,GRL,Greenland,102906.000000
1986,308,GRD,Grenada,2296.000000
1986,312,GLP,Guadeloupe,431.000000
1986,316,GUM,Guam,425.000000
1986,320,GTM,Guatemala,2119.000000
1986,324,GIN,Guinea,0.000000
1986,328,GUY,Guyana,37330.000000
1986,340,HND,Honduras,22188.000000
1986,344,HKG,"China, Hong Kong SAR",204436.000000
1986,348,HUN,Hungary,19065.000000
1986,352,ISL,Iceland,1668515.000000
1986,356,IND,India,2251272.900000
1986,360,IDN,Indonesia,2196212.000000
1986,364,IRN,Iran (Islamic Republic of),133381.000000
1986,368,IRQ,Iraq,0.000000
1986,372,IRL,Ireland,218478.000000
1986,376,ISR,Israel,12857.000000
1986,380,ITA,Italy,457232.429000
1986,384,CIV,Côte d'Ivoire,103435.000000
1986,388,JAM,Jamaica,9363.000000
1986,392,JPN,Japan,11479417.474000
1986,400,JOR,Jordan,202.000000
1986,404,KEN,Kenya,120244.000000
1986,408,PRK,Democratic People's Republic of Korea,239.000000
1986,410,KOR,Republic of Korea,2708337.000000
1986,414,KWT,Kuwait,7630.000000
1986,422,LBN,Lebanon,1500.000000
1986,430,LBR,Liberia,16053.000000
1986,434,LBY,Libya,1937.000000
1986,446,MAC,"China, Macao SAR",8042.000000
1986,450,MDG,Madagascar,84247.000000
1986,454,MWI,Malawi,72670.000000
1986,458,MYS,Malaysia,770663.300000
1986,462,MDV,Maldives,59964.000000
1986,466,MLI,Mali,61002.000000
1986,470,MLT,Malta,1168.000000
1986,474,MTQ,Martinique,0.000000
1986,478,MRT,Mauritania,76614.000000
1986,480,MUS,Mauritius,12849.000000
1986,484,MEX,Mexico,1343933.698000
1986,496,MNG,Mongolia,412.000000
1986,504,MAR,Morocco,595913.000000
1986,508,MOZ,Mozambique,42438.000000
1986,512,OMN,Oman,96353.000000
1986,516,NAM,Namibia,923.000000
1986,524,NPL,Nepal,5281.000000
1986,528,NLD,Netherlands (Kingdom of the),416381.000000
1986,530,ANT,Netherlands Antilles [former],0.000000
1986,540,NCL,New Caledonia,4459.000000
1986,548,VUT,Vanuatu,16888.000000
1986,554,NZL,New Zealand,208170.000000
1986,558,NIC,Nicaragua,2465.000000
1986,562,NER,Niger,2337.000000
1986,566,NGA,Nigeria,266117.000000
1986,570,NIU,Niue,105.000000
1986,578,NOR,Norway,2024215.000000
1986,580,MNP,Northern Mariana Islands,311.000000
1986,583,FSM,Micronesia (Federated States of),3864.000000
1986,584,MHL,Marshall Islands,0.000000
1986,585,PLW,Palau,163.000000
1986,586,PAK,Pakistan,394643.000000
1986,591,PAN,Panama,144211.000000
1986,598,PNG,Papua New Guinea,2198.000000
1986,600,PRY,Paraguay,13000.000000
1986,604,PER,Peru,5614057.000000
1986,608,PHL,Philippines,1626241.500000
1986,616,POL,Poland,626401.000000
1986,620,PRT,Portugal,402853.000000
1986,624,GNB,Guinea-Bissau,5.000000
1986,630,PRI,Puerto Rico,1327.000000
1986,634,QAT,Qatar,1980.000000
1986,638,REU,Réunion,1705.000000
1986,642,ROU,Romania,223582.000000
1986,646,RWA,Rwanda,1485.000000
1986,654,SHN,"Ascension, Saint Helena and Tristan da Cunha",632.000000
1986,659,KNA,Saint Kitts and Nevis,101.000000
1986,660,AIA,Anguilla,537.000000
1986,662,LCA,Saint Lucia,840.000000
1986,666,SPM,Saint Pierre and Miquelon,23771.000000
1986,670,VCT,Saint Vincent and the Grenadines,599.000000
1986,678,STP,Sao Tome and Principe,2833.000000
1986,682,SAU,Saudi Arabia,45498.000000
1986,686,SEN,Senegal,257854.000000
1986,690,SYC,Seychelles,4542.000000
1986,694,SLE,Sierra Leone,1143.000000
1986,702,SGP,Singapore,20157.000000
1986,704,VNM,Viet Nam,687014.000000
1986,706,SOM,Somalia,18255.000000
1986,710,ZAF,South Africa,820625.000000
1986,716,ZWE,Zimbabwe,18802.000000
1986,724,ESP,Spain,1233945.600000
1986,736,,Sudan [former],23942.000000
1986,740,SUR,Suriname,4540.000000
1986,752,SWE,Sweden,210963.000000
1986,756,CHE,Switzerland,4386.000000
1986,760,SYR,Syrian Arab Republic,1815.931000
1986,764,THA,Thailand,2407927.000000
1986,768,TGO,Togo,14824.000000
1986,776,TON,Tonga,2814.000000
1986,780,TTO,Trinidad and Tobago,1237.000000
1986,784,ARE,United Arab Emirates,79321.000000
1986,788,TUN,Tunisia,3219.837000
1986,792,TUR,Türkiye,579855.932000
1986,796,TCA,Turks and Caicos Islands,5266.000000
1986,798,TUV,Tuvalu,660.000000
1986,800,UGA,Uganda,95900.000000
1986,804,UKR,Ukraine,0.000000
1986,810,SUN,Union of Soviet Socialist Republics [former],11062281.000000
1986,818,EGY,Egypt,183653.976000
1986,826,GBR,United Kingdom of Great Britain and Northern Ireland,836442.000000
1986,831,GGY,Guernsey,1479.100000
1986,832,JEY,Jersey,839.000000
1986,833,IMN,Isle of Man,5778.000000
1986,834,TZA,United Republic of Tanzania,309968.000000
1986,840,USA,United States of America,4880950.000000
1986,850,VIR,United States Virgin Islands,932.000000
1986,858,URY,Uruguay,140753.000000
1986,862,VEN,Venezuela (Bolivarian Republic of),284724.000000
1986,876,WLF,Wallis and Futuna Islands,0.000000
1986,882,WSM,Samoa,0.000000
1986,887,YEM,Yemen,73018.000000
1986,890,YUG,Yugoslavia SFR [former],66199.000000
1986,894,ZMB,Zambia,56229.000000
1986,896,,Other NEI,22936.000000
1987,008,ALB,Albania,10766.400000
1987,012,DZA,Algeria,94093.800000
1987,016,ASM,American Samoa,78.000000
1987,024,AGO,Angola,107490.000000
1987,028,ATG,Antigua and Barbuda,135.000000
1987,032,ARG,Argentina,461539.000000
1987,036,AUS,Australia,54077.000000
1987,040,AUT,Austria,600.000000
1987,044,BHS,Bahamas,10520.030000
1987,048,BHR,Bahrain,7842.000000
1987,050,BGD,Bangladesh,639185.000000
1987,052,BRB,Barbados,3598.000000
1987,056,BEL,Belgium,40231.000000
1987,060,BMU,Bermuda,821.000000
1987,068,BOL,Bolivia (Plurinational State of),4226.000000
1987,072,BWA,Botswana,1900.000000
1987,076,BRA,Brazil,934852.000000
1987,084,BLZ,Belize,2059.000000
1987,086,IOT,British Indian Ocean Territory [former],0.000000
1987,090,SLB,Solomon Islands,43556.214000
1987,092,VGB,British Virgin Islands,565.000000
1987,096,BRN,Brunei Darussalam,3914.000000
1987,100,BGR,Bulgaria,99005.000000
1987,104,MMR,Myanmar,680371.000000
1987,108,BDI,Burundi,12009.000000
1987,116,KHM,Cambodia,78684.000000
1987,120,CMR,Cameroon,70636.000000
1987,124,CAN,Canada,1615083.000000
1987,132,CPV,Cabo Verde,7312.000000
1987,136,CYM,Cayman Islands,1097.000000
1987,140,CAF,Central African Republic,13000.000000
1987,144,LKA,Sri Lanka,186624.000000
1987,152,CHL,Chile,4917724.000000
1987,156,CHN,China,5407952.000000
1987,158,TWN,Taiwan Province of China,701017.987000
1987,170,COL,Colombia,84450.338000
1987,174,COM,Comoros,7488.000000
1987,175,MYT,Mayotte,1200.000000
1987,178,COG,Congo,37731.000000
1987,180,COD,Democratic Republic of the Congo,0.000000
1987,184,COK,Cook Islands,18.000000
1987,188,CRI,Costa Rica,0.000000
1987,192,CUB,Cuba,209195.600000
1987,196,CYP,Cyprus,2543.000000
1987,200,CSK,Czechoslovakia [former],4517.000000
1987,204,BEN,Benin,37768.000000
1987,208,DNK,Denmark,1681965.000000
1987,212,DMA,Dominica,0.000000
1987,214,DOM,Dominican Republic,20122.000000
1987,218,ECU,Ecuador,610035.000000
1987,222,SLV,El Salvador,20744.000000
1987,226,GNQ,Equatorial Guinea,0.000000
1987,230,,Ethiopia PDR [former],0.000000
1987,234,FRO,Faroe Islands,386519.000000
1987,238,FLK,Falkland Islands (Malvinas),23.000000
1987,242,FJI,Fiji,27774.500000
1987,246,FIN,Finland,153500.000000
1987,250,FRA,France,692672.485000
1987,254,GUF,French Guiana,5178.000000
1987,258,PYF,French Polynesia,2271.000000
1987,260,ATF,French Southern Territories,673.000000
1987,262,DJI,Djibouti,426.000000
1987,266,GAB,Gabon,6729.000000
1987,270,GMB,Gambia,14642.000000
1987,276,DEU,Germany,332893.000000
1987,288,GHA,Ghana,381814.000000
1987,296,KIR,Kiribati,37877.000000
1987,300,GRC,Greece,132002.400000
1987,304,GRL,Greenland,100413.000000
1987,308,GRD,Grenada,2214.000000
1987,312,GLP,Guadeloupe,6.000000
1987,316,GUM,Guam,320.000000
1987,320,GTM,Guatemala,2426.000000
1987,324,GIN,Guinea,0.000000
1987,328,GUY,Guyana,36715.000000
1987,332,HTI,Haiti,17.900000
1987,340,HND,Honduras,25974.000000
1987,344,HKG,"China, Hong Kong SAR",217666.000000
1987,348,HUN,Hungary,18811.000000
1987,352,ISL,Iceland,1644279.000000
1987,356,IND,India,2133575.000000
1987,360,IDN,Indonesia,2286077.000000
1987,364,IRN,Iran (Islamic Republic of),190800.000000
1987,368,IRQ,Iraq,0.000000
1987,372,IRL,Ireland,232167.000000
1987,376,ISR,Israel,10997.000000
1987,380,ITA,Italy,443681.680000
1987,384,CIV,Côte d'Ivoire,101453.000000
1987,388,JAM,Jamaica,8519.000000
1987,392,JPN,Japan,11298495.820000
1987,400,JOR,Jordan,252.000000
1987,404,KEN,Kenya,131692.000000
1987,408,PRK,Democratic People's Republic of Korea,252.000000
1987,410,KOR,Republic of Korea,2457850.000000
1987,414,KWT,Kuwait,7699.000000
1987,422,LBN,Lebanon,1713.000000
1987,430,LBR,Liberia,18731.000000
1987,434,LBY,Libya,584.000000
1987,446,MAC,"China, Macao SAR",3517.000000
1987,450,MDG,Madagascar,92400.000000
1987,454,MWI,Malawi,88393.000000
1987,458,MYS,Malaysia,864581.570000
1987,462,MDV,Maldives,58502.000000
1987,466,MLI,Mali,55701.000000
1987,470,MLT,Malta,1052.000000
1987,474,MTQ,Martinique,231.000000
1987,478,MRT,Mauritania,88397.000000
1987,480,MUS,Mauritius,17279.000000
1987,484,MEX,Mexico,1449654.742000
1987,496,MNG,Mongolia,383.000000
1987,500,MSR,Montserrat,145.000000
1987,504,MAR,Morocco,494674.200000
1987,508,MOZ,Mozambique,39588.000000
1987,512,OMN,Oman,136140.000000
1987,516,NAM,Namibia,32437.000000
1987,524,NPL,Nepal,5281.000000
1987,528,NLD,Netherlands (Kingdom of the),412206.000000
1987,530,ANT,Netherlands Antilles [former],0.000000
1987,540,NCL,New Caledonia,4963.000000
1987,548,VUT,Vanuatu,20078.000000
1987,554,NZL,New Zealand,240969.000000
1987,558,NIC,Nicaragua,4983.000000
1987,562,NER,Niger,2269.000000
1987,566,NGA,Nigeria,254806.000000
1987,570,NIU,Niue,115.000000
1987,578,NOR,Norway,2067226.000000
1987,580,MNP,Northern Mariana Islands,218.000000
1987,583,FSM,Micronesia (Federated States of),3766.000000
1987,584,MHL,Marshall Islands,100.000000
1987,585,PLW,Palau,248.000000
1987,586,PAK,Pakistan,407769.000000
1987,591,PAN,Panama,161926.000000
1987,598,PNG,Papua New Guinea,11582.000000
1987,600,PRY,Paraguay,10000.000000
1987,604,PER,Peru,4583668.000000
1987,608,PHL,Philippines,1667263.400000
1987,616,POL,Poland,651648.000000
1987,620,PRT,Portugal,386698.000000
1987,624,GNB,Guinea-Bissau,0.000000
1987,630,PRI,Puerto Rico,1191.000000
1987,634,QAT,Qatar,2678.000000
1987,638,REU,Réunion,1094.000000
1987,642,ROU,Romania,224188.000000
1987,646,RWA,Rwanda,1630.000000
1987,654,SHN,"Ascension, Saint Helena and Tristan da Cunha",741.000000
1987,659,KNA,Saint Kitts and Nevis,224.000000
1987,660,AIA,Anguilla,500.000000
1987,662,LCA,Saint Lucia,651.000000
1987,666,SPM,Saint Pierre and Miquelon,23679.000000
1987,670,VCT,Saint Vincent and the Grenadines,703.000000
1987,678,STP,Sao Tome and Principe,431.000000
1987,682,SAU,Saudi Arabia,47748.000000
1987,686,SEN,Senegal,251871.000000
1987,690,SYC,Seychelles,3900.000000
1987,694,SLE,Sierra Leone,946.000000
1987,702,SGP,Singapore,15053.000000
1987,704,VNM,Viet Nam,713541.000000
1987,706,SOM,Somalia,19546.000000
1987,710,ZAF,South Africa,1446125.000000
1987,716,ZWE,Zimbabwe,19028.000000
1987,724,ESP,Spain,1269198.600000
1987,736,,Sudan [former],27200.000000
1987,740,SUR,Suriname,6626.000000
1987,752,SWE,Sweden,207124.000000
1987,756,CHE,Switzerland,4271.000000
1987,760,SYR,Syrian Arab Republic,1880.660000
1987,764,THA,Thailand,2633655.000000
1987,768,TGO,Togo,15175.000000
1987,776,TON,Tonga,2790.000000
1987,780,TTO,Trinidad and Tobago,5524.000000
1987,784,ARE,United Arab Emirates,85243.000000
1987,788,TUN,Tunisia,9317.500000
1987,792,TUR,Türkiye,624698.000000
1987,796,TCA,Turks and Caicos Islands,2582.000000
1987,798,TUV,Tuvalu,933.000000
1987,804,UKR,Ukraine,0.000000
1987,810,SUN,Union of Soviet Socialist Republics [former],11033701.000000
1987,818,EGY,Egypt,184712.887000
1987,826,GBR,United Kingdom of Great Britain and Northern Ireland,923910.000000
1987,831,GGY,Guernsey,1545.600000
1987,832,JEY,Jersey,818.300000
1987,833,IMN,Isle of Man,5561.000000
1987,834,TZA,United Republic of Tanzania,342463.000000
1987,840,USA,United States of America,5694242.000000
1987,850,VIR,United States Virgin Islands,894.000000
1987,858,URY,Uruguay,137802.000000
1987,862,VEN,Venezuela (Bolivarian Republic of),298967.000000
1987,876,WLF,Wallis and Futuna Islands,95.000000
1987,882,WSM,Samoa,0.000000
1987,887,YEM,Yemen,72916.000000
1987,890,YUG,Yugoslavia SFR [former],70124.800000
1987,894,ZMB,Zambia,63893.000000
1987,896,,Other NEI,28575.000000
1988,008,ALB,Albania,10827.300000
1988,012,DZA,Algeria,106437.300000
1988,016,ASM,American Samoa,123.000000
1988,024,AGO,Angola,126031.000000
1988,028,ATG,Antigua and Barbuda,108.000000
1988,032,ARG,Argentina,496041.000000
1988,036,AUS,Australia,55628.000000
1988,040,AUT,Austria,600.000000
1988,044,BHS,Bahamas,10450.645000
1988,048,BHR,Bahrain,6736.000000
1988,050,BGD,Bangladesh,654668.000000
1988,052,BRB,Barbados,8928.000000
1988,056,BEL,Belgium,41541.000000
1988,060,BMU,Bermuda,773.000000
1988,068,BOL,Bolivia (Plurinational State of),4332.000000
1988,072,BWA,Botswana,1900.000000
1988,076,BRA,Brazil,119449.000000
1988,084,BLZ,Belize,2151.000000
1988,086,IOT,British Indian Ocean Territory [former],0.000000
1988,090,SLB,Solomon Islands,51602.071000
1988,092,VGB,British Virgin Islands,582.000000
1988,096,BRN,Brunei Darussalam,2040.000000
1988,100,BGR,Bulgaria,105877.000000
1988,104,MMR,Myanmar,698874.000000
1988,108,BDI,Burundi,11677.000000
1988,116,KHM,Cambodia,82296.000000
1988,120,CMR,Cameroon,1042.000000
1988,124,CAN,Canada,1704410.000000
1988,132,CPV,Cabo Verde,6387.000000
1988,136,CYM,Cayman Islands,386.000000
1988,140,CAF,Central African Republic,13000.000000
1988,144,LKA,Sri Lanka,204875.000000
1988,148,TCD,Chad,58000.000000
1988,152,CHL,Chile,5343634.000000
1988,156,CHN,China,5812730.000000
1988,158,TWN,Taiwan Province of China,861229.977000
1988,170,COL,Colombia,86613.000000
1988,174,COM,Comoros,7893.000000
1988,178,COG,Congo,41800.000000
1988,180,COD,Democratic Republic of the Congo,0.000000
1988,184,COK,Cook Islands,0.000000
1988,188,CRI,Costa Rica,0.000000
1988,192,CUB,Cuba,225323.100000
1988,196,CYP,Cyprus,2505.000000
1988,200,CSK,Czechoslovakia [former],4390.000000
1988,204,BEN,Benin,31628.000000
1988,208,DNK,Denmark,1945755.000000
1988,212,DMA,Dominica,1.000000
1988,214,DOM,Dominican Republic,12656.000000
1988,218,ECU,Ecuador,800393.000000
1988,222,SLV,El Salvador,11015.000000
1988,226,GNQ,Equatorial Guinea,0.000000
1988,230,,Ethiopia PDR [former],4066.000000
1988,234,FRO,Faroe Islands,360683.000000
1988,238,FLK,Falkland Islands (Malvinas),2628.000000
1988,242,FJI,Fiji,29120.000000
1988,246,FIN,Finland,159264.000000
1988,250,FRA,France,738787.080000
1988,254,GUF,French Guiana,5477.000000
1988,258,PYF,French Polynesia,2794.000000
1988,260,ATF,French Southern Territories,620.000000
1988,262,DJI,Djibouti,454.000000
1988,266,GAB,Gabon,6493.000000
1988,270,GMB,Gambia,13852.000000
1988,276,DEU,Germany,321107.000000
1988,288,GHA,Ghana,362050.000000
1988,296,KIR,Kiribati,25002.000000
1988,300,GRC,Greece,119599.300000
1988,304,GRL,Greenland,120337.000000
1988,308,GRD,Grenada,2092.000000
1988,312,GLP,Guadeloupe,21.000000
1988,316,GUM,Guam,395.000000
1988,320,GTM,Guatemala,2805.000000
1988,324,GIN,Guinea,0.000000
1988,328,GUY,Guyana,36480.000000
1988,340,HND,Honduras,20579.000000
1988,344,HKG,"China, Hong Kong SAR",227390.000000
1988,348,HUN,Hungary,20324.000000
1988,352,ISL,Iceland,1771451.000000
1988,356,IND,India,2232632.000000
1988,360,IDN,Indonesia,2447412.000000
1988,364,IRN,Iran (Islamic Republic of),208792.000000
1988,368,IRQ,Iraq,5961.000000
1988,372,IRL,Ireland,242024.000000
1988,376,ISR,Israel,13113.000000
1988,380,ITA,Italy,439140.383000
1988,384,CIV,Côte d'Ivoire,89336.000000
1988,388,JAM,Jamaica,11430.000000
1988,392,JPN,Japan,11351715.216000
1988,400,JOR,Jordan,302.000000
1988,404,KEN,Kenya,138391.000000
1988,408,PRK,Democratic People's Republic of Korea,0.000000
1988,410,KOR,Republic of Korea,2317365.000000
1988,414,KWT,Kuwait,10788.000000
1988,422,LBN,Lebanon,1713.000000
1988,430,LBR,Liberia,16074.000000
1988,434,LBY,Libya,1652.000000
1988,446,MAC,"China, Macao SAR",2485.000000
1988,450,MDG,Madagascar,101109.000000
1988,454,MWI,Malawi,78602.000000
1988,458,MYS,Malaysia,828913.180000
1988,462,MDV,Maldives,72589.000000
1988,466,MLI,Mali,55858.000000
1988,470,MLT,Malta,896.000000
1988,474,MTQ,Martinique,3000.000000
1988,478,MRT,Mauritania,77666.000000
1988,480,MUS,Mauritius,17117.000000
1988,484,MEX,Mexico,1377858.483000
1988,496,MNG,Mongolia,281.000000
1988,500,MSR,Montserrat,69.000000
1988,504,MAR,Morocco,556290.400000
1988,508,MOZ,Mozambique,35433.000000
1988,512,OMN,Oman,165676.000000
1988,516,NAM,Namibia,33395.000000
1988,524,NPL,Nepal,6975.000000
1988,528,NLD,Netherlands (Kingdom of the),397246.000000
1988,530,ANT,Netherlands Antilles [former],0.000000
1988,540,NCL,New Caledonia,3962.000000
1988,548,VUT,Vanuatu,22646.000000
1988,554,NZL,New Zealand,276804.000000
1988,558,NIC,Nicaragua,4654.000000
1988,562,NER,Niger,2479.000000
1988,566,NGA,Nigeria,51062.000000
1988,570,NIU,Niue,115.000000
1988,578,NOR,Norway,1922054.000000
1988,580,MNP,Northern Mariana Islands,227.000000
1988,583,FSM,Micronesia (Federated States of),339.000000
1988,584,MHL,Marshall Islands,150.000000
1988,585,PLW,Palau,325.000000
1988,586,PAK,Pakistan,428087.000000
1988,591,PAN,Panama,118024.000000
1988,598,PNG,Papua New Guinea,2726.000000
1988,600,PRY,Paraguay,10000.000000
1988,604,PER,Peru,6637153.000000
1988,608,PHL,Philippines,1679596.000000
1988,616,POL,Poland,628026.000000
1988,620,PRT,Portugal,343260.000000
1988,624,GNB,Guinea-Bissau,9.000000
1988,630,PRI,Puerto Rico,1611.000000
1988,634,QAT,Qatar,3086.000000
1988,638,REU,Réunion,1220.000000
1988,642,ROU,Romania,216938.000000
1988,646,RWA,Rwanda,1290.000000
1988,654,SHN,"Ascension, Saint Helena and Tristan da Cunha",786.000000
1988,659,KNA,Saint Kitts and Nevis,200.000000
1988,660,AIA,Anguilla,470.000000
1988,662,LCA,Saint Lucia,791.000000
1988,666,SPM,Saint Pierre and Miquelon,13970.000000
1988,670,VCT,Saint Vincent and the Grenadines,4647.000000
1988,678,STP,Sao Tome and Principe,1185.000000
1988,682,SAU,Saudi Arabia,45732.000000
1988,686,SEN,Senegal,264916.000000
1988,690,SYC,Seychelles,4343.000000
1988,694,SLE,Sierra Leone,1013.000000
1988,702,SGP,Singapore,13281.000000
1988,704,VNM,Viet Nam,716099.000000
1988,706,SOM,Somalia,727.000000
1988,710,ZAF,South Africa,1322958.000000
1988,716,ZWE,Zimbabwe,22057.000000
1988,724,ESP,Spain,1327482.000000
1988,736,,Sudan [former],29200.000000
1988,740,SUR,Suriname,4602.000000
1988,748,SWZ,Eswatini,90.000000
1988,752,SWE,Sweden,242676.000000
1988,756,CHE,Switzerland,3973.000000
1988,760,SYR,Syrian Arab Republic,1242.000000
1988,764,THA,Thailand,2433898.000000
1988,768,TGO,Togo,15455.000000
1988,776,TON,Tonga,2731.000000
1988,780,TTO,Trinidad and Tobago,6491.000000
1988,784,ARE,United Arab Emirates,18570.000000
1988,788,TUN,Tunisia,27858.162000
1988,792,TUR,Türkiye,669904.500000
1988,796,TCA,Turks and Caicos Islands,3635.000000
1988,798,TUV,Tuvalu,1409.000000
1988,800,UGA,Uganda,214291.000000
1988,810,SUN,Union of Soviet Socialist Republics [former],11166462.000000
1988,818,EGY,Egypt,232128.791000
1988,826,GBR,United Kingdom of Great Britain and Northern Ireland,911931.000000
1988,832,JEY,Jersey,793.800000
1988,833,IMN,Isle of Man,5624.000000
1988,834,TZA,United Republic of Tanzania,393028.314000
1988,840,USA,United States of America,5670665.963000
1988,850,VIR,United States Virgin Islands,694.000000
1988,858,URY,Uruguay,107342.000000
1988,862,VEN,Venezuela (Bolivarian Republic of),284630.000000
1988,876,WLF,Wallis and Futuna Islands,115.000000
1988,882,WSM,Samoa,130.000000
1988,887,YEM,Yemen,73943.000000
1988,890,YUG,Yugoslavia SFR [former],60285.200000
1988,894,ZMB,Zambia,60830.000000
1988,896,,Other NEI,46295.000000
1989,008,ALB,Albania,9357.400000
1989,012,DZA,Algeria,99187.424000
1989,016,ASM,American Samoa,102.000000
1989,024,AGO,Angola,137465.000000
1989,028,ATG,Antigua and Barbuda,90.000000
1989,032,ARG,Argentina,494683.000000
1989,036,AUS,Australia,147265.000000
1989,040,AUT,Austria,550.000000
1989,044,BHS,Bahamas,9788.611000
1989,048,BHR,Bahrain,9207.000000
1989,050,BGD,Bangladesh,656439.000000
1989,052,BRB,Barbados,2574.000000
1989,056,BEL,Belgium,39633.000000
1989,060,BMU,Bermuda,774.000000
1989,068,BOL,Bolivia (Plurinational State of),5676.000000
1989,076,BRA,Brazil,135949.000000
1989,084,BLZ,Belize,1770.000000
1989,086,IOT,British Indian Ocean Territory [former],0.000000
1989,090,SLB,Solomon Islands,50145.789000
1989,092,VGB,British Virgin Islands,615.000000
1989,096,BRN,Brunei Darussalam,2316.000000
1989,100,BGR,Bulgaria,91351.000000
1989,104,MMR,Myanmar,726816.000000
1989,108,BDI,Burundi,10762.000000
1989,116,KHM,Cambodia,76646.000000
1989,120,CMR,Cameroon,69829.000000
1989,124,CAN,Canada,1649945.000000
1989,132,CPV,Cabo Verde,8614.000000
1989,136,CYM,Cayman Islands,505.000000
1989,140,CAF,Central African Republic,13000.000000
1989,144,LKA,Sri Lanka,219756.000000
1989,148,TCD,Chad,64400.000000
1989,152,CHL,Chile,6581130.000000
1989,156,CHN,China,6224910.000000
1989,158,TWN,Taiwan Province of China,959066.520000
1989,170,COL,Colombia,92056.000000
1989,174,COM,Comoros,10751.000000
1989,178,COG,Congo,24173.000000
1989,180,COD,Democratic Republic of the Congo,0.000000
1989,184,COK,Cook Islands,26.000000
1989,188,CRI,Costa Rica,60.000000
1989,192,CUB,Cuba,185846.900000
1989,196,CYP,Cyprus,2542.000000
1989,200,CSK,Czechoslovakia [former],3966.000000
1989,204,BEN,Benin,33642.000000
1989,208,DNK,Denmark,1896235.000000
1989,212,DMA,Dominica,4.000000
1989,214,DOM,Dominican Republic,21656.000000
1989,218,ECU,Ecuador,611582.000000
1989,222,SLV,El Salvador,9926.000000
1989,226,GNQ,Equatorial Guinea,0.000000
1989,230,,Ethiopia PDR [former],4236.000000
1989,234,FRO,Faroe Islands,302839.000000
1989,238,FLK,Falkland Islands (Malvinas),4624.000000
1989,242,FJI,Fiji,29475.300000
1989,246,FIN,Finland,146558.000000
1989,250,FRA,France,716663.900000
1989,254,GUF,French Guiana,6410.000000
1989,258,PYF,French Polynesia,3144.000000
1989,260,ATF,French Southern Territories,429.000000
1989,262,DJI,Djibouti,399.000000
1989,266,GAB,Gabon,4640.000000
1989,270,GMB,Gambia,19789.000000
1989,276,DEU,Germany,346038.000000
1989,288,GHA,Ghana,361675.000000
1989,296,KIR,Kiribati,30983.000000
1989,300,GRC,Greece,131797.500000
1989,304,GRL,Greenland,168786.000000
1989,308,GRD,Grenada,1782.000000
1989,312,GLP,Guadeloupe,0.000000
1989,316,GUM,Guam,340.000000
1989,320,GTM,Guatemala,3614.000000
1989,324,GIN,Guinea,0.000000
1989,328,GUY,Guyana,35304.000000
1989,340,HND,Honduras,17463.000000
1989,344,HKG,"China, Hong Kong SAR",232985.000000
1989,348,HUN,Hungary,14969.000000
1989,352,ISL,Iceland,1516866.000000
1989,356,IND,India,2636189.000000
1989,360,IDN,Indonesia,2559240.000000
1989,364,IRN,Iran (Islamic Republic of),234383.000000
1989,368,IRQ,Iraq,21555.000000
1989,372,IRL,Ireland,186849.000000
1989,376,ISR,Israel,8004.000000
1989,380,ITA,Italy,415807.300000
1989,384,CIV,Côte d'Ivoire,99003.000000
1989,388,JAM,Jamaica,12768.000000
1989,392,JPN,Japan,10606185.775000
1989,400,JOR,Jordan,352.000000
1989,404,KEN,Kenya,146193.000000
1989,408,PRK,Democratic People's Republic of Korea,0.000000
1989,410,KOR,Republic of Korea,2468774.000000
1989,414,KWT,Kuwait,7643.000000
1989,422,LBN,Lebanon,1700.000000
1989,430,LBR,Liberia,14802.000000
1989,434,LBY,Libya,84.000000
1989,446,MAC,"China, Macao SAR",3464.000000
1989,450,MDG,Madagascar,97809.000000
1989,454,MWI,Malawi,70554.000000
1989,458,MYS,Malaysia,890140.090000
1989,462,MDV,Maldives,72065.000000
1989,466,MLI,Mali,71825.000000
1989,470,MLT,Malta,941.000000
1989,474,MTQ,Martinique,0.000000
1989,478,MRT,Mauritania,51650.000000
1989,480,MUS,Mauritius,16898.000000
1989,484,MEX,Mexico,1502265.692000
1989,496,MNG,Mongolia,254.000000
1989,500,MSR,Montserrat,69.000000
1989,504,MAR,Morocco,526948.600000
1989,508,MOZ,Mozambique,30027.000000
1989,512,OMN,Oman,119224.000000
1989,516,NAM,Namibia,21225.000000
1989,524,NPL,Nepal,5686.000000
1989,528,NLD,Netherlands (Kingdom of the),421351.000000
1989,530,ANT,Netherlands Antilles [former],0.000000
1989,540,NCL,New Caledonia,3230.000000
1989,548,VUT,Vanuatu,24010.000000
1989,554,NZL,New Zealand,316107.000000
1989,558,NIC,Nicaragua,4582.000000
1989,562,NER,Niger,4722.000000
1989,566,NGA,Nigeria,144480.000000
1989,570,NIU,Niue,115.000000
1989,578,NOR,Norway,1971978.000000
1989,580,MNP,Northern Mariana Islands,258.000000
1989,583,FSM,Micronesia (Federated States of),132.000000
1989,584,MHL,Marshall Islands,145.000000
1989,585,PLW,Palau,334.000000
1989,586,PAK,Pakistan,427314.000000
1989,591,PAN,Panama,181537.000000
1989,598,PNG,Papua New Guinea,795.000000
1989,600,PRY,Paraguay,11000.000000
1989,604,PER,Peru,6849480.000000
1989,608,PHL,Philippines,1763169.000000
1989,616,POL,Poland,539440.000000
1989,620,PRT,Portugal,331481.000000
1989,624,GNB,Guinea-Bissau,0.000000
1989,630,PRI,Puerto Rico,1867.000000
1989,634,QAT,Qatar,4374.000000
1989,638,REU,Réunion,969.000000
1989,642,ROU,Romania,177550.000000
1989,646,RWA,Rwanda,1472.000000
1989,654,SHN,"Ascension, Saint Helena and Tristan da Cunha",1013.000000
1989,659,KNA,Saint Kitts and Nevis,210.000000
1989,660,AIA,Anguilla,434.000000
1989,662,LCA,Saint Lucia,807.000000
1989,666,SPM,Saint Pierre and Miquelon,18520.000000
1989,670,VCT,Saint Vincent and the Grenadines,5820.000000
1989,678,STP,Sao Tome and Principe,1204.000000
1989,682,SAU,Saudi Arabia,47150.000000
1989,686,SEN,Senegal,290289.000000
1989,690,SYC,Seychelles,4412.000000
1989,694,SLE,Sierra Leone,10.000000
1989,702,SGP,Singapore,10668.000000
1989,704,VNM,Viet Nam,757797.000000
1989,706,SOM,Somalia,346.000000
1989,710,ZAF,South Africa,887827.000000
1989,716,ZWE,Zimbabwe,23895.000000
1989,724,ESP,Spain,1308065.700000
1989,736,,Sudan [former],30200.000000
1989,740,SUR,Suriname,7786.000000
1989,752,SWE,Sweden,249783.000000
1989,756,CHE,Switzerland,3303.000000
1989,760,SYR,Syrian Arab Republic,886.000000
1989,764,THA,Thailand,2444590.000000
1989,768,TGO,Togo,16444.000000
1989,776,TON,Tonga,2699.000000
1989,780,TTO,Trinidad and Tobago,8216.000000
1989,784,ARE,United Arab Emirates,91160.000000
1989,788,TUN,Tunisia,93117.500000
1989,792,TUR,Türkiye,450487.300000
1989,796,TCA,Turks and Caicos Islands,3868.000000
1989,798,TUV,Tuvalu,519.000000
1989,800,UGA,Uganda,212205.000000
1989,810,SUN,Union of Soviet Socialist Republics [former],10959256.000000
1989,818,EGY,Egypt,233104.000000
1989,826,GBR,United Kingdom of Great Britain and Northern Ireland,865632.000000
1989,831,GGY,Guernsey,2347.050000
1989,832,JEY,Jersey,560.700000
1989,833,IMN,Isle of Man,5696.000000
1989,834,TZA,United Republic of Tanzania,376783.033000
1989,840,USA,United States of America,5491338.330000
1989,850,VIR,United States Virgin Islands,805.000000
1989,854,BFA,Burkina Faso,8000.000000
1989,858,URY,Uruguay,121713.000000
1989,862,VEN,Venezuela (Bolivarian Republic of),327359.000000
1989,876,WLF,Wallis and Futuna Islands,118.000000
1989,882,WSM,Samoa,1841.000000
1989,887,YEM,Yemen,71881.000000
1989,890,YUG,Yugoslavia SFR [former],60159.300000
1989,894,ZMB,Zambia,66926.000000
1989,896,,Other NEI,47292.000000
1990,008,ALB,Albania,10054.600000
1990,012,DZA,Algeria,2497.244000
1990,016,ASM,American Samoa,42.000000
1990,024,AGO,Angola,133088.000000
1990,028,ATG,Antigua and Barbuda,875.000000
1990,032,ARG,Argentina,560857.000000
1990,036,AUS,Australia,165664.000000
1990,040,AUT,Austria,533.000000
1990,044,BHS,Bahamas,9709.181000
1990,048,BHR,Bahrain,8105.000000
1990,050,BGD,Bangladesh,653552.000000
1990,052,BRB,Barbados,3018.000000
1990,056,BEL,Belgium,41460.000000
1990,060,BMU,Bermuda,463.000000
1990,068,BOL,Bolivia (Plurinational State of),6909.000000
1990,076,BRA,Brazil,88320.000000
1990,084,BLZ,Belize,2033.000000
1990,086,IOT,British Indian Ocean Territory [former],0.000000
1990,090,SLB,Solomon Islands,41404.354000
1990,092,VGB,British Virgin Islands,624.000000
1990,096,BRN,Brunei Darussalam,2348.000000
1990,100,BGR,Bulgaria,49254.000000
1990,104,MMR,Myanmar,736731.000000
1990,108,BDI,Burundi,17395.000000
1990,116,KHM,Cambodia,105027.000000
1990,120,CMR,Cameroon,1092.000000
1990,124,CAN,Canada,1685532.000000
1990,132,CPV,Cabo Verde,6579.040000
1990,136,CYM,Cayman Islands,727.000000
1990,140,CAF,Central African Republic,13000.000000
1990,144,LKA,Sri Lanka,182893.000000
1990,148,TCD,Chad,70000.000000
1990,152,CHL,Chile,5353591.000000
1990,156,CHN,China,6714530.000000
1990,158,TWN,Taiwan Province of China,939330.800000
1990,170,COL,Colombia,119671.000000
1990,174,COM,Comoros,11251.000000
1990,178,COG,Congo,26066.000000
1990,180,COD,Democratic Republic of the Congo,0.000000
1990,184,COK,Cook Islands,0.000000
1990,188,CRI,Costa Rica,1690.000000
1990,192,CUB,Cuba,179893.800000
1990,196,CYP,Cyprus,2584.000000
1990,200,CSK,Czechoslovakia [former],4304.000000
1990,204,BEN,Benin,1980.000000
1990,208,DNK,Denmark,1475700.000000
1990,212,DMA,Dominica,458.000000
1990,214,DOM,Dominican Republic,2149.000000
1990,218,ECU,Ecuador,288913.000000
1990,222,SLV,El Salvador,8527.000000
1990,226,GNQ,Equatorial Guinea,0.000000
1990,230,,Ethiopia PDR [former],4945.000000
1990,234,FRO,Faroe Islands,273020.000000
1990,238,FLK,Falkland Islands (Malvinas),5994.000000
1990,242,FJI,Fiji,33175.770000
1990,246,FIN,Finland,132985.000000
1990,250,FRA,France,695756.800000
1990,254,GUF,French Guiana,6465.000000
1990,258,PYF,French Polynesia,4216.000000
1990,260,ATF,French Southern Territories,367.000000
1990,262,DJI,Djibouti,360.000000
1990,266,GAB,Gabon,4925.000000
1990,270,GMB,Gambia,21602.000000
1990,276,DEU,Germany,326304.000000
1990,288,GHA,Ghana,395872.000000
1990,296,KIR,Kiribati,26852.000000
1990,300,GRC,Greece,132381.000000
1990,304,GRL,Greenland,143331.000000
1990,308,GRD,Grenada,1911.000000
1990,312,GLP,Guadeloupe,0.000000
1990,316,GUM,Guam,476.000000
1990,320,GTM,Guatemala,6894.000000
1990,324,GIN,Guinea,0.000000
1990,328,GUY,Guyana,36872.000000
1990,340,HND,Honduras,16140.000000
1990,344,HKG,"China, Hong Kong SAR",224239.000000
1990,348,HUN,Hungary,16234.000000
1990,352,ISL,Iceland,1521354.000000
1990,356,IND,India,2782586.000000
1990,360,IDN,Indonesia,2643521.000000
1990,364,IRN,Iran (Islamic Republic of),241929.000000
1990,368,IRQ,Iraq,22629.000000
1990,372,IRL,Ireland,248374.000000
1990,376,ISR,Israel,5090.000000
1990,380,ITA,Italy,376932.170000
1990,384,CIV,Côte d'Ivoire,95000.000000
1990,388,JAM,Jamaica,13200.000000
1990,392,JPN,Japan,9771709.990000
1990,400,JOR,Jordan,352.000000
1990,404,KEN,Kenya,201542.000000
1990,408,PRK,Democratic People's Republic of Korea,0.000000
1990,410,KOR,Republic of Korea,2496909.000000
1990,414,KWT,Kuwait,4454.000000
1990,422,LBN,Lebanon,0.000000
1990,430,LBR,Liberia,6463.000000
1990,434,LBY,Libya,4826.000000
1990,446,MAC,"China, Macao SAR",2583.000000
1990,450,MDG,Madagascar,103600.000000
1990,454,MWI,Malawi,73903.000000
1990,458,MYS,Malaysia,956078.200000
1990,462,MDV,Maldives,80225.000000
1990,466,MLI,Mali,70535.000000
1990,470,MLT,Malta,796.000000
1990,474,MTQ,Martinique,0.000000
1990,478,MRT,Mauritania,13700.000000
1990,480,MUS,Mauritius,14098.000000
1990,484,MEX,Mexico,1424798.905000
1990,496,MNG,Mongolia,124.000000
1990,500,MSR,Montserrat,75.000000
1990,504,MAR,Morocco,574947.300000
1990,508,MOZ,Mozambique,31052.000000
1990,512,OMN,Oman,119783.000000
1990,516,NAM,Namibia,268272.000000
1990,524,NPL,Nepal,5288.000000
1990,528,NLD,Netherlands (Kingdom of the),406242.000000
1990,530,ANT,Netherlands Antilles [former],0.000000
1990,540,NCL,New Caledonia,4927.000000
1990,548,VUT,Vanuatu,38825.000000
1990,554,NZL,New Zealand,351703.000000
1990,558,NIC,Nicaragua,3088.000000
1990,562,NER,Niger,3318.000000
1990,566,NGA,Nigeria,308981.000000
1990,570,NIU,Niue,115.000000
1990,578,NOR,Norway,1799942.000000
1990,580,MNP,Northern Mariana Islands,175.000000
1990,583,FSM,Micronesia (Federated States of),227.000000
1990,584,MHL,Marshall Islands,100.000000
1990,585,PLW,Palau,1075.000000
1990,586,PAK,Pakistan,453787.000000
1990,591,PAN,Panama,129699.000000
1990,598,PNG,Papua New Guinea,1180.000000
1990,600,PRY,Paraguay,12490.000000
1990,604,PER,Peru,6869174.000000
1990,608,PHL,Philippines,1850563.000000
1990,616,POL,Poland,448292.000000
1990,620,PRT,Portugal,332692.000000
1990,624,GNB,Guinea-Bissau,0.000000
1990,630,PRI,Puerto Rico,1949.000000
1990,634,QAT,Qatar,5702.000000
1990,638,REU,Réunion,911.000000
1990,642,ROU,Romania,92784.000000
1990,646,RWA,Rwanda,2350.000000
1990,654,SHN,"Ascension, Saint Helena and Tristan da Cunha",802.000000
1990,659,KNA,Saint Kitts and Nevis,220.000000
1990,660,AIA,Anguilla,397.000000
1990,662,LCA,Saint Lucia,948.000000
1990,666,SPM,Saint Pierre and Miquelon,23181.000000
1990,670,VCT,Saint Vincent and the Grenadines,9022.000000
1990,678,STP,Sao Tome and Principe,1141.000000
1990,682,SAU,Saudi Arabia,40630.000000
1990,686,SEN,Senegal,315104.000000
1990,690,SYC,Seychelles,5437.000000
1990,694,SLE,Sierra Leone,6706.000000
1990,702,SGP,Singapore,11491.000000
1990,704,VNM,Viet Nam,731803.000000
1990,706,SOM,Somalia,895.000000
1990,710,ZAF,South Africa,534584.000000
1990,716,ZWE,Zimbabwe,25607.000000
1990,724,ESP,Spain,972914.200000
1990,736,,Sudan [former],31500.000000
1990,752,SWE,Sweden,250982.000000
1990,756,CHE,Switzerland,3158.000000
1990,760,SYR,Syrian Arab Republic,1455.000000
1990,764,THA,Thailand,2498234.000000
1990,768,TGO,Togo,15778.000000
1990,776,TON,Tonga,1644.000000
1990,780,TTO,Trinidad and Tobago,8592.000000
1990,784,ARE,United Arab Emirates,95129.000000
1990,788,TUN,Tunisia,84213.518000
1990,792,TUR,Türkiye,379204.100000
1990,796,TCA,Turks and Caicos Islands,2768.000000
1990,798,TUV,Tuvalu,518.000000
1990,800,UGA,Uganda,245223.000000
1990,810,SUN,Union of Soviet Socialist Republics [former],10110851.000000
1990,818,EGY,Egypt,251034.000000
1990,826,GBR,United Kingdom of Great Britain and Northern Ireland,771669.000000
1990,833,IMN,Isle of Man,4085.000000
1990,834,TZA,United Republic of Tanzania,413718.200000
1990,840,USA,United States of America,5620401.438000
1990,850,VIR,United States Virgin Islands,702.000000
1990,854,BFA,Burkina Faso,7000.000000
1990,858,URY,Uruguay,90829.000000
1990,862,VEN,Venezuela (Bolivarian Republic of),335811.000000
1990,876,WLF,Wallis and Futuna Islands,97.000000
1990,882,WSM,Samoa,568.000000
1990,887,YEM,Yemen,77310.000000
1990,890,YUG,Yugoslavia SFR [former],52843.900000
1990,894,ZMB,Zambia,64868.000000
1990,896,,Other NEI,84498.000000
1991,008,ALB,Albania,3012.000000
1991,012,DZA,Algeria,2327.000000
1991,016,ASM,American Samoa,45.000000
1991,024,AGO,Angola,117104.000000
1991,028,ATG,Antigua and Barbuda,1481.000000
1991,032,ARG,Argentina,642321.000000
1991,036,AUS,Australia,176962.000000
1991,040,AUT,Austria,500.000000
1991,044,BHS,Bahamas,11889.544000
1991,048,BHR,Bahrain,7553.000000
1991,050,BGD,Bangladesh,689727.000000
1991,052,BRB,Barbados,2281.000000
1991,056,BEL,Belgium,39891.000000
1991,060,BMU,Bermuda,428.000000
1991,068,BOL,Bolivia (Plurinational State of),5167.000000
1991,076,BRA,Brazil,113534.000000
1991,084,BLZ,Belize,2521.000000
1991,086,IOT,British Indian Ocean Territory [former],0.000000
1991,090,SLB,Solomon Islands,63005.777000
1991,092,VGB,British Virgin Islands,634.000000
1991,096,BRN,Brunei Darussalam,1651.000000
1991,100,BGR,Bulgaria,50056.000000
1991,104,MMR,Myanmar,726672.000000
1991,108,BDI,Burundi,20994.000000
1991,116,KHM,Cambodia,111154.000000
1991,120,CMR,Cameroon,933.000000
1991,124,CAN,Canada,1500398.000000
1991,132,CPV,Cabo Verde,7378.100000
1991,136,CYM,Cayman Islands,586.000000
1991,140,CAF,Central African Republic,13500.000000
1991,144,LKA,Sri Lanka,210271.000000
1991,148,TCD,Chad,60000.000000
1991,152,CHL,Chile,6060785.000000
1991,156,CHN,China,7452199.000000
1991,158,TWN,Taiwan Province of China,858867.400000
1991,170,COL,Colombia,103532.000000
1991,174,COM,Comoros,11551.000000
1991,178,COG,Congo,36556.000000
1991,180,COD,Democratic Republic of the Congo,162050.000000
1991,184,COK,Cook Islands,0.000000
1991,188,CRI,Costa Rica,16043.000000
1991,192,CUB,Cuba,162800.600000
1991,196,CYP,Cyprus,2921.000000
1991,200,CSK,Czechoslovakia [former],0.000000
1991,204,BEN,Benin,1755.000000
1991,208,DNK,Denmark,1751146.000000
1991,212,DMA,Dominica,552.000000
1991,214,DOM,Dominican Republic,16833.000000
1991,218,ECU,Ecuador,330525.000000
1991,222,SLV,El Salvador,11210.000000
1991,226,GNQ,Equatorial Guinea,0.000000
1991,230,,Ethiopia PDR [former],4226.000000
1991,234,FRO,Faroe Islands,228316.000000
1991,238,FLK,Falkland Islands (Malvinas),1476.000000
1991,242,FJI,Fiji,29518.380000
1991,246,FIN,Finland,119320.000000
1991,250,FRA,France,652983.500000
1991,254,GUF,French Guiana,7036.000000
1991,258,PYF,French Polynesia,3992.000000
1991,260,ATF,French Southern Territories,388.000000
1991,262,DJI,Djibouti,252.000000
1991,266,GAB,Gabon,7064.000000
1991,270,GMB,Gambia,24985.000000
1991,276,DEU,Germany,235901.000000
1991,288,GHA,Ghana,362538.000000
1991,296,KIR,Kiribati,29170.000000
1991,300,GRC,Greece,138644.900000
1991,304,GRL,Greenland,114164.000000
1991,308,GRD,Grenada,2071.000000
1991,312,GLP,Guadeloupe,460.000000
1991,316,GUM,Guam,514.000000
1991,320,GTM,Guatemala,6513.000000
1991,324,GIN,Guinea,332.000000
1991,328,GUY,Guyana,40741.000000
1991,340,HND,Honduras,27377.000000
1991,344,HKG,"China, Hong Kong SAR",220288.000000
1991,348,HUN,Hungary,8445.000000
1991,352,ISL,Iceland,1055867.000000
1991,356,IND,India,2824733.000000
1991,360,IDN,Indonesia,2806423.000000
1991,364,IRN,Iran (Islamic Republic of),255504.000000
1991,368,IRQ,Iraq,13485.000000
1991,372,IRL,Ireland,265510.000000
1991,376,ISR,Israel,2364.000000
1991,380,ITA,Italy,411327.150000
1991,384,CIV,Côte d'Ivoire,82855.000000
1991,388,JAM,Jamaica,7500.000000
1991,392,JPN,Japan,8677914.465000
1991,400,JOR,Jordan,370.000000
1991,404,KEN,Kenya,198479.000000
1991,408,PRK,Democratic People's Republic of Korea,0.000000
1991,410,KOR,Republic of Korea,2195468.000000
1991,414,KWT,Kuwait,2034.000000
1991,422,LBN,Lebanon,1732.000000
1991,430,LBR,Liberia,9620.000000
1991,434,LBY,Libya,4628.000000
1991,446,MAC,"China, Macao SAR",2322.000000
1991,450,MDG,Madagascar,99183.000000
1991,454,MWI,Malawi,63506.000000
1991,458,MYS,Malaysia,915076.790000
1991,462,MDV,Maldives,81523.000000
1991,466,MLI,Mali,68749.000000
1991,470,MLT,Malta,773.000000
1991,474,MTQ,Martinique,202.000000
1991,478,MRT,Mauritania,877.000000
1991,480,MUS,Mauritius,18576.000000
1991,484,MEX,Mexico,1428316.890000
1991,496,MNG,Mongolia,100.000000
1991,500,MSR,Montserrat,126.000000
1991,504,MAR,Morocco,603392.000000
1991,508,MOZ,Mozambique,29336.000000
1991,512,OMN,Oman,116454.000000
1991,516,NAM,Namibia,209005.000000
1991,520,NRU,Nauru,190.000000
1991,524,NPL,Nepal,5281.000000
1991,528,NLD,Netherlands (Kingdom of the),407166.000000
1991,530,ANT,Netherlands Antilles [former],0.000000
1991,540,NCL,New Caledonia,4309.000000
1991,548,VUT,Vanuatu,41387.000000
1991,554,NZL,New Zealand,386324.000000
1991,558,NIC,Nicaragua,5709.000000
1991,562,NER,Niger,3124.000000
1991,566,NGA,Nigeria,252340.000000
1991,570,NIU,Niue,120.000000
1991,578,NOR,Norway,2202684.000000
1991,580,MNP,Northern Mariana Islands,133.000000
1991,583,FSM,Micronesia (Federated States of),11541.000000
1991,584,MHL,Marshall Islands,0.000000
1991,585,PLW,Palau,1092.000000
1991,586,PAK,Pakistan,491638.000000
1991,591,PAN,Panama,163516.000000
1991,598,PNG,Papua New Guinea,1973.000000
1991,600,PRY,Paraguay,12990.000000
1991,604,PER,Peru,6898233.000000
1991,608,PHL,Philippines,1925842.000000
1991,612,PCN,Pitcairn,5.000000
1991,616,POL,Poland,428627.000000
1991,620,PRT,Portugal,330855.000000
1991,624,GNB,Guinea-Bissau,0.000000
1991,630,PRI,Puerto Rico,2115.000000
1991,634,QAT,Qatar,8136.000000
1991,638,REU,Réunion,887.000000
1991,642,ROU,Romania,95473.000000
1991,646,RWA,Rwanda,3503.000000
1991,654,SHN,"Ascension, Saint Helena and Tristan da Cunha",627.000000
1991,659,KNA,Saint Kitts and Nevis,0.000000
1991,660,AIA,Anguilla,372.000000
1991,662,LCA,Saint Lucia,1016.000000
1991,666,SPM,Saint Pierre and Miquelon,23800.000000
1991,670,VCT,Saint Vincent and the Grenadines,8167.000000
1991,678,STP,Sao Tome and Principe,1083.000000
1991,682,SAU,Saudi Arabia,40289.000000
1991,686,SEN,Senegal,328681.000000
1991,690,SYC,Seychelles,8150.000000
1991,694,SLE,Sierra Leone,65741.000000
1991,702,SGP,Singapore,11099.000000
1991,704,VNM,Viet Nam,774052.000000
1991,710,ZAF,South Africa,496296.000000
1991,716,ZWE,Zimbabwe,22025.000000
1991,724,ESP,Spain,940665.300000
1991,736,,Sudan [former],33113.000000
1991,740,SUR,Suriname,8186.000000
1991,752,SWE,Sweden,237017.000000
1991,756,CHE,Switzerland,3599.000000
1991,760,SYR,Syrian Arab Republic,3143.000000
1991,764,THA,Thailand,2618771.000000
1991,768,TGO,Togo,12502.000000
1991,772,TKL,Tokelau,201.000000
1991,776,TON,Tonga,1935.000000
1991,780,TTO,Trinidad and Tobago,11501.000000
1991,784,ARE,United Arab Emirates,92336.000000
1991,788,TUN,Tunisia,85735.552000
1991,792,TUR,Türkiye,356949.000000
1991,796,TCA,Turks and Caicos Islands,3298.000000
1991,798,TUV,Tuvalu,526.000000
1991,800,UGA,Uganda,214570.000000
1991,810,SUN,Union of Soviet Socialist Republics [former],9182469.000000
1991,818,EGY,Egypt,284429.000000
1991,826,GBR,United Kingdom of Great Britain and Northern Ireland,797221.000000
1991,832,JEY,Jersey,441.600000
1991,833,IMN,Isle of Man,4562.000000
1991,834,TZA,United Republic of Tanzania,326379.755000
1991,840,USA,United States of America,5244565.159000
1991,850,VIR,United States Virgin Islands,904.000000
1991,854,BFA,Burkina Faso,7000.000000
1991,858,URY,Uruguay,143711.000000
1991,862,VEN,Venezuela (Bolivarian Republic of),339267.000000
1991,876,WLF,Wallis and Futuna Islands,104.000000
1991,882,WSM,Samoa,560.000000
1991,887,YEM,Yemen,85998.000000
1991,890,YUG,Yugoslavia SFR [former],1556.000000
1991,894,ZMB,Zambia,66475.000000
1991,896,,Other NEI,103393.000000
1992,008,ALB,Albania,2696.200000
1992,012,DZA,Algeria,3562.914000
1992,016,ASM,American Samoa,55.000000
1992,024,AGO,Angola,113625.000000
1992,028,ATG,Antigua and Barbuda,1692.000000
1992,031,AZE,Azerbaijan,30339.000000
1992,032,ARG,Argentina,745582.000000
1992,036,AUS,Australia,195274.000000
1992,040,AUT,Austria,479.000000
1992,044,BHS,Bahamas,12205.532000
1992,048,BHR,Bahrain,7983.000000
1992,050,BGD,Bangladesh,709332.000000
1992,051,ARM,Armenia,1885.000000
1992,052,BRB,Barbados,3574.000000
1992,056,BEL,Belgium,37120.000000
1992,060,BMU,Bermuda,432.000000
1992,068,BOL,Bolivia (Plurinational State of),4905.000000
1992,076,BRA,Brazil,118284.000000
1992,084,BLZ,Belize,2414.000000
1992,086,IOT,British Indian Ocean Territory [former],0.000000
1992,090,SLB,Solomon Islands,32905.710000
1992,096,BRN,Brunei Darussalam,1692.000000
1992,100,BGR,Bulgaria,24016.000000
1992,104,MMR,Myanmar,721544.000000
1992,108,BDI,Burundi,24073.000000
1992,112,BLR,Belarus,1507.000000
1992,116,KHM,Cambodia,102678.000000
1992,120,CMR,Cameroon,71975.000000
1992,124,CAN,Canada,1330490.000000
1992,132,CPV,Cabo Verde,6573.000000
1992,136,CYM,Cayman Islands,825.000000
1992,140,CAF,Central African Republic,13000.000000
1992,144,LKA,Sri Lanka,204433.080000
1992,148,TCD,Chad,80000.000000
1992,152,CHL,Chile,6511083.000000
1992,156,CHN,China,8422552.000000
1992,158,TWN,Taiwan Province of China,695385.800000
1992,170,COL,Colombia,144245.000000
1992,174,COM,Comoros,12590.000000
1992,178,COG,Congo,21088.000000
1992,180,COD,Democratic Republic of the Congo,184040.000000
1992,184,COK,Cook Islands,26.000000
1992,188,CRI,Costa Rica,16010.000000
1992,191,HRV,Croatia,26731.578000
1992,192,CUB,Cuba,100966.800000
1992,196,CYP,Cyprus,9336.000000
1992,200,CSK,Czechoslovakia [former],0.000000
1992,204,BEN,Benin,315.000000
1992,208,DNK,Denmark,1953827.000000
1992,212,DMA,Dominica,711.000000
1992,214,DOM,Dominican Republic,12840.000000
1992,218,ECU,Ecuador,226817.000000
1992,222,SLV,El Salvador,12076.000000
1992,226,GNQ,Equatorial Guinea,360.000000
1992,230,,Ethiopia PDR [former],4585.000000
1992,233,EST,Estonia,128996.000000
1992,234,FRO,Faroe Islands,248430.000000
1992,238,FLK,Falkland Islands (Malvinas),1855.000000
1992,242,FJI,Fiji,25188.201000
1992,246,FIN,Finland,151753.000000
1992,250,FRA,France,663800.500000
1992,254,GUF,French Guiana,7617.000000
1992,258,PYF,French Polynesia,3775.000000
1992,260,ATF,French Southern Territories,464.000000
1992,262,DJI,Djibouti,64.000000
1992,266,GAB,Gabon,10.000000
1992,268,GEO,Georgia,7975.000000
1992,270,GMB,Gambia,18045.000000
1992,276,DEU,Germany,216890.000000
1992,288,GHA,Ghana,423425.000000
1992,296,KIR,Kiribati,30023.000000
1992,300,GRC,Greece,152611.800000
1992,304,GRL,Greenland,113267.000000
1992,308,GRD,Grenada,2115.000000
1992,312,GLP,Guadeloupe,470.000000
1992,316,GUM,Guam,388.000000
1992,320,GTM,Guatemala,6578.000000
1992,324,GIN,Guinea,335.000000
1992,328,GUY,Guyana,41252.000000
1992,340,HND,Honduras,23963.000000
1992,344,HKG,"China, Hong Kong SAR",220183.000000
1992,348,HUN,Hungary,8678.000000
1992,352,ISL,Iceland,1583211.000000
1992,356,IND,India,2844102.000000
1992,360,IDN,Indonesia,2981883.000000
1992,364,IRN,Iran (Islamic Republic of),305707.000000
1992,368,IRQ,Iraq,18073.000000
1992,372,IRL,Ireland,279876.000000
1992,376,ISR,Israel,5460.000000
1992,380,ITA,Italy,396462.900000
1992,384,CIV,Côte d'Ivoire,87039.000000
1992,388,JAM,Jamaica,11250.000000
1992,392,JPN,Japan,7961903.301000
1992,398,KAZ,Kazakhstan,65124.000000
1992,400,JOR,Jordan,380.000000
1992,404,KEN,Kenya,162967.000000
1992,408,PRK,Democratic People's Republic of Korea,0.000000
1992,410,KOR,Republic of Korea,2348616.000000
1992,414,KWT,Kuwait,7871.000000
1992,417,KGZ,Kyrgyzstan,201.000000
1992,422,LBN,Lebanon,0.000000
1992,428,LVA,Latvia,156747.000000
1992,430,LBR,Liberia,8891.000000
1992,434,LBY,Libya,5820.000000
1992,440,LTU,Lithuania,188467.000000
1992,446,MAC,"China, Macao SAR",2668.000000
1992,450,MDG,Madagascar,104831.000000
1992,454,MWI,Malawi,69261.000000
1992,458,MYS,Malaysia,1025978.760000
1992,462,MDV,Maldives,82392.000000
1992,466,MLI,Mali,68467.000000
1992,470,MLT,Malta,579.000000
1992,474,MTQ,Martinique,135.000000
1992,478,MRT,Mauritania,377.000000
1992,480,MUS,Mauritius,18861.000000
1992,484,MEX,Mexico,1219951.550000
1992,498,MDA,Republic of Moldova,124.000000
1992,500,MSR,Montserrat,23.000000
1992,504,MAR,Morocco,558729.100000
1992,508,MOZ,Mozambique,24270.000000
1992,512,OMN,Oman,109218.000000
1992,516,NAM,Namibia,656382.000000
1992,520,NRU,Nauru,377.000000
1992,524,NPL,Nepal,5895.000000
1992,528,NLD,Netherlands (Kingdom of the),432971.000000
1992,530,ANT,Netherlands Antilles [former],0.000000
1992,533,ABW,Aruba,300.000000
1992,540,NCL,New Caledonia,3437.000000
1992,548,VUT,Vanuatu,42631.000000
1992,554,NZL,New Zealand,470251.000000
1992,558,NIC,Nicaragua,6683.000000
1992,562,NER,Niger,2456.000000
1992,566,NGA,Nigeria,301327.000000
1992,570,NIU,Niue,120.000000
1992,578,NOR,Norway,2620116.000000
1992,580,MNP,Northern Mariana Islands,153.000000
1992,583,FSM,Micronesia (Federated States of),15665.000000
1992,584,MHL,Marshall Islands,9.000000
1992,585,PLW,Palau,1499.000000
1992,586,PAK,Pakistan,520641.000000
1992,591,PAN,Panama,172250.000000
1992,598,PNG,Papua New Guinea,2213.000000
1992,600,PRY,Paraguay,17925.000000
1992,604,PER,Peru,7502785.000000
1992,608,PHL,Philippines,1922617.000000
1992,612,PCN,Pitcairn,8.000000
1992,616,POL,Poland,481775.000000
1992,620,PRT,Portugal,296482.000000
1992,624,GNB,Guinea-Bissau,0.000000
1992,630,PRI,Puerto Rico,2046.000000
1992,634,QAT,Qatar,7845.000000
1992,638,REU,Réunion,1103.000000
1992,642,ROU,Romania,70761.000000
1992,643,RUS,Russian Federation,5447574.000000
1992,646,RWA,Rwanda,3644.000000
1992,654,SHN,"Ascension, Saint Helena and Tristan da Cunha",651.000000
1992,659,KNA,Saint Kitts and Nevis,0.000000
1992,660,AIA,Anguilla,463.000000
1992,662,LCA,Saint Lucia,1107.000000
1992,666,SPM,Saint Pierre and Miquelon,16443.000000
1992,670,VCT,Saint Vincent and the Grenadines,2171.000000
1992,678,STP,Sao Tome and Principe,1044.000000
1992,682,SAU,Saudi Arabia,45910.000000
1992,686,SEN,Senegal,373330.000000
1992,690,SYC,Seychelles,6663.000000
1992,694,SLE,Sierra Leone,68510.000000
1992,702,SGP,Singapore,9201.000000
1992,704,VNM,Viet Nam,806405.000000
1992,705,SVN,Slovenia,3905.000000
1992,710,ZAF,South Africa,701638.000000
1992,716,ZWE,Zimbabwe,21601.000000
1992,724,ESP,Spain,947173.500000
1992,736,,Sudan [former],35023.000000
1992,740,SUR,Suriname,11269.000000
1992,752,SWE,Sweden,307545.000000
1992,756,CHE,Switzerland,2715.000000
1992,760,SYR,Syrian Arab Republic,2740.000000
1992,762,TJK,Tajikistan,149.000000
1992,764,THA,Thailand,2875516.000000
1992,768,TGO,Togo,10749.000000
1992,772,TKL,Tokelau,151.000000
1992,776,TON,Tonga,2237.000000
1992,780,TTO,Trinidad and Tobago,7911.000000
1992,784,ARE,United Arab Emirates,95046.000000
1992,788,TUN,Tunisia,86338.000000
1992,792,TUR,Türkiye,447374.000000
1992,795,TKM,Turkmenistan,31777.000000
1992,796,TCA,Turks and Caicos Islands,3079.000000
1992,798,TUV,Tuvalu,499.000000
1992,800,UGA,Uganda,264900.000000
1992,804,UKR,Ukraine,457220.000000
1992,807,MKD,North Macedonia,195.000000
1992,818,EGY,Egypt,282400.000000
1992,826,GBR,United Kingdom of Great Britain and Northern Ireland,818709.000000
1992,831,GGY,Guernsey,2286.520000
1992,832,JEY,Jersey,541.000000
1992,833,IMN,Isle of Man,4481.000000
1992,834,TZA,United Republic of Tanzania,331283.309000
1992,840,USA,United States of America,5274934.375000
1992,850,VIR,United States Virgin Islands,0.000000
1992,854,BFA,Burkina Faso,7500.000000
1992,858,URY,Uruguay,125751.000000
1992,860,UZB,Uzbekistan,7728.000000
1992,862,VEN,Venezuela (Bolivarian Republic of),331188.000000
1992,876,WLF,Wallis and Futuna Islands,160.000000
1992,882,WSM,Samoa,1273.000000
1992,887,YEM,Yemen,79893.000000
1992,891,SCG,Serbia and Montenegro [former],228.000000
1992,894,ZMB,Zambia,67864.000000
1992,896,,Other NEI,115380.000000
1993,008,ALB,Albania,0.000000
1993,012,DZA,Algeria,4303.971000
1993,016,ASM,American Samoa,35.000000
1993,024,AGO,Angola,126200.000000
1993,028,ATG,Antigua and Barbuda,1046.000000
1993,031,AZE,Azerbaijan,21733.000000
1993,032,ARG,Argentina,984544.000000
1993,036,AUS,Australia,193148.000000
1993,040,AUT,Austria,420.000000
1993,044,BHS,Bahamas,13695.944000
1993,048,BHR,Bahrain,8958.000000
1993,050,BGD,Bangladesh,764824.000000
1993,051,ARM,Armenia,1850.000000
1993,052,BRB,Barbados,3214.000000
1993,056,BEL,Belgium,36089.000000
1993,060,BMU,Bermuda,404.000000
1993,068,BOL,Bolivia (Plurinational State of),5518.000000
1993,076,BRA,Brazil,84765.000000
1993,084,BLZ,Belize,3971.000000
1993,086,IOT,British Indian Ocean Territory [former],0.000000
1993,090,SLB,Solomon Islands,29118.037000
1993,092,VGB,British Virgin Islands,343.000000
1993,096,BRN,Brunei Darussalam,1728.000000
1993,100,BGR,Bulgaria,13658.000000
1993,104,MMR,Myanmar,727702.000000
1993,112,BLR,Belarus,2993.000000
1993,116,KHM,Cambodia,69414.000000
1993,120,CMR,Cameroon,65257.000000
1993,124,CAN,Canada,1162259.000000
1993,132,CPV,Cabo Verde,7000.000000
1993,136,CYM,Cayman Islands,445.000000
1993,144,LKA,Sri Lanka,229670.890000
1993,148,TCD,Chad,87300.000000
1993,152,CHL,Chile,6056674.000000
1993,156,CHN,China,9475687.000000
1993,158,TWN,Taiwan Province of China,640329.000000
1993,170,COL,Colombia,124967.000000
1993,174,COM,Comoros,12757.000000
1993,178,COG,Congo,27891.000000
1993,180,COD,Democratic Republic of the Congo,192589.000000
1993,184,COK,Cook Islands,0.000000
1993,188,CRI,Costa Rica,16172.000000
1993,191,HRV,Croatia,26629.774000
1993,192,CUB,Cuba,84934.300000
1993,196,CYP,Cyprus,10016.000000
1993,203,CZE,Czechia,3185.000000
1993,204,BEN,Benin,323.000000
1993,208,DNK,Denmark,1614289.000000
1993,212,DMA,Dominica,794.000000
1993,214,DOM,Dominican Republic,12857.000000
1993,218,ECU,Ecuador,286633.000000
1993,222,SLV,El Salvador,12451.000000
1993,226,GNQ,Equatorial Guinea,990.000000
1993,231,ETH,Ethiopia,4175.000000
1993,232,ERI,Eritrea,475.000000
1993,233,EST,Estonia,147185.000000
1993,234,FRO,Faroe Islands,246294.000000
1993,238,FLK,Falkland Islands (Malvinas),1974.000000
1993,242,FJI,Fiji,28814.000000
1993,246,FIN,Finland,156297.000000
1993,250,FRA,France,675454.500000
1993,254,GUF,French Guiana,6931.000000
1993,258,PYF,French Polynesia,7931.000000
1993,260,ATF,French Southern Territories,460.000000
1993,262,DJI,Djibouti,70.000000
1993,266,GAB,Gabon,9751.000000
1993,268,GEO,Georgia,2740.000000
1993,270,GMB,Gambia,21308.000000
1993,276,DEU,Germany,253010.000000
1993,288,GHA,Ghana,372619.000000
1993,296,KIR,Kiribati,28884.000000
1993,300,GRC,Greece,159100.500000
1993,304,GRL,Greenland,116775.000000
1993,308,GRD,Grenada,2212.000000
1993,312,GLP,Guadeloupe,440.000000
1993,316,GUM,Guam,388.000000
1993,320,GTM,Guatemala,7582.000000
1993,324,GIN,Guinea,4810.000000
1993,328,GUY,Guyana,44123.000000
1993,340,HND,Honduras,24820.000000
1993,344,HKG,"China, Hong Kong SAR",217545.000000
1993,348,HUN,Hungary,7886.000000
1993,352,ISL,Iceland,1726884.000000
1993,356,IND,India,3062712.000000
1993,360,IDN,Indonesia,3208182.000000
1993,364,IRN,Iran (Islamic Republic of),322005.000000
1993,368,IRQ,Iraq,19941.000000
1993,372,IRL,Ireland,308504.000000
1993,376,ISR,Israel,4132.000000
1993,380,ITA,Italy,397538.400000
1993,384,CIV,Côte d'Ivoire,69823.000000
1993,388,JAM,Jamaica,15000.000000
1993,392,JPN,Japan,7431340.409000
1993,398,KAZ,Kazakhstan,56700.000000
1993,400,JOR,Jordan,395.000000
1993,404,KEN,Kenya,182909.000000
1993,408,PRK,Democratic People's Republic of Korea,398.000000
1993,410,KOR,Republic of Korea,2279380.000000
1993,414,KWT,Kuwait,8466.000000
1993,417,KGZ,Kyrgyzstan,127.000000
1993,422,LBN,Lebanon,2032.000000
1993,428,LVA,Latvia,141974.000000
1993,430,LBR,Liberia,7782.000000
1993,434,LBY,Libya,6545.000000
1993,440,LTU,Lithuania,117171.000000
1993,446,MAC,"China, Macao SAR",1898.000000
1993,450,MDG,Madagascar,114760.000000
1993,454,MWI,Malawi,67951.000000
1993,458,MYS,Malaysia,1049044.140000
1993,462,MDV,Maldives,90156.000000
1993,466,MLI,Mali,64300.000000
1993,470,MLT,Malta,845.000000
1993,474,MTQ,Martinique,1532.000000
1993,478,MRT,Mauritania,746.000000
1993,480,MUS,Mauritius,20579.000000
1993,484,MEX,Mexico,1164897.580000
1993,496,MNG,Mongolia,165.000000
1993,498,MDA,Republic of Moldova,90.000000
1993,500,MSR,Montserrat,58.000000
1993,504,MAR,Morocco,631623.400000
1993,508,MOZ,Mozambique,23195.000000
1993,512,OMN,Oman,105772.000000
1993,516,NAM,Namibia,790558.000000
1993,520,NRU,Nauru,500.000000
1993,524,NPL,Nepal,7418.000000
1993,528,NLD,Netherlands (Kingdom of the),461757.000000
1993,530,ANT,Netherlands Antilles [former],565.000000
1993,533,ABW,Aruba,260.000000
1993,540,NCL,New Caledonia,2904.000000
1993,548,VUT,Vanuatu,38325.000000
1993,554,NZL,New Zealand,433017.000000
1993,558,NIC,Nicaragua,7886.000000
1993,562,NER,Niger,2162.000000
1993,566,NGA,Nigeria,238409.000000
1993,578,NOR,Norway,2584737.000000
1993,580,MNP,Northern Mariana Islands,147.000000
1993,583,FSM,Micronesia (Federated States of),17068.000000
1993,584,MHL,Marshall Islands,153.000000
1993,585,PLW,Palau,1236.636000
1993,586,PAK,Pakistan,587645.000000
1993,591,PAN,Panama,184524.000000
1993,598,PNG,Papua New Guinea,2919.685000
1993,604,PER,Peru,9005020.000000
1993,608,PHL,Philippines,1862267.000000
1993,616,POL,Poland,395406.000000
1993,620,PRT,Portugal,292781.000000
1993,624,GNB,Guinea-Bissau,0.000000
1993,630,PRI,Puerto Rico,1502.000000
1993,634,QAT,Qatar,6994.000000
1993,638,REU,Réunion,1797.000000
1993,642,ROU,Romania,13819.000000
1993,643,RUS,Russian Federation,4374849.000000
1993,654,SHN,"Ascension, Saint Helena and Tristan da Cunha",726.000000
1993,659,KNA,Saint Kitts and Nevis,0.000000
1993,660,AIA,Anguilla,364.000000
1993,662,LCA,Saint Lucia,1395.000000
1993,666,SPM,Saint Pierre and Miquelon,282.000000
1993,670,VCT,Saint Vincent and the Grenadines,2240.000000
1993,678,STP,Sao Tome and Principe,1070.000000
1993,682,SAU,Saudi Arabia,48022.000000
1993,686,SEN,Senegal,386082.000000
1993,690,SYC,Seychelles,5178.000000
1993,694,SLE,Sierra Leone,66288.000000
1993,702,SGP,Singapore,9304.000000
1993,703,SVK,Slovakia,1185.000000
1993,704,VNM,Viet Nam,870841.000000
1993,705,SVN,Slovenia,2284.000000
1993,710,ZAF,South Africa,570375.000000
1993,716,ZWE,Zimbabwe,21230.000000
1993,724,ESP,Spain,740062.700000
1993,736,,Sudan [former],40014.000000
1993,740,SUR,Suriname,9577.000000
1993,752,SWE,Sweden,341897.000000
1993,756,CHE,Switzerland,1822.000000
1993,760,SYR,Syrian Arab Republic,2696.000000
1993,762,TJK,Tajikistan,253.000000
1993,764,THA,Thailand,2927689.000000
1993,768,TGO,Togo,16964.000000
1993,776,TON,Tonga,2375.000000
1993,780,TTO,Trinidad and Tobago,8998.000000
1993,784,ARE,United Arab Emirates,99600.000000
1993,788,TUN,Tunisia,82616.246000
1993,792,TUR,Türkiye,545535.000000
1993,795,TKM,Turkmenistan,16080.000000
1993,796,TCA,Turks and Caicos Islands,4631.000000
1993,798,TUV,Tuvalu,1460.000000
1993,800,UGA,Uganda,219814.000000
1993,804,UKR,Ukraine,299828.000000
1993,807,MKD,North Macedonia,164.000000
1993,818,EGY,Egypt,302829.000000
1993,826,GBR,United Kingdom of Great Britain and Northern Ireland,864998.000000
1993,833,IMN,Isle of Man,4850.000000
1993,834,TZA,United Republic of Tanzania,335050.358000
1993,840,USA,United States of America,5608157.739000
1993,850,VIR,United States Virgin Islands,0.000000
1993,854,BFA,Burkina Faso,7000.000000
1993,858,URY,Uruguay,118815.000000
1993,860,UZB,Uzbekistan,4358.000000
1993,862,VEN,Venezuela (Bolivarian Republic of),396145.000000
1993,876,WLF,Wallis and Futuna Islands,166.000000
1993,882,WSM,Samoa,659.000000
1993,887,YEM,Yemen,82356.000000
1993,891,SCG,Serbia and Montenegro [former],282.000000
1993,894,ZMB,Zambia,65768.000000
1993,896,,Other NEI,156683.000000
1994,008,ALB,Albania,0.000000
1994,012,DZA,Algeria,3503.857000
1994,016,ASM,American Samoa,127.000000
1994,024,AGO,Angola,132413.000000
1994,028,ATG,Antigua and Barbuda,1095.000000
1994,031,AZE,Azerbaijan,18901.000000
1994,032,ARG,Argentina,987173.000000
1994,036,AUS,Australia,186310.000000
1994,040,AUT,Austria,388.000000
1994,044,BHS,Bahamas,14927.016000
1994,048,BHR,Bahrain,7628.000000
1994,050,BGD,Bangladesh,770790.000000
1994,051,ARM,Armenia,1033.000000
1994,052,BRB,Barbados,2818.000000
1994,056,BEL,Belgium,34254.000000
1994,060,BMU,Bermuda,394.000000
1994,068,BOL,Bolivia (Plurinational State of),5353.000000
1994,076,BRA,Brazil,118076.000000
1994,084,BLZ,Belize,7670.000000
1994,086,IOT,British Indian Ocean Territory [former],0.000000
1994,090,SLB,Solomon Islands,35009.296000
1994,092,VGB,British Virgin Islands,470.000000
1994,096,BRN,Brunei Darussalam,4445.000000
1994,100,BGR,Bulgaria,250.000000
1994,104,MMR,Myanmar,731241.000000
1994,112,BLR,Belarus,787.000000
1994,116,KHM,Cambodia,65014.000000
1994,120,CMR,Cameroon,522.000000
1994,124,CAN,Canada,1057094.000000
1994,132,CPV,Cabo Verde,8256.000000
1994,136,CYM,Cayman Islands,125.000000
1994,144,LKA,Sri Lanka,245586.670000
1994,148,TCD,Chad,80000.000000
1994,152,CHL,Chile,7837699.000000
1994,156,CHN,China,11017836.000000
1994,158,TWN,Taiwan Province of China,677240.550000
1994,170,COL,Colombia,99766.000000
1994,174,COM,Comoros,13537.000000
1994,178,COG,Congo,40633.000000
1994,180,COD,Democratic Republic of the Congo,152117.000000
1994,184,COK,Cook Islands,69.000000
1994,188,CRI,Costa Rica,17134.000000
1994,191,HRV,Croatia,17480.508000
1994,192,CUB,Cuba,77701.400000
1994,196,CYP,Cyprus,9427.000000
1994,203,CZE,Czechia,3955.000000
1994,204,BEN,Benin,33000.000000
1994,208,DNK,Denmark,1873316.000000
1994,212,DMA,Dominica,882.000000
1994,214,DOM,Dominican Republic,22832.000000
1994,218,ECU,Ecuador,330248.000000
1994,222,SLV,El Salvador,13559.000000
1994,226,GNQ,Equatorial Guinea,1080.000000
1994,231,ETH,Ethiopia,5285.000000
1994,232,ERI,Eritrea,2706.000000
1994,233,EST,Estonia,124091.000000
1994,234,FRO,Faroe Islands,237708.000000
1994,238,FLK,Falkland Islands (Malvinas),5914.000000
1994,242,FJI,Fiji,7164.000000
1994,246,FIN,Finland,164269.000000
1994,250,FRA,France,698939.600000
1994,254,GUF,French Guiana,7819.000000
1994,258,PYF,French Polynesia,8519.000000
1994,260,ATF,French Southern Territories,524.000000
1994,262,DJI,Djibouti,75.000000
1994,266,GAB,Gabon,26515.000000
1994,268,GEO,Georgia,1413.000000
1994,270,GMB,Gambia,22781.000000
1994,276,DEU,Germany,230161.000000
1994,288,GHA,Ghana,335437.000000
1994,296,KIR,Kiribati,29569.000000
1994,300,GRC,Greece,181124.900000
1994,304,GRL,Greenland,117417.000000
1994,308,GRD,Grenada,1599.000000
1994,312,GLP,Guadeloupe,6205.000000
1994,316,GUM,Guam,398.000000
1994,320,GTM,Guatemala,7211.000000
1994,324,GIN,Guinea,4161.000000
1994,328,GUY,Guyana,46367.000000
1994,340,HND,Honduras,14337.000000
1994,344,HKG,"China, Hong Kong SAR",211010.000000
1994,348,HUN,Hungary,8307.000000
1994,352,ISL,Iceland,1570944.000000
1994,356,IND,India,3257607.000000
1994,360,IDN,Indonesia,3439612.000000
1994,364,IRN,Iran (Islamic Republic of),308100.000000
1994,368,IRQ,Iraq,25147.000000
1994,372,IRL,Ireland,327371.000000
1994,376,ISR,Israel,3177.000000
1994,380,ITA,Italy,399334.800000
1994,384,CIV,Côte d'Ivoire,73978.000000
1994,388,JAM,Jamaica,17527.000000
1994,392,JPN,Japan,6767466.870000
1994,398,KAZ,Kazakhstan,46433.000000
1994,400,JOR,Jordan,410.000000
1994,404,KEN,Kenya,203362.000000
1994,408,PRK,Democratic People's Republic of Korea,371961.000000
1994,410,KOR,Republic of Korea,2385513.000000
1994,414,KWT,Kuwait,7752.000000
1994,417,KGZ,Kyrgyzstan,131.000000
1994,422,LBN,Lebanon,2237.000000
1994,428,LVA,Latvia,138105.000000
1994,430,LBR,Liberia,7721.000000
1994,434,LBY,Libya,1922.000000
1994,440,LTU,Lithuania,49162.000000
1994,446,MAC,"China, Macao SAR",1890.000000
1994,450,MDG,Madagascar,117320.000000
1994,454,MWI,Malawi,58579.000000
1994,458,MYS,Malaysia,1067894.490000
1994,462,MDV,Maldives,104242.000000
1994,466,MLI,Mali,62850.000000
1994,470,MLT,Malta,2365.000000
1994,474,MTQ,Martinique,990.000000
1994,478,MRT,Mauritania,54.000000
1994,480,MUS,Mauritius,18145.000000
1994,484,MEX,Mexico,1230374.771000
1994,496,MNG,Mongolia,184.000000
1994,498,MDA,Republic of Moldova,118.000000
1994,500,MSR,Montserrat,62.000000
1994,504,MAR,Morocco,759687.200000
1994,508,MOZ,Mozambique,23542.000000
1994,512,OMN,Oman,118572.000000
1994,516,NAM,Namibia,649374.000000
1994,520,NRU,Nauru,500.000000
1994,524,NPL,Nepal,7340.000000
1994,528,NLD,Netherlands (Kingdom of the),420052.000000
1994,530,ANT,Netherlands Antilles [former],505.000000
1994,533,ABW,Aruba,260.000000
1994,540,NCL,New Caledonia,3459.000000
1994,548,VUT,Vanuatu,45217.000000
1994,554,NZL,New Zealand,452590.000000
1994,558,NIC,Nicaragua,10653.000000
1994,562,NER,Niger,2516.000000
1994,566,NGA,Nigeria,266202.000000
1994,578,NOR,Norway,2551184.000000
1994,580,MNP,Northern Mariana Islands,178.000000
1994,583,FSM,Micronesia (Federated States of),21260.000000
1994,584,MHL,Marshall Islands,48.000000
1994,585,PLW,Palau,1085.000000
1994,586,PAK,Pakistan,519193.000000
1994,591,PAN,Panama,185049.000000
1994,598,PNG,Papua New Guinea,3435.316000
1994,604,PER,Peru,11999387.000000
1994,608,PHL,Philippines,1873077.000000
1994,616,POL,Poland,438032.000000
1994,620,PRT,Portugal,270130.000000
1994,624,GNB,Guinea-Bissau,816.000000
1994,630,PRI,Puerto Rico,2583.000000
1994,634,QAT,Qatar,5086.000000
1994,638,REU,Réunion,2652.000000
1994,642,ROU,Romania,22251.000000
1994,643,RUS,Russian Federation,3711635.000000
1994,654,SHN,"Ascension, Saint Helena and Tristan da Cunha",702.000000
1994,659,KNA,Saint Kitts and Nevis,357.000000
1994,660,AIA,Anguilla,371.000000
1994,662,LCA,Saint Lucia,1345.000000
1994,666,SPM,Saint Pierre and Miquelon,294.000000
1994,670,VCT,Saint Vincent and the Grenadines,3922.000000
1994,678,STP,Sao Tome and Principe,1036.000000
1994,682,SAU,Saudi Arabia,54612.000000
1994,686,SEN,Senegal,325837.000000
1994,690,SYC,Seychelles,4469.000000
1994,694,SLE,Sierra Leone,62439.000000
1994,702,SGP,Singapore,11301.000000
1994,703,SVK,Slovakia,1627.000000
1994,704,VNM,Viet Nam,865729.000000
1994,705,SVN,Slovenia,2346.000000
1994,710,ZAF,South Africa,527902.000000
1994,716,ZWE,Zimbabwe,20219.000000
1994,724,ESP,Spain,737901.400000
1994,736,,Sudan [former],44013.000000
1994,740,SUR,Suriname,14765.000000
1994,752,SWE,Sweden,386814.000000
1994,756,CHE,Switzerland,1481.000000
1994,760,SYR,Syrian Arab Republic,3726.000000
1994,762,TJK,Tajikistan,127.000000
1994,764,THA,Thailand,3015196.000000
1994,768,TGO,Togo,13052.000000
1994,776,TON,Tonga,2499.000000
1994,780,TTO,Trinidad and Tobago,14046.000000
1994,784,ARE,United Arab Emirates,108600.000000
1994,788,TUN,Tunisia,85809.814000
1994,792,TUR,Türkiye,587576.000000
1994,795,TKM,Turkmenistan,15140.000000
1994,796,TCA,Turks and Caicos Islands,3705.000000
1994,798,TUV,Tuvalu,561.000000
1994,800,UGA,Uganda,213129.000000
1994,804,UKR,Ukraine,277305.000000
1994,807,MKD,North Macedonia,196.000000
1994,818,EGY,Egypt,311600.000000
1994,826,GBR,United Kingdom of Great Britain and Northern Ireland,883701.000000
1994,831,GGY,Guernsey,2608.400000
1994,833,IMN,Isle of Man,3571.000000
1994,834,TZA,United Republic of Tanzania,288521.077000
1994,840,USA,United States of America,5652547.561000
1994,850,VIR,United States Virgin Islands,0.000000
1994,854,BFA,Burkina Faso,8000.000000
1994,858,URY,Uruguay,120732.000000
1994,860,UZB,Uzbekistan,3095.000000
1994,862,VEN,Venezuela (Bolivarian Republic of),438367.000000
1994,876,WLF,Wallis and Futuna Islands,227.000000
1994,882,WSM,Samoa,1121.000000
1994,887,YEM,Yemen,81885.000000
1994,891,SCG,Serbia and Montenegro [former],263.585000
1994,894,ZMB,Zambia,70057.000000
1994,896,,Other NEI,149112.000000
1995,008,ALB,Albania,1380.300000
1995,012,DZA,Algeria,105878.666000
1995,016,ASM,American Samoa,171.000000
1995,024,AGO,Angola,122781.000000
1995,028,ATG,Antigua and Barbuda,1576.000000
1995,031,AZE,Azerbaijan,10545.000000
1995,032,ARG,Argentina,1158285.000000
1995,036,AUS,Australia,185783.000000
1995,040,AUT,Austria,404.000000
1995,044,BHS,Bahamas,13245.483000
1995,048,BHR,Bahrain,9389.000000
1995,050,BGD,Bangladesh,792389.000000
1995,051,ARM,Armenia,821.000000
1995,052,BRB,Barbados,3581.000000
1995,056,BEL,Belgium,35599.000000
1995,060,BMU,Bermuda,449.000000
1995,068,BOL,Bolivia (Plurinational State of),5692.000000
1995,076,BRA,Brazil,606708.000000
1995,084,BLZ,Belize,9719.000000
1995,086,IOT,British Indian Ocean Territory [former],0.000000
1995,090,SLB,Solomon Islands,52181.402000
1995,092,VGB,British Virgin Islands,532.000000
1995,096,BRN,Brunei Darussalam,4719.000000
1995,100,BGR,Bulgaria,8012.000000
1995,104,MMR,Myanmar,730710.000000
1995,108,BDI,Burundi,21101.000000
1995,112,BLR,Belarus,715.000000
1995,116,KHM,Cambodia,72465.000000
1995,120,CMR,Cameroon,64131.000000
1995,124,CAN,Canada,880353.000000
1995,132,CPV,Cabo Verde,8495.000000
1995,136,CYM,Cayman Islands,125.000000
1995,144,LKA,Sri Lanka,234526.920000
1995,148,TCD,Chad,90000.000000
1995,152,CHL,Chile,7684457.000000
1995,156,CHN,China,12712706.000000
1995,158,TWN,Taiwan Province of China,986394.000000
1995,170,COL,Colombia,131004.000000
1995,174,COM,Comoros,9365.000000
1995,175,MYT,Mayotte,333.000000
1995,178,COG,Congo,30526.000000
1995,180,COD,Democratic Republic of the Congo,154751.000000
1995,184,COK,Cook Islands,118.000000
1995,188,CRI,Costa Rica,17441.000000
1995,191,HRV,Croatia,16267.054000
1995,192,CUB,Cuba,80066.200000
1995,196,CYP,Cyprus,9320.000000
1995,203,CZE,Czechia,3929.000000
1995,204,BEN,Benin,37739.000000
1995,208,DNK,Denmark,1999033.000000
1995,212,DMA,Dominica,950.000000
1995,214,DOM,Dominican Republic,17874.000000
1995,218,ECU,Ecuador,508572.000000
1995,222,SLV,El Salvador,15072.000000
1995,226,GNQ,Equatorial Guinea,790.000000
1995,231,ETH,Ethiopia,6325.000000
1995,232,ERI,Eritrea,3559.000000
1995,233,EST,Estonia,132576.000000
1995,234,FRO,Faroe Islands,287796.000000
1995,238,FLK,Falkland Islands (Malvinas),27190.000000
1995,242,FJI,Fiji,29607.000000
1995,246,FIN,Finland,167485.000000
1995,250,FRA,France,683384.300000
1995,254,GUF,French Guiana,8089.000000
1995,258,PYF,French Polynesia,8889.000000
1995,260,ATF,French Southern Territories,439.000000
1995,262,DJI,Djibouti,82.000000
1995,266,GAB,Gabon,35837.000000
1995,268,GEO,Georgia,2560.000000
1995,270,GMB,Gambia,23699.000000
1995,275,PSE,Palestine,1229.000000
1995,276,DEU,Germany,239889.000000
1995,288,GHA,Ghana,352844.000000
1995,296,KIR,Kiribati,32121.000000
1995,300,GRC,Greece,151716.500000
1995,304,GRL,Greenland,128890.000000
1995,308,GRD,Grenada,1499.000000
1995,312,GLP,Guadeloupe,480.000000
1995,316,GUM,Guam,266.000000
1995,320,GTM,Guatemala,8253.000000
1995,324,GIN,Guinea,67860.000000
1995,328,GUY,Guyana,0.000000
1995,332,HTI,Haiti,17.000000
1995,340,HND,Honduras,25741.000000
1995,344,HKG,"China, Hong Kong SAR",194999.000000
1995,348,HUN,Hungary,7314.000000
1995,352,ISL,Iceland,1624389.000000
1995,356,IND,India,3265239.999000
1995,360,IDN,Indonesia,3644228.000000
1995,364,IRN,Iran (Islamic Republic of),339661.000000
1995,368,IRQ,Iraq,28208.000000
1995,372,IRL,Ireland,423559.000000
1995,376,ISR,Israel,4941.000000
1995,380,ITA,Italy,397879.100000
1995,384,CIV,Côte d'Ivoire,59291.000000
1995,388,JAM,Jamaica,16032.000000
1995,392,JPN,Japan,6146882.930000
1995,398,KAZ,Kazakhstan,48402.000000
1995,400,JOR,Jordan,425.000000
1995,404,KEN,Kenya,193282.743000
1995,408,PRK,Democratic People's Republic of Korea,327083.000000
1995,410,KOR,Republic of Korea,2342340.000000
1995,414,KWT,Kuwait,8616.000000
1995,417,KGZ,Kyrgyzstan,185.000000
1995,422,LBN,Lebanon,4085.000000
1995,428,LVA,Latvia,149194.000000
1995,430,LBR,Liberia,8829.000000
1995,434,LBY,Libya,1940.000000
1995,440,LTU,Lithuania,57368.000000
1995,446,MAC,"China, Macao SAR",1604.000000
1995,450,MDG,Madagascar,116627.000000
1995,454,MWI,Malawi,53664.000000
1995,458,MYS,Malaysia,1116462.000000
1995,462,MDV,Maldives,104754.000000
1995,466,MLI,Mali,132900.000000
1995,470,MLT,Malta,4636.000000
1995,474,MTQ,Martinique,0.000000
1995,478,MRT,Mauritania,263.000000
1995,480,MUS,Mauritius,16395.000000
1995,484,MEX,Mexico,1380514.387000
1995,496,MNG,Mongolia,158.000000
1995,498,MDA,Republic of Moldova,128.000000
1995,500,MSR,Montserrat,49.000000
1995,504,MAR,Morocco,856811.800000
1995,508,MOZ,Mozambique,21255.000000
1995,512,OMN,Oman,139861.000000
1995,516,NAM,Namibia,570632.000000
1995,524,NPL,Nepal,11230.000000
1995,528,NLD,Netherlands (Kingdom of the),438093.000000
1995,530,ANT,Netherlands Antilles [former],455.000000
1995,533,ABW,Aruba,140.000000
1995,540,NCL,New Caledonia,2894.000000
1995,548,VUT,Vanuatu,55854.000000
1995,554,NZL,New Zealand,556723.000000
1995,558,NIC,Nicaragua,9679.000000
1995,562,NER,Niger,3616.000000
1995,566,NGA,Nigeria,349482.000000
1995,578,NOR,Norway,2709144.000000
1995,580,MNP,Northern Mariana Islands,193.000000
1995,583,FSM,Micronesia (Federated States of),6792.000000
1995,584,MHL,Marshall Islands,25.000000
1995,585,PLW,Palau,1414.090000
1995,586,PAK,Pakistan,508891.000000
1995,591,PAN,Panama,203490.000000
1995,598,PNG,Papua New Guinea,20063.658000
1995,604,PER,Peru,8937755.000000
1995,608,PHL,Philippines,1887962.000000
1995,616,POL,Poland,429372.000000
1995,620,PRT,Portugal,267814.000000
1995,624,GNB,Guinea-Bissau,890.000000
1995,630,PRI,Puerto Rico,3749.000000
1995,634,QAT,Qatar,4271.000000
1995,638,REU,Réunion,2646.000000
1995,642,ROU,Romania,49275.000000
1995,643,RUS,Russian Federation,4322374.000000
1995,654,SHN,"Ascension, Saint Helena and Tristan da Cunha",914.000000
1995,659,KNA,Saint Kitts and Nevis,339.000000
1995,662,LCA,Saint Lucia,1343.000000
1995,666,SPM,Saint Pierre and Miquelon,317.000000
1995,670,VCT,Saint Vincent and the Grenadines,1033.000000
1995,678,STP,Sao Tome and Principe,1072.000000
1995,682,SAU,Saudi Arabia,45692.000000
1995,686,SEN,Senegal,326262.000000
1995,690,SYC,Seychelles,4008.000000
1995,694,SLE,Sierra Leone,64870.000000
1995,702,SGP,Singapore,10102.000000
1995,703,SVK,Slovakia,1950.000000
1995,704,VNM,Viet Nam,899002.000000
1995,705,SVN,Slovenia,2167.000000
1995,710,ZAF,South Africa,582449.000000
1995,716,ZWE,Zimbabwe,16463.000000
1995,724,ESP,Spain,817250.300000
1995,736,,Sudan [former],44003.000000
1995,752,SWE,Sweden,404573.000000
1995,756,CHE,Switzerland,1588.000000
1995,760,SYR,Syrian Arab Republic,3987.000000
1995,762,TJK,Tajikistan,100.000000
1995,764,THA,Thailand,3031074.000000
1995,768,TGO,Togo,12201.000000
1995,776,TON,Tonga,2727.000000
1995,780,TTO,Trinidad and Tobago,2943.000000
1995,784,ARE,United Arab Emirates,105884.000000
1995,788,TUN,Tunisia,83255.715000
1995,792,TUR,Türkiye,630978.000000
1995,795,TKM,Turkmenistan,9740.000000
1995,796,TCA,Turks and Caicos Islands,5427.000000
1995,798,TUV,Tuvalu,399.000000
1995,800,UGA,Uganda,208789.000000
1995,804,UKR,Ukraine,390888.000000
1995,807,MKD,North Macedonia,208.000000
1995,818,EGY,Egypt,335300.000000
1995,826,GBR,United Kingdom of Great Britain and Northern Ireland,917363.000000
1995,831,GGY,Guernsey,175.000000
1995,832,JEY,Jersey,779.000000
1995,833,IMN,Isle of Man,3734.000000
1995,834,TZA,United Republic of Tanzania,359855.000000
1995,840,USA,United States of America,5209192.000000
1995,850,VIR,United States Virgin Islands,0.000000
1995,854,BFA,Burkina Faso,8000.000000
1995,858,URY,Uruguay,126446.000000
1995,860,UZB,Uzbekistan,3611.000000
1995,862,VEN,Venezuela (Bolivarian Republic of),501020.000000
1995,876,WLF,Wallis and Futuna Islands,170.000000
1995,882,WSM,Samoa,2604.000000
1995,887,YEM,Yemen,107970.000000
1995,891,SCG,Serbia and Montenegro [former],1445.520000
1995,894,ZMB,Zambia,70546.000000
1995,896,,Other NEI,280131.000000
1996,008,ALB,Albania,2126.200000
1996,012,DZA,Algeria,81995.800000
1996,016,ASM,American Samoa,220.000000
1996,024,AGO,Angola,137815.000000
1996,028,ATG,Antigua and Barbuda,1434.000000
1996,031,AZE,Azerbaijan,6702.000000
1996,032,ARG,Argentina,1270878.000000
1996,036,AUS,Australia,179636.000000
1996,040,AUT,Austria,450.000000
1996,044,BHS,Bahamas,14099.144000
1996,048,BHR,Bahrain,12940.000000
1996,050,BGD,Bangladesh,814787.000000
1996,051,ARM,Armenia,580.000000
1996,052,BRB,Barbados,3512.000000
1996,056,BEL,Belgium,30823.000000
1996,060,BMU,Bermuda,465.000000
1996,068,BOL,Bolivia (Plurinational State of),5988.000000
1996,072,BWA,Botswana,81.000000
1996,076,BRA,Brazil,615482.000000
1996,084,BLZ,Belize,12168.000000
1996,086,IOT,British Indian Ocean Territory [former],0.000000
1996,090,SLB,Solomon Islands,39435.450000
1996,092,VGB,British Virgin Islands,506.000000
1996,096,BRN,Brunei Darussalam,5729.000000
1996,100,BGR,Bulgaria,8854.000000
1996,104,MMR,Myanmar,586280.000000
1996,108,BDI,Burundi,3041.000000
1996,112,BLR,Belarus,821.000000
1996,116,KHM,Cambodia,63482.000000
1996,120,CMR,Cameroon,63529.000000
1996,124,CAN,Canada,925943.000000
1996,132,CPV,Cabo Verde,9255.000000
1996,136,CYM,Cayman Islands,110.000000
1996,144,LKA,Sri Lanka,260186.310000
1996,148,TCD,Chad,100000.000000
1996,152,CHL,Chile,6909631.000000
1996,156,CHN,China,14333737.000000
1996,158,TWN,Taiwan Province of China,967601.600000
1996,170,COL,Colombia,130097.000000
1996,174,COM,Comoros,9116.000000
1996,175,MYT,Mayotte,1553.000000
1996,178,COG,Congo,26483.000000
1996,180,COD,Democratic Republic of the Congo,159037.000000
1996,184,COK,Cook Islands,80.000000
1996,188,CRI,Costa Rica,24335.000000
1996,191,HRV,Croatia,18234.996000
1996,192,CUB,Cuba,84206.800000
1996,196,CYP,Cyprus,12526.000000
1996,203,CZE,Czechia,3524.000000
1996,204,BEN,Benin,19.000000
1996,208,DNK,Denmark,1681518.000000
1996,212,DMA,Dominica,1030.000000
1996,214,DOM,Dominican Republic,12894.000000
1996,218,ECU,Ecuador,702974.000000
1996,222,SLV,El Salvador,14433.000000
1996,226,GNQ,Equatorial Guinea,1116.000000
1996,231,ETH,Ethiopia,8770.000000
1996,232,ERI,Eritrea,3252.000000
1996,233,EST,Estonia,108720.000000
1996,234,FRO,Faroe Islands,304587.000000
1996,238,FLK,Falkland Islands (Malvinas),31540.000000
1996,242,FJI,Fiji,25542.000000
1996,246,FIN,Finland,179079.000000
1996,250,FRA,France,638518.900000
1996,254,GUF,French Guiana,4377.000000
1996,258,PYF,French Polynesia,9631.000000
1996,260,ATF,French Southern Territories,357.000000
1996,262,DJI,Djibouti,80.000000
1996,266,GAB,Gabon,46113.000000
1996,268,GEO,Georgia,2453.000000
1996,270,GMB,Gambia,31601.000000
1996,275,PSE,Palestine,2493.000000
1996,276,DEU,Germany,236411.000000
1996,288,GHA,Ghana,476744.000000
1996,296,KIR,Kiribati,33687.000000
1996,300,GRC,Greece,151051.200000
1996,304,GRL,Greenland,116018.000000
1996,308,GRD,Grenada,1577.000000
1996,312,GLP,Guadeloupe,9570.000000
1996,316,GUM,Guam,260.000000
1996,320,GTM,Guatemala,7653.000000
1996,324,GIN,Guinea,63360.000000
1996,328,GUY,Guyana,48583.000000
1996,332,HTI,Haiti,5.000000
1996,340,HND,Honduras,21260.000000
1996,344,HKG,"China, Hong Kong SAR",183856.000000
1996,348,HUN,Hungary,7606.000000
1996,352,ISL,Iceland,2074579.000000
1996,356,IND,India,3447948.000000
1996,360,IDN,Indonesia,3766339.000000
1996,364,IRN,Iran (Islamic Republic of),351725.000000
1996,368,IRQ,Iraq,30737.000000
1996,372,IRL,Ireland,365443.000000
1996,376,ISR,Israel,5229.000000
1996,380,ITA,Italy,367751.500000
1996,384,CIV,Côte d'Ivoire,49769.000000
1996,388,JAM,Jamaica,23805.000000
1996,392,JPN,Japan,6097384.366000
1996,398,KAZ,Kazakhstan,0.000000
1996,400,JOR,Jordan,440.000000
1996,404,KEN,Kenya,181463.351000
1996,408,PRK,Democratic People's Republic of Korea,253125.000000
1996,410,KOR,Republic of Korea,2437110.000000
1996,414,KWT,Kuwait,8255.000000
1996,417,KGZ,Kyrgyzstan,0.000000
1996,422,LBN,Lebanon,4135.000000
1996,428,LVA,Latvia,142644.000000
1996,430,LBR,Liberia,7408.000000
1996,434,LBY,Libya,1788.000000
1996,440,LTU,Lithuania,88514.000000
1996,446,MAC,"China, Macao SAR",1418.000000
1996,450,MDG,Madagascar,85431.000000
1996,454,MWI,Malawi,63569.000000
1996,458,MYS,Malaysia,1129664.000000
1996,462,MDV,Maldives,105848.000000
1996,466,MLI,Mali,111910.000000
1996,470,MLT,Malta,9199.000000
1996,474,MTQ,Martinique,860.000000
1996,478,MRT,Mauritania,2479.000000
1996,480,MUS,Mauritius,11869.000000
1996,484,MEX,Mexico,1500081.462000
1996,496,MNG,Mongolia,221.000000
1996,498,MDA,Republic of Moldova,26.000000
1996,500,MSR,Montserrat,44.000000
1996,504,MAR,Morocco,647629.000000
1996,508,MOZ,Mozambique,32096.000000
1996,512,OMN,Oman,121618.000000
1996,516,NAM,Namibia,518764.000000
1996,524,NPL,Nepal,11230.000000
1996,528,NLD,Netherlands (Kingdom of the),410798.000000
1996,530,ANT,Netherlands Antilles [former],12967.000000
1996,533,ABW,Aruba,160.000000
1996,540,NCL,New Caledonia,3195.400000
1996,548,VUT,Vanuatu,45696.000000
1996,554,NZL,New Zealand,425441.000000
1996,558,NIC,Nicaragua,13720.000000
1996,562,NER,Niger,4156.000000
1996,566,NGA,Nigeria,337993.000000
1996,578,NOR,Norway,2821618.000000
1996,580,MNP,Northern Mariana Islands,249.000000
1996,583,FSM,Micronesia (Federated States of),7408.000000
1996,584,MHL,Marshall Islands,2772.000000
1996,585,PLW,Palau,1068.450000
1996,586,PAK,Pakistan,518782.000000
1996,591,PAN,Panama,150027.000000
1996,598,PNG,Papua New Guinea,13990.447000
1996,604,PER,Peru,9515355.000000
1996,608,PHL,Philippines,1817288.000000
1996,616,POL,Poland,342793.000000
1996,620,PRT,Portugal,265434.000000
1996,624,GNB,Guinea-Bissau,1385.000000
1996,630,PRI,Puerto Rico,3043.000000
1996,634,QAT,Qatar,4739.000000
1996,638,REU,Réunion,3768.000000
1996,642,ROU,Romania,18259.000000
1996,643,RUS,Russian Federation,4694422.000000
1996,646,RWA,Rwanda,2952.000000
1996,654,SHN,"Ascension, Saint Helena and Tristan da Cunha",819.000000
1996,659,KNA,Saint Kitts and Nevis,687.000000
1996,662,LCA,Saint Lucia,1402.000000
1996,666,SPM,Saint Pierre and Miquelon,747.000000
1996,670,VCT,Saint Vincent and the Grenadines,989.000000
1996,678,STP,Sao Tome and Principe,4620.000000
1996,682,SAU,Saudi Arabia,47709.000000
1996,686,SEN,Senegal,439159.000000
1996,690,SYC,Seychelles,4707.000000
1996,694,SLE,Sierra Leone,6653.000000
1996,702,SGP,Singapore,9943.000000
1996,703,SVK,Slovakia,1414.000000
1996,704,VNM,Viet Nam,1058328.000000
1996,705,SVN,Slovenia,2367.000000
1996,710,ZAF,South Africa,441680.000000
1996,716,ZWE,Zimbabwe,16387.000000
1996,724,ESP,Spain,1180652.200000
1996,736,,Sudan [former],45009.600000
1996,740,SUR,Suriname,5621.000000
1996,752,SWE,Sweden,370898.000000
1996,756,CHE,Switzerland,1841.000000
1996,760,SYR,Syrian Arab Republic,5773.000000
1996,762,TJK,Tajikistan,0.000000
1996,764,THA,Thailand,3013961.000000
1996,768,TGO,Togo,15098.000000
1996,776,TON,Tonga,2955.000000
1996,780,TTO,Trinidad and Tobago,9435.000000
1996,784,ARE,United Arab Emirates,107000.000000
1996,788,TUN,Tunisia,83534.010000
1996,792,TUR,Türkiye,520428.000000
1996,795,TKM,Turkmenistan,9014.000000
1996,796,TCA,Turks and Caicos Islands,5414.000000
1996,798,TUV,Tuvalu,0.000000
1996,800,UGA,Uganda,195088.000000
1996,804,UKR,Ukraine,408442.000000
1996,807,MKD,North Macedonia,78.000000
1996,818,EGY,Egypt,340434.000000
1996,826,GBR,United Kingdom of Great Britain and Northern Ireland,876085.000000
1996,831,GGY,Guernsey,2791.700000
1996,832,JEY,Jersey,1661.400000
1996,833,IMN,Isle of Man,3537.000000
1996,834,TZA,United Republic of Tanzania,324016.200000
1996,840,USA,United States of America,5069358.000000
1996,850,VIR,United States Virgin Islands,0.000000
1996,854,BFA,Burkina Faso,8000.000000
1996,858,URY,Uruguay,123330.000000
1996,860,UZB,Uzbekistan,0.000000
1996,862,VEN,Venezuela (Bolivarian Republic of),496322.000000
1996,876,WLF,Wallis and Futuna Islands,180.000000
1996,882,WSM,Samoa,2478.000000
1996,887,YEM,Yemen,104955.000000
1996,891,SCG,Serbia and Montenegro [former],1613.990000
1996,894,ZMB,Zambia,66332.000000
1996,896,,Other NEI,158465.000000
1997,008,ALB,Albania,1013.800000
1997,012,DZA,Algeria,91585.400000
1997,016,ASM,American Samoa,443.000000
1997,024,AGO,Angola,146304.000000
1997,028,ATG,Antigua and Barbuda,1639.000000
1997,031,AZE,Azerbaijan,5161.000000
1997,032,ARG,Argentina,1366815.000000
1997,036,AUS,Australia,220211.000000
1997,040,AUT,Austria,465.000000
1997,044,BHS,Bahamas,14719.592000
1997,048,BHR,Bahrain,10050.000000
1997,050,BGD,Bangladesh,829426.000000
1997,051,ARM,Armenia,580.000000
1997,052,BRB,Barbados,2809.000000
1997,056,BEL,Belgium,30500.000000
1997,060,BMU,Bermuda,461.000000
1997,068,BOL,Bolivia (Plurinational State of),6038.000000
1997,072,BWA,Botswana,160.000000
1997,076,BRA,Brazil,644585.000000
1997,084,BLZ,Belize,24788.000000
1997,086,IOT,British Indian Ocean Territory [former],0.000000
1997,090,SLB,Solomon Islands,48289.496000
1997,092,VGB,British Virgin Islands,105.000000
1997,096,BRN,Brunei Darussalam,4521.000000
1997,100,BGR,Bulgaria,11237.000000
1997,104,MMR,Myanmar,758800.000000
1997,108,BDI,Burundi,20296.000000
1997,112,BLR,Belarus,499.000000
1997,116,KHM,Cambodia,72942.000000
1997,120,CMR,Cameroon,0.000000
1997,124,CAN,Canada,1001276.000000
1997,132,CPV,Cabo Verde,9705.000000
1997,136,CYM,Cayman Islands,125.000000
1997,144,LKA,Sri Lanka,270506.840000
1997,148,TCD,Chad,85000.000000
1997,152,CHL,Chile,5990596.000000
1997,156,CHN,China,27723.000000
1997,158,TWN,Taiwan Province of China,1038172.245000
1997,170,COL,Colombia,148051.000000
1997,174,COM,Comoros,8856.000000
1997,175,MYT,Mayotte,2867.000000
1997,178,COG,Congo,18987.000000
1997,180,COD,Democratic Republic of the Congo,158367.000000
1997,184,COK,Cook Islands,0.000000
1997,188,CRI,Costa Rica,26696.000000
1997,191,HRV,Croatia,17041.492000
1997,192,CUB,Cuba,76801.500000
1997,196,CYP,Cyprus,24819.000000
1997,203,CZE,Czechia,3321.000000
1997,204,BEN,Benin,628.000000
1997,208,DNK,Denmark,1826852.000000
1997,212,DMA,Dominica,1079.000000
1997,214,DOM,Dominican Republic,14535.000000
1997,218,ECU,Ecuador,536887.000000
1997,222,SLV,El Salvador,11897.000000
1997,226,GNQ,Equatorial Guinea,850.000000
1997,231,ETH,Ethiopia,10370.000000
1997,232,ERI,Eritrea,1038.000000
1997,233,EST,Estonia,126057.000000
1997,234,FRO,Faroe Islands,329145.000000
1997,238,FLK,Falkland Islands (Malvinas),34445.000000
1997,242,FJI,Fiji,28271.000000
1997,246,FIN,Finland,180100.000000
1997,250,FRA,France,638924.500000
1997,254,GUF,French Guiana,6602.000000
1997,258,PYF,French Polynesia,11519.134000
1997,260,ATF,French Southern Territories,295.000000
1997,262,DJI,Djibouti,75.000000
1997,266,GAB,Gabon,44193.000000
1997,268,GEO,Georgia,2583.000000
1997,270,GMB,Gambia,32743.000000
1997,275,PSE,Palestine,3791.000000
1997,276,DEU,Germany,259352.000000
1997,288,GHA,Ghana,447127.000000
1997,296,KIR,Kiribati,32139.000000
1997,300,GRC,Greece,156978.100000
1997,304,GRL,Greenland,113851.000000
1997,308,GRD,Grenada,1530.000000
1997,312,GLP,Guadeloupe,650.000000
1997,316,GUM,Guam,271.000000
1997,320,GTM,Guatemala,6896.000000
1997,324,GIN,Guinea,62441.000000
1997,328,GUY,Guyana,53998.000000
1997,332,HTI,Haiti,71.000000
1997,340,HND,Honduras,23309.000000
1997,344,HKG,"China, Hong Kong SAR",186000.000000
1997,348,HUN,Hungary,7406.000000
1997,352,ISL,Iceland,2225449.000000
1997,356,IND,India,3523448.000000
1997,360,IDN,Indonesia,3917222.000000
1997,364,IRN,Iran (Islamic Republic of),369988.000000
1997,368,IRQ,Iraq,31302.000000
1997,372,IRL,Ireland,328045.000000
1997,376,ISR,Israel,5204.000000
1997,380,ITA,Italy,345647.100000
1997,384,CIV,Côte d'Ivoire,43783.000000
1997,388,JAM,Jamaica,19585.000000
1997,392,JPN,Japan,6082171.114000
1997,398,KAZ,Kazakhstan,8800.000000
1997,400,JOR,Jordan,450.000000
1997,404,KEN,Kenya,161588.658000
1997,408,PRK,Democratic People's Republic of Korea,236462.000000
1997,410,KOR,Republic of Korea,2227791.000000
1997,414,KWT,Kuwait,7827.000000
1997,417,KGZ,Kyrgyzstan,0.000000
1997,422,LBN,Lebanon,3655.000000
1997,428,LVA,Latvia,105682.000000
1997,430,LBR,Liberia,8491.000000
1997,434,LBY,Libya,1474.000000
1997,440,LTU,Lithuania,44002.000000
1997,450,MDG,Madagascar,87347.000000
1997,454,MWI,Malawi,56340.000000
1997,458,MYS,Malaysia,1172252.000000
1997,462,MDV,Maldives,108312.000000
1997,466,MLI,Mali,99550.000000
1997,470,MLT,Malta,1040.000000
1997,474,MTQ,Martinique,0.000000
1997,478,MRT,Mauritania,2170.000000
1997,480,MUS,Mauritius,14025.000000
1997,484,MEX,Mexico,1532954.355000
1997,496,MNG,Mongolia,180.000000
1997,498,MDA,Republic of Moldova,26.000000
1997,500,MSR,Montserrat,46.000000
1997,504,MAR,Morocco,791389.600000
1997,508,MOZ,Mozambique,35579.000000
1997,512,OMN,Oman,118995.000000
1997,516,NAM,Namibia,514067.000000
1997,524,NPL,Nepal,11230.000000
1997,528,NLD,Netherlands (Kingdom of the),451800.000000
1997,530,ANT,Netherlands Antilles [former],18582.000000
1997,533,ABW,Aruba,205.000000
1997,540,NCL,New Caledonia,2562.700000
1997,548,VUT,Vanuatu,68307.000000
1997,554,NZL,New Zealand,648917.000000
1997,558,NIC,Nicaragua,13937.000000
1997,562,NER,Niger,6328.000000
1997,566,NGA,Nigeria,387923.000000
1997,578,NOR,Norway,3054740.000000
1997,580,MNP,Northern Mariana Islands,264.000000
1997,583,FSM,Micronesia (Federated States of),8281.000000
1997,584,MHL,Marshall Islands,0.000000
1997,585,PLW,Palau,911.000000
1997,586,PAK,Pakistan,574643.000000
1997,591,PAN,Panama,162223.000000
1997,598,PNG,Papua New Guinea,22430.431000
1997,604,PER,Peru,7869871.000000
1997,608,PHL,Philippines,1835182.000000
1997,616,POL,Poland,348913.000000
1997,620,PRT,Portugal,227807.000000
1997,624,GNB,Guinea-Bissau,148.000000
1997,630,PRI,Puerto Rico,3672.000000
1997,634,QAT,Qatar,5032.000000
1997,638,REU,Réunion,4529.000000
1997,642,ROU,Romania,8446.000000
1997,643,RUS,Russian Federation,4688734.000000
1997,646,RWA,Rwanda,4428.000000
1997,654,SHN,"Ascension, Saint Helena and Tristan da Cunha",898.000000
1997,659,KNA,Saint Kitts and Nevis,418.000000
1997,662,LCA,Saint Lucia,1416.000000
1997,666,SPM,Saint Pierre and Miquelon,3571.000000
1997,670,VCT,Saint Vincent and the Grenadines,6145.000000
1997,678,STP,Sao Tome and Principe,3546.000000
1997,682,SAU,Saudi Arabia,49395.000000
1997,686,SEN,Senegal,483418.000000
1997,690,SYC,Seychelles,14043.000000
1997,694,SLE,Sierra Leone,72628.000000
1997,702,SGP,Singapore,9250.000000
1997,703,SVK,Slovakia,1364.000000
1997,704,VNM,Viet Nam,1105308.000000
1997,705,SVN,Slovenia,2367.000000
1997,710,ZAF,South Africa,514564.000000
1997,716,ZWE,Zimbabwe,18156.000000
1997,724,ESP,Spain,1211584.400000
1997,736,,Sudan [former],47010.000000
1997,740,SUR,Suriname,4630.000000
1997,752,SWE,Sweden,357383.000000
1997,756,CHE,Switzerland,1859.000000
1997,760,SYR,Syrian Arab Republic,6131.000000
1997,762,TJK,Tajikistan,0.000000
1997,764,THA,Thailand,2902898.000000
1997,768,TGO,Togo,14290.000000
1997,776,TON,Tonga,2924.000000
1997,780,TTO,Trinidad and Tobago,11283.000000
1997,784,ARE,United Arab Emirates,114358.000000
1997,788,TUN,Tunisia,86390.305000
1997,792,TUR,Türkiye,459155.000000
1997,795,TKM,Turkmenistan,8179.000000
1997,796,TCA,Turks and Caicos Islands,4086.000000
1997,798,TUV,Tuvalu,0.000000
1997,800,UGA,Uganda,218026.000000
1997,804,UKR,Ukraine,369167.000000
1997,807,MKD,North Macedonia,130.000000
1997,818,EGY,Egypt,371332.000000
1997,826,GBR,United Kingdom of Great Britain and Northern Ireland,899036.000000
1997,831,GGY,Guernsey,2609.662000
1997,832,JEY,Jersey,1630.400000
1997,833,IMN,Isle of Man,4289.000000
1997,834,TZA,United Republic of Tanzania,360753.172000
1997,840,USA,United States of America,5155835.000000
1997,850,VIR,United States Virgin Islands,0.000000
1997,854,BFA,Burkina Faso,8000.000000
1997,858,URY,Uruguay,136954.000000
1997,860,UZB,Uzbekistan,3075.000000
1997,862,VEN,Venezuela (Bolivarian Republic of),470319.000000
1997,876,WLF,Wallis and Futuna Islands,176.000000
1997,882,WSM,Samoa,5737.000000
1997,887,YEM,Yemen,34337.000000
1997,891,SCG,Serbia and Montenegro [former],1438.375000
1997,894,ZMB,Zambia,65923.000000
1997,896,,Other NEI,141569.000000
1998,008,ALB,Albania,2683.500000
1998,012,DZA,Algeria,92337.000000
1998,016,ASM,American Samoa,605.000000
1998,024,AGO,Angola,163149.000000
1998,028,ATG,Antigua and Barbuda,1675.000000
1998,031,AZE,Azerbaijan,4760.000000
1998,032,ARG,Argentina,1141292.000000
1998,036,AUS,Australia,227759.443000
1998,040,AUT,Austria,451.000000
1998,044,BHS,Bahamas,14577.685000
1998,048,BHR,Bahrain,9849.000000
1998,050,BGD,Bangladesh,839141.000000
1998,051,ARM,Armenia,698.000000
1998,052,BRB,Barbados,3644.000000
1998,056,BEL,Belgium,30835.000000
1998,060,BMU,Bermuda,466.000000
1998,068,BOL,Bolivia (Plurinational State of),6055.000000
1998,072,BWA,Botswana,191.000000
1998,076,BRA,Brazil,606789.000000
1998,084,BLZ,Belize,26600.000000
1998,086,IOT,British Indian Ocean Territory [former],0.000000
1998,090,SLB,Solomon Islands,49676.594000
1998,092,VGB,British Virgin Islands,116.000000
1998,096,BRN,Brunei Darussalam,5049.000000
1998,100,BGR,Bulgaria,18946.000000
1998,104,MMR,Myanmar,806650.000000
1998,108,BDI,Burundi,13426.000000
1998,112,BLR,Belarus,457.000000
1998,116,KHM,Cambodia,75639.000000
1998,120,CMR,Cameroon,3941.000000
1998,124,CAN,Canada,1031373.000000
1998,132,CPV,Cabo Verde,9424.000000
1998,136,CYM,Cayman Islands,125.000000
1998,144,LKA,Sri Lanka,283119.860000
1998,148,TCD,Chad,51300.000000
1998,152,CHL,Chile,3463177.000000
1998,156,CHN,China,175788.000000
1998,158,TWN,Taiwan Province of China,1091966.500000
1998,170,COL,Colombia,134614.000000
1998,174,COM,Comoros,8607.000000
1998,175,MYT,Mayotte,3018.000000
1998,178,COG,Congo,25455.000000
1998,180,COD,Democratic Republic of the Congo,174087.000000
1998,184,COK,Cook Islands,22.000000
1998,188,CRI,Costa Rica,23800.000000
1998,191,HRV,Croatia,21936.078000
1998,192,CUB,Cuba,58738.100000
1998,196,CYP,Cyprus,19304.000000
1998,203,CZE,Czechia,3952.000000
1998,204,BEN,Benin,625.000000
1998,208,DNK,Denmark,1557335.000000
1998,212,DMA,Dominica,1212.000000
1998,214,DOM,Dominican Republic,10171.000000
1998,218,ECU,Ecuador,317848.000000
1998,222,SLV,El Salvador,10978.000000
1998,226,GNQ,Equatorial Guinea,6005.000000
1998,231,ETH,Ethiopia,14000.000000
1998,232,ERI,Eritrea,1852.900000
1998,233,EST,Estonia,121594.000000
1998,234,FRO,Faroe Islands,364497.000000
1998,238,FLK,Falkland Islands (Malvinas),52770.000000
1998,242,FJI,Fiji,30667.609000
1998,246,FIN,Finland,171689.000000
1998,250,FRA,France,606923.500000
1998,254,GUF,French Guiana,6709.000000
1998,258,PYF,French Polynesia,12410.000000
1998,260,ATF,French Southern Territories,308.000000
1998,262,DJI,Djibouti,75.000000
1998,266,GAB,Gabon,53754.000000
1998,268,GEO,Georgia,3001.000000
1998,270,GMB,Gambia,29033.000000
1998,275,PSE,Palestine,3625.000000
1998,276,DEU,Germany,247614.000000
1998,288,GHA,Ghana,445541.000000
1998,296,KIR,Kiribati,37284.000000
1998,300,GRC,Greece,110146.400000
1998,304,GRL,Greenland,123291.000000
1998,308,GRD,Grenada,1837.000000
1998,312,GLP,Guadeloupe,634.000000
1998,316,GUM,Guam,355.000000
1998,320,GTM,Guatemala,10847.000000
1998,324,GIN,Guinea,69764.000000
1998,328,GUY,Guyana,52840.000000
1998,332,HTI,Haiti,59.000000
1998,340,HND,Honduras,13637.000000
1998,344,HKG,"China, Hong Kong SAR",180000.000000
1998,348,HUN,Hungary,7265.000000
1998,352,ISL,Iceland,1699721.000000
1998,356,IND,India,3373492.000000
1998,360,IDN,Indonesia,4012411.000000
1998,364,IRN,Iran (Islamic Republic of),367297.000000
1998,368,IRQ,Iraq,22574.000000
1998,372,IRL,Ireland,324515.000000
1998,376,ISR,Israel,6300.000000
1998,380,ITA,Italy,281212.700000
1998,384,CIV,Côte d'Ivoire,49309.000000
1998,388,JAM,Jamaica,17096.000000
1998,392,JPN,Japan,5430061.395000
1998,398,KAZ,Kazakhstan,6400.000000
1998,400,JOR,Jordan,470.000000
1998,404,KEN,Kenya,173154.584000
1998,408,PRK,Democratic People's Republic of Korea,0.000000
1998,410,KOR,Republic of Korea,2040832.000000
1998,414,KWT,Kuwait,7798.000000
1998,417,KGZ,Kyrgyzstan,0.000000
1998,422,LBN,Lebanon,3520.000000
1998,428,LVA,Latvia,102331.000000
1998,430,LBR,Liberia,10697.000000
1998,434,LBY,Libya,1794.000000
1998,440,LTU,Lithuania,66578.000000
1998,450,MDG,Madagascar,85205.000000
1998,454,MWI,Malawi,41111.000000
1998,458,MYS,Malaysia,1152868.000000
1998,462,MDV,Maldives,118285.000000
1998,466,MLI,Mali,98000.000000
1998,470,MLT,Malta,1180.000000
1998,474,MTQ,Martinique,0.000000
1998,478,MRT,Mauritania,1304.000000
1998,480,MUS,Mauritius,12093.000000
1998,484,MEX,Mexico,1193289.234000
1998,496,MNG,Mongolia,311.000000
1998,498,MDA,Republic of Moldova,19.000000
1998,500,MSR,Montserrat,38.000000
1998,504,MAR,Morocco,714037.100000
1998,508,MOZ,Mozambique,28323.000000
1998,512,OMN,Oman,106171.000000
1998,516,NAM,Namibia,607228.000000
1998,524,NPL,Nepal,12000.000000
1998,528,NLD,Netherlands (Kingdom of the),536625.000000
1998,530,ANT,Netherlands Antilles [former],18804.000000
1998,533,ABW,Aruba,182.000000
1998,540,NCL,New Caledonia,3256.300000
1998,548,VUT,Vanuatu,73019.000000
1998,554,NZL,New Zealand,648029.100000
1998,558,NIC,Nicaragua,15184.000000
1998,562,NER,Niger,7013.000000
1998,566,NGA,Nigeria,463024.000000
1998,578,NOR,Norway,3040985.000000
1998,580,MNP,Northern Mariana Islands,255.000000
1998,583,FSM,Micronesia (Federated States of),14307.000000
1998,584,MHL,Marshall Islands,0.000000
1998,585,PLW,Palau,951.000000
1998,586,PAK,Pakistan,580088.000000
1998,591,PAN,Panama,202626.000000
1998,598,PNG,Papua New Guinea,55087.550000
1998,604,PER,Peru,4346073.000000
1998,608,PHL,Philippines,1869495.000000
1998,616,POL,Poland,242010.000000
1998,620,PRT,Portugal,228792.000000
1998,624,GNB,Guinea-Bissau,0.000000
1998,630,PRI,Puerto Rico,3785.000000
1998,634,QAT,Qatar,5279.000000
1998,638,REU,Réunion,4752.000000
1998,642,ROU,Romania,9061.000000
1998,643,RUS,Russian Federation,4485264.000000
1998,646,RWA,Rwanda,6641.000000
1998,654,SHN,"Ascension, Saint Helena and Tristan da Cunha",1060.000000
1998,659,KNA,Saint Kitts and Nevis,967.000000
1998,662,LCA,Saint Lucia,1709.000000
1998,666,SPM,Saint Pierre and Miquelon,6108.000000
1998,670,VCT,Saint Vincent and the Grenadines,34108.000000
1998,678,STP,Sao Tome and Principe,1700.000000
1998,682,SAU,Saudi Arabia,51291.000000
1998,686,SEN,Senegal,429431.000000
1998,690,SYC,Seychelles,23886.000000
1998,694,SLE,Sierra Leone,63065.000000
1998,702,SGP,Singapore,7733.000000
1998,703,SVK,Slovakia,1361.000000
1998,704,VNM,Viet Nam,1073051.000000
1998,705,SVN,Slovenia,2228.000000
1998,710,ZAF,South Africa,559978.000000
1998,716,ZWE,Zimbabwe,16371.000000
1998,724,ESP,Spain,1236756.500000
1998,736,,Sudan [former],49513.000000
1998,740,SUR,Suriname,21367.000000
1998,752,SWE,Sweden,410887.000000
1998,756,CHE,Switzerland,1809.000000
1998,760,SYR,Syrian Arab Republic,7097.000000
1998,762,TJK,Tajikistan,0.000000
1998,764,THA,Thailand,2930354.000000
1998,768,TGO,Togo,16677.000000
1998,776,TON,Tonga,4166.000000
1998,780,TTO,Trinidad and Tobago,14846.000000
1998,784,ARE,United Arab Emirates,114739.000000
1998,788,TUN,Tunisia,88097.596000
1998,792,TUR,Türkiye,487201.000000
1998,795,TKM,Turkmenistan,7014.000000
1998,796,TCA,Turks and Caicos Islands,5068.000000
1998,798,TUV,Tuvalu,0.000000
1998,800,UGA,Uganda,220628.000000
1998,804,UKR,Ukraine,462527.000000
1998,807,MKD,North Macedonia,131.000000
1998,818,EGY,Egypt,406204.000000
1998,826,GBR,United Kingdom of Great Britain and Northern Ireland,923219.000000
1998,831,GGY,Guernsey,2574.850000
1998,832,JEY,Jersey,1539.700000
1998,833,IMN,Isle of Man,2214.000000
1998,834,TZA,United Republic of Tanzania,352154.893000
1998,840,USA,United States of America,4845879.000000
1998,850,VIR,United States Virgin Islands,0.000000
1998,854,BFA,Burkina Faso,8335.000000
1998,858,URY,Uruguay,140707.000000
1998,860,UZB,Uzbekistan,2799.000000
1998,862,VEN,Venezuela (Bolivarian Republic of),504263.000000
1998,876,WLF,Wallis and Futuna Islands,300.000000
1998,882,WSM,Samoa,7034.000000
1998,887,YEM,Yemen,33996.000000
1998,891,SCG,Serbia and Montenegro [former],1262.890000
1998,894,ZMB,Zambia,69938.000000
1998,896,,Other NEI,174553.000000
1999,008,ALB,Albania,2747.900000
1999,012,DZA,Algeria,102399.000000
1999,016,ASM,American Samoa,549.000000
1999,024,AGO,Angola,169799.000000
1999,028,ATG,Antigua and Barbuda,1626.000000
1999,031,AZE,Azerbaijan,20866.000000
1999,032,ARG,Argentina,1058468.000000
1999,036,AUS,Australia,239083.000000
1999,040,AUT,Austria,432.000000
1999,044,BHS,Bahamas,13627.000000
1999,048,BHR,Bahrain,10620.000000
1999,050,BGD,Bangladesh,959215.000000
1999,051,ARM,Armenia,1144.000000
1999,052,BRB,Barbados,3270.000000
1999,056,BEL,Belgium,29876.000000
1999,060,BMU,Bermuda,453.000000
1999,068,BOL,Bolivia (Plurinational State of),6052.000000
1999,072,BWA,Botswana,157.000000
1999,076,BRA,Brazil,603941.000000
1999,084,BLZ,Belize,51827.000000
1999,086,IOT,British Indian Ocean Territory [former],0.000000
1999,090,SLB,Solomon Islands,47537.598000
1999,092,VGB,British Virgin Islands,115.000000
1999,096,BRN,Brunei Darussalam,3186.000000
1999,100,BGR,Bulgaria,10556.000000
1999,104,MMR,Myanmar,895810.000000
1999,108,BDI,Burundi,9199.000000
1999,112,BLR,Belarus,980.000000
1999,116,KHM,Cambodia,230730.000000
1999,120,CMR,Cameroon,3166.000000
1999,124,CAN,Canada,1047330.000000
1999,132,CPV,Cabo Verde,10360.000000
1999,136,CYM,Cayman Islands,125.000000
1999,140,CAF,Central African Republic,15000.000000
1999,144,LKA,Sri Lanka,310172.700000
1999,148,TCD,Chad,59600.000000
1999,152,CHL,Chile,5281822.000000
1999,156,CHN,China,243036.000000
1999,158,TWN,Taiwan Province of China,1099843.300000
1999,170,COL,Colombia,127424.000000
1999,174,COM,Comoros,8318.000000
1999,175,MYT,Mayotte,3471.000000
1999,178,COG,Congo,25642.000000
1999,180,COD,Democratic Republic of the Congo,204503.000000
1999,184,COK,Cook Islands,56.000000
1999,188,CRI,Costa Rica,27279.000000
1999,191,HRV,Croatia,18909.192000
1999,192,CUB,Cuba,60645.100000
1999,196,CYP,Cyprus,39638.000000
1999,203,CZE,Czechia,4190.000000
1999,204,BEN,Benin,34764.000000
1999,208,DNK,Denmark,1405000.000000
1999,212,DMA,Dominica,330.000000
1999,214,DOM,Dominican Republic,8418.000000
1999,218,ECU,Ecuador,498282.000000
1999,222,SLV,El Salvador,9915.000000
1999,226,GNQ,Equatorial Guinea,0.000000
1999,231,ETH,Ethiopia,15858.000000
1999,232,ERI,Eritrea,6997.050000
1999,233,EST,Estonia,113112.000000
1999,234,FRO,Faroe Islands,358362.000000
1999,238,FLK,Falkland Islands (Malvinas),49692.000000
1999,242,FJI,Fiji,39206.000000
1999,246,FIN,Finland,160568.000000
1999,250,FRA,France,656665.800000
1999,254,GUF,French Guiana,3771.000000
1999,258,PYF,French Polynesia,12283.000000
1999,260,ATF,French Southern Territories,345.000000
1999,262,DJI,Djibouti,60.000000
1999,266,GAB,Gabon,51255.000000
1999,268,GEO,Georgia,1413.000000
1999,270,GMB,Gambia,30139.000000
1999,276,DEU,Germany,219916.000000
1999,288,GHA,Ghana,496770.000000
1999,296,KIR,Kiribati,56641.000000
1999,300,GRC,Greece,120591.750000
1999,304,GRL,Greenland,160253.000000
1999,308,GRD,Grenada,1828.000000
1999,312,GLP,Guadeloupe,634.000000
1999,316,GUM,Guam,324.000000
1999,320,GTM,Guatemala,21018.000000
1999,324,GIN,Guinea,87314.000000
1999,328,GUY,Guyana,53844.000000
1999,340,HND,Honduras,21589.000000
1999,348,HUN,Hungary,7514.000000
1999,352,ISL,Iceland,1754408.000000
1999,356,IND,India,3472148.999000
1999,360,IDN,Indonesia,4010071.500000
1999,364,IRN,Iran (Islamic Republic of),380197.000000
1999,368,IRQ,Iraq,22423.000000
1999,372,IRL,Ireland,283285.000000
1999,376,ISR,Israel,5884.000000
1999,380,ITA,Italy,256310.850000
1999,384,CIV,Côte d'Ivoire,55277.000000
1999,388,JAM,Jamaica,16864.000000
1999,392,JPN,Japan,5319624.238000
1999,398,KAZ,Kazakhstan,6100.000000
1999,400,JOR,Jordan,510.000000
1999,404,KEN,Kenya,205927.386000
1999,408,PRK,Democratic People's Republic of Korea,0.000000
1999,410,KOR,Republic of Korea,2131618.000000
1999,414,KWT,Kuwait,7398.000000
1999,417,KGZ,Kyrgyzstan,0.000000
1999,422,LBN,Lebanon,3560.000000
1999,428,LVA,Latvia,125389.000000
1999,430,LBR,Liberia,14682.000000
1999,434,LBY,Libya,1595.000000
1999,440,LTU,Lithuania,72962.000000
1999,450,MDG,Madagascar,88038.000000
1999,454,MWI,Malawi,45392.000000
1999,458,MYS,Malaysia,1251849.000000
1999,462,MDV,Maldives,124217.000000
1999,466,MLI,Mali,98536.000000
1999,470,MLT,Malta,1247.000000
1999,474,MTQ,Martinique,3400.000000
1999,478,MRT,Mauritania,1319.000000
1999,480,MUS,Mauritius,12205.000000
1999,484,MEX,Mexico,1238927.532000
1999,496,MNG,Mongolia,524.000000
1999,498,MDA,Republic of Moldova,9.000000
1999,500,MSR,Montserrat,34.000000
1999,504,MAR,Morocco,746209.250000
1999,508,MOZ,Mozambique,30101.000000
1999,512,OMN,Oman,108809.000000
1999,516,NAM,Namibia,579245.000000
1999,524,NPL,Nepal,12752.000000
1999,528,NLD,Netherlands (Kingdom of the),514611.000000
1999,530,ANT,Netherlands Antilles [former],18481.000000
1999,533,ABW,Aruba,175.000000
1999,540,NCL,New Caledonia,3250.100000
1999,548,VUT,Vanuatu,89393.000000
1999,554,NZL,New Zealand,600188.000000
1999,558,NIC,Nicaragua,19837.000000
1999,562,NER,Niger,11000.000000
1999,566,NGA,Nigeria,455628.000000
1999,578,NOR,Norway,2806076.000000
1999,580,MNP,Northern Mariana Islands,192.000000
1999,583,FSM,Micronesia (Federated States of),10989.000000
1999,584,MHL,Marshall Islands,0.000000
1999,585,PLW,Palau,960.000000
1999,586,PAK,Pakistan,640455.000000
1999,591,PAN,Panama,121075.000000
1999,598,PNG,Papua New Guinea,42359.370000
1999,604,PER,Peru,8428601.000000
1999,608,PHL,Philippines,1894739.000000
1999,616,POL,Poland,235724.000000
1999,620,PRT,Portugal,212607.000000
1999,624,GNB,Guinea-Bissau,0.000000
1999,626,TLS,Timor-Leste,3.000000
1999,630,PRI,Puerto Rico,3799.000000
1999,634,QAT,Qatar,4397.000000
1999,638,REU,Réunion,4063.000000
1999,642,ROU,Romania,7843.000000
1999,643,RUS,Russian Federation,4166960.000000
1999,646,RWA,Rwanda,6433.000000
1999,654,SHN,"Ascension, Saint Helena and Tristan da Cunha",633.000000
1999,659,KNA,Saint Kitts and Nevis,933.000000
1999,662,LCA,Saint Lucia,1900.000000
1999,666,SPM,Saint Pierre and Miquelon,5892.000000
1999,670,VCT,Saint Vincent and the Grenadines,17804.000000
1999,678,STP,Sao Tome and Principe,1386.000000
1999,682,SAU,Saudi Arabia,46700.000000
1999,686,SEN,Senegal,440776.000000
1999,690,SYC,Seychelles,34223.000000
1999,694,SLE,Sierra Leone,59407.000000
1999,702,SGP,Singapore,6489.000000
1999,703,SVK,Slovakia,1396.000000
1999,704,VNM,Viet Nam,1261697.000000
1999,705,SVN,Slovenia,2027.000000
1999,710,ZAF,South Africa,586653.000000
1999,716,ZWE,Zimbabwe,12410.000000
1999,724,ESP,Spain,1173723.850000
1999,736,,Sudan [former],49513.500000
1999,740,SUR,Suriname,24037.000000
1999,752,SWE,Sweden,351256.000000
1999,756,CHE,Switzerland,1840.000000
1999,760,SYR,Syrian Arab Republic,7938.000000
1999,762,TJK,Tajikistan,48.000000
1999,764,THA,Thailand,2952308.000000
1999,768,TGO,Togo,22924.000000
1999,776,TON,Tonga,4694.000000
1999,780,TTO,Trinidad and Tobago,14694.000000
1999,784,ARE,United Arab Emirates,117607.000000
1999,788,TUN,Tunisia,92395.233000
1999,792,TUR,Türkiye,573827.000000
1999,795,TKM,Turkmenistan,9058.000000
1999,796,TCA,Turks and Caicos Islands,5801.100000
1999,798,TUV,Tuvalu,0.000000
1999,800,UGA,Uganda,226097.000000
1999,804,UKR,Ukraine,408881.000000
1999,807,MKD,North Macedonia,135.000000
1999,818,EGY,Egypt,422665.000000
1999,826,GBR,United Kingdom of Great Britain and Northern Ireland,840719.000000
1999,831,GGY,Guernsey,2244.340000
1999,832,JEY,Jersey,1348.700000
1999,833,IMN,Isle of Man,2609.000000
1999,834,TZA,United Republic of Tanzania,314750.006000
1999,840,USA,United States of America,4962720.000000
1999,850,VIR,United States Virgin Islands,109.000000
1999,854,BFA,Burkina Faso,7600.000000
1999,858,URY,Uruguay,106584.000000
1999,860,UZB,Uzbekistan,2908.000000
1999,862,VEN,Venezuela (Bolivarian Republic of),400253.000000
1999,876,WLF,Wallis and Futuna Islands,0.000000
1999,882,WSM,Samoa,6602.000000
1999,887,YEM,Yemen,35997.000000
1999,891,SCG,Serbia and Montenegro [former],1224.735000
1999,894,ZMB,Zambia,67327.000000
1999,896,,Other NEI,205198.000000
2000,008,ALB,Albania,3328.000000
2000,012,DZA,Algeria,113159.900000
2000,016,ASM,American Samoa,846.000000
2000,024,AGO,Angola,232351.000000
2000,028,ATG,Antigua and Barbuda,1723.000000
2000,031,AZE,Azerbaijan,18972.750000
2000,032,ARG,Argentina,891382.000000
2000,036,AUS,Australia,206140.000000
2000,040,AUT,Austria,439.000000
2000,044,BHS,Bahamas,15487.000000
2000,048,BHR,Bahrain,11718.000000
2000,050,BGD,Bangladesh,1004264.000000
2000,051,ARM,Armenia,1133.000000
2000,052,BRB,Barbados,3175.000000
2000,056,BEL,Belgium,29800.000000
2000,060,BMU,Bermuda,290.000000
2000,068,BOL,Bolivia (Plurinational State of),6106.000000
2000,072,BWA,Botswana,166.000000
2000,076,BRA,Brazil,666846.000000
2000,084,BLZ,Belize,30322.000000
2000,086,IOT,British Indian Ocean Territory [former],0.000000
2000,090,SLB,Solomon Islands,13549.332000
2000,092,VGB,British Virgin Islands,43.000000
2000,096,BRN,Brunei Darussalam,2487.000000
2000,100,BGR,Bulgaria,8663.000000
2000,104,MMR,Myanmar,1069300.000000
2000,108,BDI,Burundi,17315.000000
2000,112,BLR,Belarus,553.000000
2000,120,CMR,Cameroon,112109.000000
2000,124,CAN,Canada,1032686.000000
2000,132,CPV,Cabo Verde,10586.000000
2000,136,CYM,Cayman Islands,125.000000
2000,144,LKA,Sri Lanka,296749.600000
2000,148,TCD,Chad,83200.000000
2000,152,CHL,Chile,4547594.000000
2000,156,CHN,China,270981.000000
2000,158,TWN,Taiwan Province of China,1094018.500000
2000,170,COL,Colombia,137059.000000
2000,174,COM,Comoros,8103.000000
2000,175,MYT,Mayotte,3048.000000
2000,178,COG,Congo,28220.000000
2000,180,COD,Democratic Republic of the Congo,4033.000000
2000,184,COK,Cook Islands,335.000000
2000,188,CRI,Costa Rica,34463.000000
2000,191,HRV,Croatia,21068.244000
2000,192,CUB,Cuba,68486.000000
2000,196,CYP,Cyprus,68345.000000
2000,203,CZE,Czechia,4654.000000
2000,204,BEN,Benin,0.000000
2000,208,DNK,Denmark,1534089.000000
2000,212,DMA,Dominica,328.000000
2000,214,DOM,Dominican Republic,11015.000000
2000,218,ECU,Ecuador,585673.000000
2000,222,SLV,El Salvador,9590.000000
2000,226,GNQ,Equatorial Guinea,3076.000000
2000,231,ETH,Ethiopia,15681.000000
2000,232,ERI,Eritrea,12612.000000
2000,233,EST,Estonia,113347.000000
2000,234,FRO,Faroe Islands,454399.000000
2000,238,FLK,Falkland Islands (Malvinas),75479.000000
2000,242,FJI,Fiji,10293.000000
2000,246,FIN,Finland,156428.000000
2000,250,FRA,France,694052.600000
2000,254,GUF,French Guiana,2737.000000
2000,258,PYF,French Polynesia,13894.320000
2000,260,ATF,French Southern Territories,192.000000
2000,266,GAB,Gabon,47826.000000
2000,268,GEO,Georgia,1791.000000
2000,270,GMB,Gambia,26516.000000
2000,276,DEU,Germany,186681.000000
2000,288,GHA,Ghana,454346.000000
2000,296,KIR,Kiribati,35446.000000
2000,300,GRC,Greece,99343.700000
2000,304,GRL,Greenland,159711.000000
2000,308,GRD,Grenada,1701.000000
2000,312,GLP,Guadeloupe,650.000000
2000,316,GUM,Guam,624.000000
2000,320,GTM,Guatemala,39203.000000
2000,324,GIN,Guinea,91513.000000
2000,328,GUY,Guyana,48887.000000
2000,340,HND,Honduras,15237.000000
2000,348,HUN,Hungary,7101.000000
2000,352,ISL,Iceland,2000046.000000
2000,356,IND,India,3666427.000000
2000,360,IDN,Indonesia,4157834.600000
2000,364,IRN,Iran (Islamic Republic of),383991.000000
2000,368,IRQ,Iraq,20767.000000
2000,372,IRL,Ireland,276292.000000
2000,376,ISR,Israel,5818.000000
2000,380,ITA,Italy,257955.350000
2000,384,CIV,Côte d'Ivoire,69323.000000
2000,388,JAM,Jamaica,5140.000000
2000,392,JPN,Japan,5191566.050000
2000,398,KAZ,Kazakhstan,3000.000000
2000,400,JOR,Jordan,550.000000
2000,404,KEN,Kenya,215798.911000
2000,408,PRK,Democratic People's Republic of Korea,850.000000
2000,410,KOR,Republic of Korea,1838195.000000
2000,414,KWT,Kuwait,6978.000000
2000,417,KGZ,Kyrgyzstan,0.000000
2000,422,LBN,Lebanon,3666.000000
2000,426,LSO,Lesotho,32.000000
2000,428,LVA,Latvia,136403.000000
2000,430,LBR,Liberia,11518.000000
2000,434,LBY,Libya,1963.000000
2000,440,LTU,Lithuania,78988.000000
2000,450,MDG,Madagascar,89967.000000
2000,458,MYS,Malaysia,1289317.000000
2000,462,MDV,Maldives,119373.000000
2000,466,MLI,Mali,109870.000000
2000,470,MLT,Malta,1074.000000
2000,474,MTQ,Martinique,4612.000000
2000,478,MRT,Mauritania,2669.000000
2000,480,MUS,Mauritius,9615.000000
2000,484,MEX,Mexico,1349763.405000
2000,496,MNG,Mongolia,425.000000
2000,498,MDA,Republic of Moldova,25.000000
2000,500,MSR,Montserrat,33.000000
2000,504,MAR,Morocco,914824.200000
2000,508,MOZ,Mozambique,34390.000000
2000,512,OMN,Oman,120421.000000
2000,516,NAM,Namibia,589174.000000
2000,520,NRU,Nauru,11.000000
2000,524,NPL,Nepal,16700.000000
2000,528,NLD,Netherlands (Kingdom of the),493524.000000
2000,530,ANT,Netherlands Antilles [former],18931.000000
2000,533,ABW,Aruba,163.000000
2000,540,NCL,New Caledonia,3482.400000
2000,548,VUT,Vanuatu,68599.000000
2000,554,NZL,New Zealand,553441.000000
2000,558,NIC,Nicaragua,22519.000000
2000,562,NER,Niger,16250.000000
2000,566,NGA,Nigeria,441377.000000
2000,578,NOR,Norway,2891791.000000
2000,580,MNP,Northern Mariana Islands,336.000000
2000,583,FSM,Micronesia (Federated States of),21860.000000
2000,584,MHL,Marshall Islands,7561.000000
2000,585,PLW,Palau,1271.000000
2000,586,PAK,Pakistan,598743.000000
2000,591,PAN,Panama,226596.000000
2000,598,PNG,Papua New Guinea,96608.376000
2000,604,PER,Peru,10658577.000000
2000,608,PHL,Philippines,1920017.000000
2000,616,POL,Poland,205562.000000
2000,620,PRT,Portugal,192120.000000
2000,624,GNB,Guinea-Bissau,2292.000000
2000,626,TLS,Timor-Leste,8.000000
2000,630,PRI,Puerto Rico,5454.000000
2000,634,QAT,Qatar,7140.000000
2000,638,REU,Réunion,4102.000000
2000,642,ROU,Romania,7372.000000
2000,643,RUS,Russian Federation,4027370.000000
2000,646,RWA,Rwanda,6726.000000
2000,654,SHN,"Ascension, Saint Helena and Tristan da Cunha",719.000000
2000,659,KNA,Saint Kitts and Nevis,970.000000
2000,662,LCA,Saint Lucia,2027.000000
2000,666,SPM,Saint Pierre and Miquelon,6690.000000
2000,670,VCT,Saint Vincent and the Grenadines,22799.000000
2000,678,STP,Sao Tome and Principe,1169.000000
2000,682,SAU,Saudi Arabia,49080.000000
2000,686,SEN,Senegal,435805.000000
2000,690,SYC,Seychelles,32778.000000
2000,694,SLE,Sierra Leone,74730.000000
2000,702,SGP,Singapore,5371.000000
2000,703,SVK,Slovakia,1368.000000
2000,704,VNM,Viet Nam,1049305.000000
2000,705,SVN,Slovenia,1856.000000
2000,710,ZAF,South Africa,471885.000000
2000,716,ZWE,Zimbabwe,13114.000000
2000,724,ESP,Spain,1049374.300000
2000,736,,Sudan [former],63.000000
2000,740,SUR,Suriname,13538.000000
2000,752,SWE,Sweden,338534.000000
2000,756,CHE,Switzerland,1659.000000
2000,760,SYR,Syrian Arab Republic,6572.000000
2000,762,TJK,Tajikistan,59.000000
2000,764,THA,Thailand,2997124.000000
2000,768,TGO,Togo,22277.000000
2000,776,TON,Tonga,4231.000000
2000,780,TTO,Trinidad and Tobago,14237.000000
2000,784,ARE,United Arab Emirates,105456.000000
2000,788,TUN,Tunisia,94669.830000
2000,792,TUR,Türkiye,503352.000000
2000,795,TKM,Turkmenistan,12228.000000
2000,796,TCA,Turks and Caicos Islands,6385.600000
2000,798,TUV,Tuvalu,0.000000
2000,800,UGA,Uganda,219356.000000
2000,804,UKR,Ukraine,391867.000000
2000,807,MKD,North Macedonia,208.000000
2000,818,EGY,Egypt,384314.000000
2000,826,GBR,United Kingdom of Great Britain and Northern Ireland,754478.000000
2000,831,GGY,Guernsey,1972.500000
2000,832,JEY,Jersey,1610.000000
2000,833,IMN,Isle of Man,3552.000000
2000,834,TZA,United Republic of Tanzania,327014.000000
2000,836,EAZ,"United Republic of Tanzania, Zanzibar",17922.000000
2000,840,USA,United States of America,4788532.000000
2000,850,VIR,United States Virgin Islands,33.000000
2000,854,BFA,Burkina Faso,8500.000000
2000,858,URY,Uruguay,113326.000000
2000,860,UZB,Uzbekistan,3306.000000
2000,862,VEN,Venezuela (Bolivarian Republic of),359639.000000
2000,876,WLF,Wallis and Futuna Islands,0.000000
2000,882,WSM,Samoa,7945.000000
2000,887,YEM,Yemen,42067.000000
2000,891,SCG,Serbia and Montenegro [former],1272.200000
2000,894,ZMB,Zambia,66671.000000
2000,896,,Other NEI,204603.000000
2001,008,ALB,Albania,3311.200000
2001,012,DZA,Algeria,133628.000000
2001,016,ASM,American Samoa,3667.000000
2001,024,AGO,Angola,246553.000000
2001,028,ATG,Antigua and Barbuda,1797.000000
2001,031,AZE,Azerbaijan,18219.400000
2001,032,ARG,Argentina,915545.000000
2001,036,AUS,Australia,205037.000000
2001,040,AUT,Austria,362.000000
2001,044,BHS,Bahamas,13671.000000
2001,048,BHR,Bahrain,11230.000000
2001,050,BGD,Bangladesh,1067917.000000
2001,051,ARM,Armenia,866.000000
2001,052,BRB,Barbados,2721.000000
2001,056,BEL,Belgium,30209.000000
2001,060,BMU,Bermuda,309.000000
2001,068,BOL,Bolivia (Plurinational State of),5940.000000
2001,072,BWA,Botswana,118.000000
2001,076,BRA,Brazil,730378.000000
2001,084,BLZ,Belize,30746.000000
2001,086,IOT,British Indian Ocean Territory [former],0.000000
2001,090,SLB,Solomon Islands,18523.301000
2001,092,VGB,British Virgin Islands,837.000000
2001,096,BRN,Brunei Darussalam,1597.000000
2001,100,BGR,Bulgaria,8674.000000
2001,104,MMR,Myanmar,1164280.000000
2001,108,BDI,Burundi,8964.000000
2001,112,BLR,Belarus,944.000000
2001,120,CMR,Cameroon,68531.000000
2001,124,CAN,Canada,1076924.000000
2001,132,CPV,Cabo Verde,8676.000000
2001,136,CYM,Cayman Islands,125.000000
2001,144,LKA,Sri Lanka,267550.000000
2001,152,CHL,Chile,4031799.000000
2001,156,CHN,China,290924.000000
2001,158,TWN,Taiwan Province of China,1005296.101000
2001,170,COL,Colombia,146162.000000
2001,174,COM,Comoros,11425.000000
2001,175,MYT,Mayotte,9612.000000
2001,178,COG,Congo,26101.000000
2001,180,COD,Democratic Republic of the Congo,3945.000000
2001,184,COK,Cook Islands,233.000000
2001,188,CRI,Costa Rica,33816.000000
2001,191,HRV,Croatia,18551.125000
2001,192,CUB,Cuba,54708.000000
2001,196,CYP,Cyprus,54653.000000
2001,203,CZE,Czechia,4646.000000
2001,204,BEN,Benin,8415.000000
2001,208,DNK,Denmark,1510694.000000
2001,212,DMA,Dominica,319.000000
2001,214,DOM,Dominican Republic,13217.000000
2001,218,ECU,Ecuador,586427.000000
2001,222,SLV,El Salvador,19609.000000
2001,226,GNQ,Equatorial Guinea,0.000000
2001,231,ETH,Ethiopia,15390.000000
2001,232,ERI,Eritrea,8820.000000
2001,233,EST,Estonia,105492.000000
2001,234,FRO,Faroe Islands,515909.000000
2001,238,FLK,Falkland Islands (Malvinas),68332.000000
2001,242,FJI,Fiji,43526.000000
2001,246,FIN,Finland,149977.000000
2001,250,FRA,France,671475.700000
2001,254,GUF,French Guiana,2699.000000
2001,258,PYF,French Polynesia,15189.000000
2001,260,ATF,French Southern Territories,183.000000
2001,266,GAB,Gabon,42871.000000
2001,268,GEO,Georgia,1636.000000
2001,270,GMB,Gambia,32027.000000
2001,276,DEU,Germany,192274.000000
2001,288,GHA,Ghana,450353.000000
2001,296,KIR,Kiribati,33280.000000
2001,300,GRC,Greece,94196.400000
2001,304,GRL,Greenland,158485.000000
2001,308,GRD,Grenada,2250.000000
2001,312,GLP,Guadeloupe,650.000000
2001,316,GUM,Guam,673.000000
2001,320,GTM,Guatemala,21764.000000
2001,324,GIN,Guinea,105404.000000
2001,328,GUY,Guyana,53405.000000
2001,340,HND,Honduras,18285.000000
2001,348,HUN,Hungary,6638.000000
2001,352,ISL,Iceland,2003941.000000
2001,356,IND,India,3777092.000000
2001,360,IDN,Indonesia,4335275.000000
2001,364,IRN,Iran (Islamic Republic of),351142.000000
2001,368,IRQ,Iraq,33300.000000
2001,372,IRL,Ireland,356428.000000
2001,376,ISR,Israel,5024.000000
2001,380,ITA,Italy,266247.700000
2001,384,CIV,Côte d'Ivoire,55301.000000
2001,388,JAM,Jamaica,13919.000000
2001,392,JPN,Japan,4814374.500000
2001,398,KAZ,Kazakhstan,22960.000000
2001,400,JOR,Jordan,520.000000
2001,404,KEN,Kenya,164760.324000
2001,408,PRK,Democratic People's Republic of Korea,21109.000000
2001,410,KOR,Republic of Korea,2008995.000000
2001,414,KWT,Kuwait,5846.000000
2001,417,KGZ,Kyrgyzstan,0.000000
2001,422,LBN,Lebanon,3670.000000
2001,426,LSO,Lesotho,24.000000
2001,428,LVA,Latvia,128176.000000
2001,430,LBR,Liberia,10496.000000
2001,434,LBY,Libya,2190.000000
2001,440,LTU,Lithuania,150831.000000
2001,450,MDG,Madagascar,93415.000000
2001,454,MWI,Malawi,40619.000000
2001,458,MYS,Malaysia,1234780.000000
2001,462,MDV,Maldives,127636.000000
2001,470,MLT,Malta,902.000000
2001,474,MTQ,Martinique,4710.000000
2001,478,MRT,Mauritania,3368.000000
2001,480,MUS,Mauritius,10986.000000
2001,484,MEX,Mexico,1445503.000000
2001,496,MNG,Mongolia,290.000000
2001,498,MDA,Republic of Moldova,28.000000
2001,500,MSR,Montserrat,32.000000
2001,504,MAR,Morocco,1106101.900000
2001,508,MOZ,Mozambique,28416.000000
2001,512,OMN,Oman,129907.000000
2001,516,NAM,Namibia,546777.000000
2001,520,NRU,Nauru,13.000000
2001,524,NPL,Nepal,16700.000000
2001,528,NLD,Netherlands (Kingdom of the),515963.000000
2001,530,ANT,Netherlands Antilles [former],21955.000000
2001,533,ABW,Aruba,163.000000
2001,540,NCL,New Caledonia,3499.000000
2001,548,VUT,Vanuatu,34226.000000
2001,554,NZL,New Zealand,569836.000000
2001,558,NIC,Nicaragua,20033.000000
2001,562,NER,Niger,20800.000000
2001,566,NGA,Nigeria,452146.000000
2001,578,NOR,Norway,2861602.000000
2001,580,MNP,Northern Mariana Islands,406.000000
2001,583,FSM,Micronesia (Federated States of),17771.000000
2001,584,MHL,Marshall Islands,35779.000000
2001,585,PLW,Palau,1084.000000
2001,586,PAK,Pakistan,540804.000000
2001,591,PAN,Panama,275549.000000
2001,598,PNG,Papua New Guinea,111764.881000
2001,604,PER,Peru,7991712.000000
2001,608,PHL,Philippines,1961552.000000
2001,616,POL,Poland,212029.000000
2001,620,PRT,Portugal,194464.000000
2001,624,GNB,Guinea-Bissau,2715.000000
2001,626,TLS,Timor-Leste,8.000000
2001,630,PRI,Puerto Rico,5043.000000
2001,634,QAT,Qatar,8864.000000
2001,638,REU,Réunion,3906.000000
2001,642,ROU,Romania,7609.000000
2001,643,RUS,Russian Federation,3638827.000000
2001,646,RWA,Rwanda,6828.000000
2001,654,SHN,"Ascension, Saint Helena and Tristan da Cunha",867.000000
2001,659,KNA,Saint Kitts and Nevis,1039.000000
2001,662,LCA,Saint Lucia,2160.000000
2001,666,SPM,Saint Pierre and Miquelon,4206.000000
2001,670,VCT,Saint Vincent and the Grenadines,31944.000000
2001,678,STP,Sao Tome and Principe,3692.000000
2001,682,SAU,Saudi Arabia,55331.000000
2001,686,SEN,Senegal,383752.000000
2001,690,SYC,Seychelles,53591.000000
2001,694,SLE,Sierra Leone,61210.000000
2001,702,SGP,Singapore,3342.000000
2001,703,SVK,Slovakia,1531.000000
2001,704,VNM,Viet Nam,1395285.000000
2001,705,SVN,Slovenia,1827.000000
2001,710,ZAF,South Africa,781817.000000
2001,724,ESP,Spain,1080496.600000
2001,736,,Sudan [former],58007.500000
2001,740,SUR,Suriname,28557.000000
2001,752,SWE,Sweden,311817.000000
2001,756,CHE,Switzerland,1715.000000
2001,760,SYR,Syrian Arab Republic,8291.000000
2001,762,TJK,Tajikistan,137.000000
2001,764,THA,Thailand,2833974.000000
2001,768,TGO,Togo,23163.000000
2001,776,TON,Tonga,4947.000000
2001,780,TTO,Trinidad and Tobago,16598.000000
2001,784,ARE,United Arab Emirates,110826.000000
2001,788,TUN,Tunisia,97525.097000
2001,792,TUR,Türkiye,527736.000000
2001,795,TKM,Turkmenistan,12749.000000
2001,796,TCA,Turks and Caicos Islands,5787.500000
2001,798,TUV,Tuvalu,0.000000
2001,800,UGA,Uganda,220726.000000
2001,804,UKR,Ukraine,310978.000000
2001,807,MKD,North Macedonia,128.000000
2001,818,EGY,Egypt,428633.000000
2001,826,GBR,United Kingdom of Great Britain and Northern Ireland,769481.000000
2001,831,GGY,Guernsey,1933.800000
2001,832,JEY,Jersey,1992.600000
2001,833,IMN,Isle of Man,3112.000000
2001,834,TZA,United Republic of Tanzania,336987.743000
2001,836,EAZ,"United Republic of Tanzania, Zanzibar",20541.000000
2001,840,USA,United States of America,5006556.000000
2001,850,VIR,United States Virgin Islands,38.000000
2001,854,BFA,Burkina Faso,8500.000000
2001,858,URY,Uruguay,104982.000000
2001,860,UZB,Uzbekistan,2314.000000
2001,862,VEN,Venezuela (Bolivarian Republic of),468103.000000
2001,876,WLF,Wallis and Futuna Islands,0.000000
2001,882,WSM,Samoa,6749.000000
2001,887,YEM,Yemen,46429.000000
2001,891,SCG,Serbia and Montenegro [former],1093.285000
2001,894,ZMB,Zambia,63000.000000
2001,896,,Other NEI,164029.000000
2002,008,ALB,Albania,3656.800000
2002,012,DZA,Algeria,134324.800000
2002,016,ASM,American Samoa,6939.000000
2002,024,AGO,Angola,246443.000000
2002,028,ATG,Antigua and Barbuda,2343.000000
2002,031,AZE,Azerbaijan,21292.300000
2002,032,ARG,Argentina,927711.000000
2002,036,AUS,Australia,207296.000000
2002,040,AUT,Austria,350.000000
2002,044,BHS,Bahamas,15675.000000
2002,048,BHR,Bahrain,11204.000000
2002,050,BGD,Bangladesh,1102855.000000
2002,051,ARM,Armenia,465.000000
2002,052,BRB,Barbados,2520.000000
2002,056,BEL,Belgium,29028.000000
2002,060,BMU,Bermuda,397.000000
2002,068,BOL,Bolivia (Plurinational State of),197.000000
2002,072,BWA,Botswana,139.000000
2002,076,BRA,Brazil,755582.000000
2002,084,BLZ,Belize,84360.000000
2002,086,IOT,British Indian Ocean Territory [former],28.000000
2002,090,SLB,Solomon Islands,19237.465000
2002,092,VGB,British Virgin Islands,1062.000000
2002,096,BRN,Brunei Darussalam,2058.000000
2002,100,BGR,Bulgaria,15008.000000
2002,104,MMR,Myanmar,1261040.000000
2002,112,BLR,Belarus,1020.000000
2002,120,CMR,Cameroon,120135.000000
2002,124,CAN,Canada,1105841.000000
2002,132,CPV,Cabo Verde,8851.000000
2002,136,CYM,Cayman Islands,125.000000
2002,144,LKA,Sri Lanka,272602.000000
2002,152,CHL,Chile,4515437.000000
2002,156,CHN,China,353457.000000
2002,158,TWN,Taiwan Province of China,1042914.368000
2002,170,COL,Colombia,124797.000000
2002,174,COM,Comoros,11178.000000
2002,175,MYT,Mayotte,4756.000000
2002,178,COG,Congo,29494.000000
2002,180,COD,Democratic Republic of the Congo,3890.000000
2002,184,COK,Cook Islands,874.000000
2002,188,CRI,Costa Rica,32895.000000
2002,191,HRV,Croatia,21235.539000
2002,192,CUB,Cuba,32586.000000
2002,196,CYP,Cyprus,141019.000000
2002,203,CZE,Czechia,4983.000000
2002,204,BEN,Benin,10670.000000
2002,208,DNK,Denmark,1442348.000000
2002,212,DMA,Dominica,1198.000000
2002,214,DOM,Dominican Republic,17261.000000
2002,218,ECU,Ecuador,311517.000000
2002,222,SLV,El Salvador,35943.000000
2002,226,GNQ,Equatorial Guinea,0.000000
2002,231,ETH,Ethiopia,12300.000000
2002,232,ERI,Eritrea,7832.000000
2002,233,EST,Estonia,102365.000000
2002,234,FRO,Faroe Islands,525991.000000
2002,238,FLK,Falkland Islands (Malvinas),53261.000000
2002,242,FJI,Fiji,12099.000000
2002,246,FIN,Finland,142302.000000
2002,250,FRA,France,698930.600000
2002,254,GUF,French Guiana,3082.000000
2002,258,PYF,French Polynesia,15287.891000
2002,260,ATF,French Southern Territories,334.000000
2002,266,GAB,Gabon,41570.000000
2002,268,GEO,Georgia,1811.000000
2002,270,GMB,Gambia,34905.000000
2002,275,PSE,Palestine,2379.000000
2002,276,DEU,Germany,205444.000000
2002,288,GHA,Ghana,375182.000000
2002,296,KIR,Kiribati,36694.000000
2002,300,GRC,Greece,96078.900000
2002,304,GRL,Greenland,195624.000000
2002,308,GRD,Grenada,2171.000000
2002,312,GLP,Guadeloupe,650.000000
2002,316,GUM,Guam,435.000000
2002,320,GTM,Guatemala,17417.000000
2002,324,GIN,Guinea,88754.000000
2002,328,GUY,Guyana,48017.000000
2002,340,HND,Honduras,10695.000000
2002,348,HUN,Hungary,6750.000000
2002,352,ISL,Iceland,2149508.000000
2002,356,IND,India,3745353.000000
2002,360,IDN,Indonesia,4404241.000000
2002,364,IRN,Iran (Islamic Republic of),324838.000000
2002,368,IRQ,Iraq,26000.000000
2002,372,IRL,Ireland,282620.000000
2002,376,ISR,Israel,5043.000000
2002,380,ITA,Italy,269901.100000
2002,384,CIV,Côte d'Ivoire,69870.000000
2002,388,JAM,Jamaica,14492.000000
2002,392,JPN,Japan,3937738.240000
2002,398,KAZ,Kazakhstan,24668.000000
2002,400,JOR,Jordan,526.000000
2002,404,KEN,Kenya,145164.334000
2002,408,PRK,Democratic People's Republic of Korea,0.000000
2002,410,KOR,Republic of Korea,1694021.000000
2002,414,KWT,Kuwait,5360.000000
2002,417,KGZ,Kyrgyzstan,0.000000
2002,422,LBN,Lebanon,3970.000000
2002,426,LSO,Lesotho,40.000000
2002,428,LVA,Latvia,117553.000000
2002,430,LBR,Liberia,7042.000000
2002,434,LBY,Libya,4708.000000
2002,440,LTU,Lithuania,150146.000000
2002,450,MDG,Madagascar,99125.000000
2002,454,MWI,Malawi,41329.000000
2002,458,MYS,Malaysia,1275573.000000
2002,462,MDV,Maldives,163770.000000
2002,470,MLT,Malta,1085.000000
2002,474,MTQ,Martinique,4718.000000
2002,478,MRT,Mauritania,2634.000000
2002,480,MUS,Mauritius,10706.000000
2002,484,MEX,Mexico,1481136.880000
2002,496,MNG,Mongolia,263.000000
2002,498,MDA,Republic of Moldova,38.000000
2002,500,MSR,Montserrat,32.000000
2002,504,MAR,Morocco,969539.600000
2002,508,MOZ,Mozambique,30045.000000
2002,512,OMN,Oman,142669.000000
2002,516,NAM,Namibia,624068.000000
2002,520,NRU,Nauru,20.000000
2002,524,NPL,Nepal,17900.000000
2002,528,NLD,Netherlands (Kingdom of the),464036.000000
2002,530,ANT,Netherlands Antilles [former],12051.000000
2002,533,ABW,Aruba,0.000000
2002,540,NCL,New Caledonia,2846.900000
2002,548,VUT,Vanuatu,43118.000000
2002,554,NZL,New Zealand,588649.000000
2002,558,NIC,Nicaragua,19558.000000
2002,562,NER,Niger,23560.000000
2002,566,NGA,Nigeria,481056.000000
2002,578,NOR,Norway,2922616.000000
2002,580,MNP,Northern Mariana Islands,296.000000
2002,583,FSM,Micronesia (Federated States of),20726.000000
2002,584,MHL,Marshall Islands,38957.000000
2002,585,PLW,Palau,1027.000000
2002,586,PAK,Pakistan,534670.000000
2002,591,PAN,Panama,255279.000000
2002,598,PNG,Papua New Guinea,128100.417000
2002,604,PER,Peru,8771365.000000
2002,608,PHL,Philippines,2045093.000000
2002,616,POL,Poland,209405.000000
2002,620,PRT,Portugal,203418.000000
2002,624,GNB,Guinea-Bissau,3020.000000
2002,626,TLS,Timor-Leste,0.000000
2002,630,PRI,Puerto Rico,3237.000000
2002,634,QAT,Qatar,7155.000000
2002,638,REU,Réunion,2898.000000
2002,642,ROU,Romania,6980.000000
2002,643,RUS,Russian Federation,3244064.000000
2002,654,SHN,"Ascension, Saint Helena and Tristan da Cunha",598.000000
2002,659,KNA,Saint Kitts and Nevis,949.000000
2002,662,LCA,Saint Lucia,1895.000000
2002,666,SPM,Saint Pierre and Miquelon,3889.000000
2002,670,VCT,Saint Vincent and the Grenadines,45206.000000
2002,678,STP,Sao Tome and Principe,3820.000000
2002,682,SAU,Saudi Arabia,57211.000000
2002,686,SEN,Senegal,355040.000000
2002,690,SYC,Seychelles,63383.000000
2002,694,SLE,Sierra Leone,68990.000000
2002,702,SGP,Singapore,2769.000000
2002,703,SVK,Slovakia,1746.000000
2002,704,VNM,Viet Nam,1696383.000000
2002,705,SVN,Slovenia,1686.000000
2002,710,ZAF,South Africa,766164.000000
2002,724,ESP,Spain,874440.800000
2002,736,,Sudan [former],57007.500000
2002,740,SUR,Suriname,16985.000000
2002,752,SWE,Sweden,294964.000000
2002,756,CHE,Switzerland,1544.000000
2002,760,SYR,Syrian Arab Republic,9178.000000
2002,762,TJK,Tajikistan,181.000000
2002,764,THA,Thailand,2842428.000000
2002,768,TGO,Togo,20946.000000
2002,772,TKL,Tokelau,8.000000
2002,776,TON,Tonga,5260.000000
2002,780,TTO,Trinidad and Tobago,18768.000000
2002,784,ARE,United Arab Emirates,97574.000000
2002,788,TUN,Tunisia,96719.571000
2002,792,TUR,Türkiye,566682.000000
2002,795,TKM,Turkmenistan,12812.000000
2002,796,TCA,Turks and Caicos Islands,5124.700000
2002,798,TUV,Tuvalu,0.000000
2002,800,UGA,Uganda,221898.000000
2002,804,UKR,Ukraine,265746.000000
2002,807,MKD,North Macedonia,148.000000
2002,818,EGY,Egypt,425162.000000
2002,826,GBR,United Kingdom of Great Britain and Northern Ireland,728987.000000
2002,831,GGY,Guernsey,1607.000000
2002,832,JEY,Jersey,1784.900000
2002,833,IMN,Isle of Man,3127.000000
2002,834,TZA,United Republic of Tanzania,329057.000000
2002,836,EAZ,"United Republic of Tanzania, Zanzibar",20341.000000
2002,840,USA,United States of America,4998490.000000
2002,850,VIR,United States Virgin Islands,46.000000
2002,854,BFA,Burkina Faso,8500.000000
2002,858,URY,Uruguay,108102.000000
2002,860,UZB,Uzbekistan,1564.000000
2002,862,VEN,Venezuela (Bolivarian Republic of),509739.000000
2002,876,WLF,Wallis and Futuna Islands,0.000000
2002,882,WSM,Samoa,9219.000000
2002,887,YEM,Yemen,46109.000000
2002,891,SCG,Serbia and Montenegro [former],1588.075000
2002,894,ZMB,Zambia,63000.000000
2002,896,,Other NEI,183868.000000
2003,008,ALB,Albania,1536.600000
2003,012,DZA,Algeria,140959.000000
2003,016,ASM,American Samoa,5089.000000
2003,024,AGO,Angola,212033.000000
2003,028,ATG,Antigua and Barbuda,2541.000000
2003,031,AZE,Azerbaijan,22348.850000
2003,032,ARG,Argentina,883604.000000
2003,036,AUS,Australia,224350.230000
2003,040,AUT,Austria,372.000000
2003,044,BHS,Bahamas,16724.000000
2003,048,BHR,Bahrain,13638.000000
2003,050,BGD,Bangladesh,1139741.000000
2003,051,ARM,Armenia,569.000000
2003,052,BRB,Barbados,2838.000000
2003,056,BEL,Belgium,26831.000000
2003,060,BMU,Bermuda,363.000000
2003,068,BOL,Bolivia (Plurinational State of),6599.000000
2003,072,BWA,Botswana,122.000000
2003,076,BRA,Brazil,712144.000000
2003,084,BLZ,Belize,43358.000000
2003,086,IOT,British Indian Ocean Territory [former],28.000000
2003,090,SLB,Solomon Islands,27684.120000
2003,092,VGB,British Virgin Islands,2771.000000
2003,096,BRN,Brunei Darussalam,1789.000000
2003,100,BGR,Bulgaria,12035.000000
2003,104,MMR,Myanmar,1320860.000000
2003,108,BDI,Burundi,14697.000000
2003,112,BLR,Belarus,803.000000
2003,120,CMR,Cameroon,107801.000000
2003,124,CAN,Canada,1153788.000000
2003,132,CPV,Cabo Verde,8136.000000
2003,136,CYM,Cayman Islands,125.000000
2003,144,LKA,Sri Lanka,319759.200000
2003,148,TCD,Chad,71000.000000
2003,152,CHL,Chile,3921103.000000
2003,156,CHN,China,373941.000000
2003,158,TWN,Taiwan Province of China,1135684.129000
2003,170,COL,Colombia,130145.000000
2003,174,COM,Comoros,11053.000000
2003,175,MYT,Mayotte,3464.000000
2003,178,COG,Congo,53865.000000
2003,180,COD,Democratic Republic of the Congo,4010.000000
2003,184,COK,Cook Islands,2754.000000
2003,188,CRI,Costa Rica,29406.000000
2003,191,HRV,Croatia,19957.036000
2003,192,CUB,Cuba,34088.000000
2003,196,CYP,Cyprus,47690.000000
2003,203,CZE,Czechia,5127.000000
2003,204,BEN,Benin,11648.000000
2003,208,DNK,Denmark,1031221.000000
2003,212,DMA,Dominica,297.000000
2003,214,DOM,Dominican Republic,18097.000000
2003,218,ECU,Ecuador,392251.000000
2003,222,SLV,El Salvador,35484.000000
2003,226,GNQ,Equatorial Guinea,0.000000
2003,231,ETH,Ethiopia,9213.000000
2003,232,ERI,Eritrea,6689.000000
2003,233,EST,Estonia,80208.000000
2003,234,FRO,Faroe Islands,620991.000000
2003,238,FLK,Falkland Islands (Malvinas),74898.000000
2003,242,FJI,Fiji,36237.800000
2003,246,FIN,Finland,121874.000000
2003,250,FRA,France,706124.500000
2003,254,GUF,French Guiana,3565.000000
2003,258,PYF,French Polynesia,7014.000000
2003,260,ATF,French Southern Territories,383.000000
2003,266,GAB,Gabon,45479.000000
2003,268,GEO,Georgia,3306.000000
2003,270,GMB,Gambia,34366.000000
2003,275,PSE,Palestine,1507.000000
2003,276,DEU,Germany,241859.000000
2003,288,GHA,Ghana,393547.000000
2003,296,KIR,Kiribati,33712.000000
2003,300,GRC,Greece,93781.400000
2003,304,GRL,Greenland,175321.000000
2003,308,GRD,Grenada,2544.000000
2003,312,GLP,Guadeloupe,150.000000
2003,316,GUM,Guam,456.000000
2003,320,GTM,Guatemala,18516.000000
2003,324,GIN,Guinea,115925.000000
2003,328,GUY,Guyana,59695.000000
2003,332,HTI,Haiti,6300.000000
2003,340,HND,Honduras,12732.000000
2003,344,HKG,"China, Hong Kong SAR",0.000000
2003,348,HUN,Hungary,6536.000000
2003,352,ISL,Iceland,2008658.000000
2003,356,IND,India,3720899.000000
2003,360,IDN,Indonesia,4698678.000000
2003,364,IRN,Iran (Islamic Republic of),350123.000000
2003,368,IRQ,Iraq,17200.000000
2003,372,IRL,Ireland,266218.000000
2003,376,ISR,Israel,4055.000000
2003,380,ITA,Italy,295699.800000
2003,384,CIV,Côte d'Ivoire,39391.000000
2003,388,JAM,Jamaica,12082.000000
2003,392,JPN,Japan,4800065.744000
2003,398,KAZ,Kazakhstan,25195.000000
2003,400,JOR,Jordan,481.000000
2003,404,KEN,Kenya,120532.000000
2003,408,PRK,Democratic People's Republic of Korea,0.000000
2003,410,KOR,Republic of Korea,1661787.000000
2003,414,KWT,Kuwait,4060.000000
2003,417,KGZ,Kyrgyzstan,1.000000
2003,422,LBN,Lebanon,3898.000000
2003,426,LSO,Lesotho,42.000000
2003,428,LVA,Latvia,114543.000000
2003,430,LBR,Liberia,6864.000000
2003,434,LBY,Libya,4329.000000
2003,440,LTU,Lithuania,157205.000000
2003,450,MDG,Madagascar,99070.000000
2003,454,MWI,Malawi,53543.000000
2003,458,MYS,Malaysia,1287041.000000
2003,462,MDV,Maldives,156132.000000
2003,470,MLT,Malta,1138.000000
2003,474,MTQ,Martinique,4726.000000
2003,478,MRT,Mauritania,0.000000
2003,480,MUS,Mauritius,10968.000000
2003,484,MEX,Mexico,1386469.052000
2003,496,MNG,Mongolia,382.000000
2003,498,MDA,Republic of Moldova,58.000000
2003,500,MSR,Montserrat,34.000000
2003,504,MAR,Morocco,929778.600000
2003,508,MOZ,Mozambique,78764.000000
2003,512,OMN,Oman,138481.000000
2003,516,NAM,Namibia,635707.000000
2003,520,NRU,Nauru,42.000000
2003,524,NPL,Nepal,18888.000000
2003,528,NLD,Netherlands (Kingdom of the),524131.000000
2003,530,ANT,Netherlands Antilles [former],19549.000000
2003,533,ABW,Aruba,0.000000
2003,540,NCL,New Caledonia,3552.500000
2003,548,VUT,Vanuatu,112117.000000
2003,554,NZL,New Zealand,550929.000000
2003,558,NIC,Nicaragua,15654.000000
2003,562,NER,Niger,55860.000000
2003,566,NGA,Nigeria,475162.000000
2003,578,NOR,Norway,2701562.000000
2003,580,MNP,Northern Mariana Islands,172.000000
2003,583,FSM,Micronesia (Federated States of),30953.000000
2003,584,MHL,Marshall Islands,37882.000000
2003,585,PLW,Palau,170.000000
2003,586,PAK,Pakistan,499366.000000
2003,591,PAN,Panama,229114.000000
2003,598,PNG,Papua New Guinea,163828.565000
2003,604,PER,Peru,6093924.000000
2003,608,PHL,Philippines,2184208.000000
2003,616,POL,Poland,165361.000000
2003,620,PRT,Portugal,212817.000000
2003,624,GNB,Guinea-Bissau,2037.000000
2003,626,TLS,Timor-Leste,0.000000
2003,630,PRI,Puerto Rico,3786.000000
2003,634,QAT,Qatar,11295.000000
2003,638,REU,Réunion,2903.000000
2003,642,ROU,Romania,9890.000000
2003,643,RUS,Russian Federation,3291224.000000
2003,646,RWA,Rwanda,7400.000000
2003,654,SHN,"Ascension, Saint Helena and Tristan da Cunha",985.000000
2003,659,KNA,Saint Kitts and Nevis,570.000000
2003,662,LCA,Saint Lucia,1668.000000
2003,666,SPM,Saint Pierre and Miquelon,3894.000000
2003,670,VCT,Saint Vincent and the Grenadines,36667.000000
2003,678,STP,Sao Tome and Principe,4005.000000
2003,682,SAU,Saudi Arabia,55440.000000
2003,686,SEN,Senegal,430784.000000
2003,690,SYC,Seychelles,86020.000000
2003,694,SLE,Sierra Leone,82926.000000
2003,702,SGP,Singapore,2085.000000
2003,703,SVK,Slovakia,1646.000000
2003,704,VNM,Viet Nam,1543883.000000
2003,705,SVN,Slovenia,1282.000000
2003,710,ZAF,South Africa,839724.000000
2003,716,ZWE,Zimbabwe,8000.000000
2003,724,ESP,Spain,882686.400000
2003,740,SUR,Suriname,35594.000000
2003,752,SWE,Sweden,286875.000000
2003,756,CHE,Switzerland,1815.000000
2003,760,SYR,Syrian Arab Republic,8911.000000
2003,762,TJK,Tajikistan,158.000000
2003,764,THA,Thailand,2849670.000000
2003,768,TGO,Togo,27485.000000
2003,772,TKL,Tokelau,3.000000
2003,776,TON,Tonga,4754.000000
2003,780,TTO,Trinidad and Tobago,14592.000000
2003,784,ARE,United Arab Emirates,95150.000000
2003,788,TUN,Tunisia,90254.121000
2003,792,TUR,Türkiye,507772.000000
2003,795,TKM,Turkmenistan,14543.000000
2003,796,TCA,Turks and Caicos Islands,5681.000000
2003,798,TUV,Tuvalu,1500.000000
2003,800,UGA,Uganda,241810.000000
2003,804,UKR,Ukraine,257628.000000
2003,807,MKD,North Macedonia,162.000000
2003,818,EGY,Egypt,431123.000000
2003,826,GBR,United Kingdom of Great Britain and Northern Ireland,643819.002000
2003,831,GGY,Guernsey,1775.000000
2003,832,JEY,Jersey,1747.200000
2003,833,IMN,Isle of Man,2984.000000
2003,834,TZA,United Republic of Tanzania,352189.747000
2003,836,EAZ,"United Republic of Tanzania, Zanzibar",20859.000000
2003,840,USA,United States of America,4986926.000000
2003,850,VIR,United States Virgin Islands,1867.000000
2003,854,BFA,Burkina Faso,9000.000000
2003,858,URY,Uruguay,117269.000000
2003,860,UZB,Uzbekistan,1349.000000
2003,862,VEN,Venezuela (Bolivarian Republic of),503840.000000
2003,876,WLF,Wallis and Futuna Islands,359.123000
2003,882,WSM,Samoa,3002.000000
2003,887,YEM,Yemen,47591.000000
2003,891,SCG,Serbia and Montenegro [former],1801.060000
2003,894,ZMB,Zambia,66332.000000
2003,896,,Other NEI,173790.000000
2004,008,ALB,Albania,4549.500000
2004,012,DZA,Algeria,113464.200000
2004,016,ASM,American Samoa,4041.000000
2004,024,AGO,Angola,230002.000000
2004,028,ATG,Antigua and Barbuda,2473.000000
2004,031,AZE,Azerbaijan,23860.150000
2004,032,ARG,Argentina,944846.000000
2004,036,AUS,Australia,243359.049000
2004,040,AUT,Austria,400.000000
2004,044,BHS,Bahamas,15164.000000
2004,048,BHR,Bahrain,14489.000000
2004,050,BGD,Bangladesh,1187274.000000
2004,051,ARM,Armenia,218.000000
2004,052,BRB,Barbados,2148.000000
2004,056,BEL,Belgium,26735.000000
2004,060,BMU,Bermuda,386.000000
2004,068,BOL,Bolivia (Plurinational State of),6436.000000
2004,072,BWA,Botswana,161.000000
2004,076,BRA,Brazil,746217.000000
2004,084,BLZ,Belize,70046.000000
2004,086,IOT,British Indian Ocean Territory [former],28.000000
2004,090,SLB,Solomon Islands,25030.551000
2004,092,VGB,British Virgin Islands,1262.000000
2004,096,BRN,Brunei Darussalam,1923.000000
2004,100,BGR,Bulgaria,8252.000000
2004,104,MMR,Myanmar,1563900.000000
2004,108,BDI,Burundi,13855.000000
2004,112,BLR,Belarus,583.000000
2004,120,CMR,Cameroon,0.000000
2004,124,CAN,Canada,1213644.000000
2004,132,CPV,Cabo Verde,11031.000000
2004,136,CYM,Cayman Islands,125.000000
2004,144,LKA,Sri Lanka,332854.400000
2004,148,TCD,Chad,74000.000000
2004,152,CHL,Chile,5317385.000000
2004,156,CHN,China,421048.000000
2004,158,TWN,Taiwan Province of China,980362.173000
2004,170,COL,Colombia,112490.000000
2004,174,COM,Comoros,10987.000000
2004,175,MYT,Mayotte,2306.000000
2004,178,COG,Congo,57024.000000
2004,180,COD,Democratic Republic of the Congo,3980.000000
2004,184,COK,Cook Islands,4069.000000
2004,188,CRI,Costa Rica,19850.000000
2004,191,HRV,Croatia,30172.121000
2004,192,CUB,Cuba,32194.000000
2004,196,CYP,Cyprus,78684.000000
2004,203,CZE,Czechia,4528.000000
2004,204,BEN,Benin,11788.000000
2004,208,DNK,Denmark,1090596.000000
2004,212,DMA,Dominica,182.000000
2004,214,DOM,Dominican Republic,14223.000000
2004,218,ECU,Ecuador,350430.000000
2004,222,SLV,El Salvador,42415.000000
2004,226,GNQ,Equatorial Guinea,0.000000
2004,231,ETH,Ethiopia,10005.000000
2004,232,ERI,Eritrea,7404.000000
2004,233,EST,Estonia,88625.000000
2004,234,FRO,Faroe Islands,599386.000000
2004,238,FLK,Falkland Islands (Malvinas),55369.000000
2004,242,FJI,Fiji,48532.660000
2004,246,FIN,Finland,135422.000000
2004,250,FRA,France,662047.200000
2004,254,GUF,French Guiana,3364.000000
2004,258,PYF,French Polynesia,7205.000000
2004,260,ATF,French Southern Territories,183.000000
2004,266,GAB,Gabon,46072.000000
2004,268,GEO,Georgia,11988.000000
2004,270,GMB,Gambia,29317.000000
2004,275,PSE,Palestine,2951.000000
2004,276,DEU,Germany,243095.000000
2004,288,GHA,Ghana,345243.403000
2004,296,KIR,Kiribati,6662.000000
2004,300,GRC,Greece,93891.400000
2004,304,GRL,Greenland,212988.000000
2004,308,GRD,Grenada,2039.000000
2004,312,GLP,Guadeloupe,150.000000
2004,316,GUM,Guam,532.000000
2004,320,GTM,Guatemala,5662.000000
2004,324,GIN,Guinea,90730.000000
2004,328,GUY,Guyana,56719.000000
2004,340,HND,Honduras,13143.000000
2004,344,HKG,"China, Hong Kong SAR",0.000000
2004,348,HUN,Hungary,7242.000000
2004,352,ISL,Iceland,1755172.000000
2004,356,IND,India,3391009.001000
2004,360,IDN,Indonesia,4739638.000000
2004,364,IRN,Iran (Islamic Republic of),369990.000000
2004,368,IRQ,Iraq,12936.000000
2004,372,IRL,Ireland,308770.000000
2004,376,ISR,Israel,3340.000000
2004,380,ITA,Italy,287089.300000
2004,384,CIV,Côte d'Ivoire,49412.000000
2004,388,JAM,Jamaica,13071.000000
2004,392,JPN,Japan,4451151.710000
2004,398,KAZ,Kazakhstan,33306.000000
2004,400,JOR,Jordan,494.000000
2004,404,KEN,Kenya,127297.074000
2004,408,PRK,Democratic People's Republic of Korea,0.000000
2004,410,KOR,Republic of Korea,1589746.000000
2004,414,KWT,Kuwait,5061.000000
2004,417,KGZ,Kyrgyzstan,0.000000
2004,422,LBN,Lebanon,3866.000000
2004,426,LSO,Lesotho,45.000000
2004,428,LVA,Latvia,125391.000000
2004,430,LBR,Liberia,10525.000000
2004,434,LBY,Libya,3701.000000
2004,440,LTU,Lithuania,161988.000000
2004,450,MDG,Madagascar,102616.000000
2004,454,MWI,Malawi,56463.000000
2004,458,MYS,Malaysia,1335691.000000
2004,462,MDV,Maldives,158528.000000
2004,470,MLT,Malta,1138.000000
2004,474,MTQ,Martinique,834.000000
2004,478,MRT,Mauritania,155875.000000
2004,480,MUS,Mauritius,9971.000000
2004,484,MEX,Mexico,1289156.426000
2004,496,MNG,Mongolia,305.000000
2004,498,MDA,Republic of Moldova,85.000000
2004,500,MSR,Montserrat,31.000000
2004,504,MAR,Morocco,931280.700000
2004,508,MOZ,Mozambique,81438.000000
2004,512,OMN,Oman,165016.000000
2004,516,NAM,Namibia,568699.000000
2004,520,NRU,Nauru,16.000000
2004,524,NPL,Nepal,19947.000000
2004,528,NLD,Netherlands (Kingdom of the),519536.000000
2004,530,ANT,Netherlands Antilles [former],16686.000000
2004,533,ABW,Aruba,162.000000
2004,540,NCL,New Caledonia,3853.000000
2004,548,VUT,Vanuatu,210736.630000
2004,554,NZL,New Zealand,546072.000000
2004,558,NIC,Nicaragua,19668.000000
2004,562,NER,Niger,51466.000000
2004,566,NGA,Nigeria,465251.000000
2004,570,NIU,Niue,6.000000
2004,578,NOR,Norway,2672699.000000
2004,580,MNP,Northern Mariana Islands,169.000000
2004,583,FSM,Micronesia (Federated States of),28572.000000
2004,584,MHL,Marshall Islands,46684.000000
2004,585,PLW,Palau,202.000000
2004,586,PAK,Pakistan,494829.000000
2004,591,PAN,Panama,214374.000000
2004,598,PNG,Papua New Guinea,229499.371000
2004,604,PER,Peru,9611945.000000
2004,608,PHL,Philippines,2235028.000000
2004,616,POL,Poland,176069.000000
2004,620,PRT,Portugal,222556.000000
2004,624,GNB,Guinea-Bissau,0.000000
2004,626,TLS,Timor-Leste,0.000000
2004,630,PRI,Puerto Rico,3342.000000
2004,634,QAT,Qatar,11134.000000
2004,638,REU,Réunion,3373.000000
2004,642,ROU,Romania,5095.000000
2004,643,RUS,Russian Federation,2953369.000000
2004,646,RWA,Rwanda,7826.000000
2004,654,SHN,"Ascension, Saint Helena and Tristan da Cunha",1061.000000
2004,659,KNA,Saint Kitts and Nevis,1111.000000
2004,662,LCA,Saint Lucia,1706.000000
2004,666,SPM,Saint Pierre and Miquelon,4399.000000
2004,670,VCT,Saint Vincent and the Grenadines,78315.000000
2004,678,STP,Sao Tome and Principe,4141.000000
2004,682,SAU,Saudi Arabia,55418.000000
2004,686,SEN,Senegal,400398.000000
2004,690,SYC,Seychelles,100671.000000
2004,694,SLE,Sierra Leone,120440.000000
2004,702,SGP,Singapore,2173.000000
2004,703,SVK,Slovakia,1603.000000
2004,704,VNM,Viet Nam,1695464.000000
2004,705,SVN,Slovenia,1023.000000
2004,710,ZAF,South Africa,910831.000000
2004,724,ESP,Spain,805738.300000
2004,740,SUR,Suriname,32872.000000
2004,752,SWE,Sweden,269930.000000
2004,756,CHE,Switzerland,1602.000000
2004,760,SYR,Syrian Arab Republic,8528.000000
2004,762,TJK,Tajikistan,184.000000
2004,764,THA,Thailand,2839669.000000
2004,768,TGO,Togo,28013.000000
2004,772,TKL,Tokelau,3.000000
2004,776,TON,Tonga,3352.000000
2004,780,TTO,Trinidad and Tobago,14713.000000
2004,784,ARE,United Arab Emirates,11142.000000
2004,788,TUN,Tunisia,110363.672000
2004,792,TUR,Türkiye,550482.000000
2004,795,TKM,Turkmenistan,14992.000000
2004,796,TCA,Turks and Caicos Islands,5506.000000
2004,798,TUV,Tuvalu,2000.000000
2004,800,UGA,Uganda,371789.000000
2004,804,UKR,Ukraine,222272.008000
2004,807,MKD,North Macedonia,213.000000
2004,818,EGY,Egypt,393494.000000
2004,826,GBR,United Kingdom of Great Britain and Northern Ireland,654495.000000
2004,831,GGY,Guernsey,1727.500000
2004,832,JEY,Jersey,1473.700000
2004,833,IMN,Isle of Man,2627.000000
2004,834,TZA,United Republic of Tanzania,364244.680000
2004,836,EAZ,"United Republic of Tanzania, Zanzibar",23488.000000
2004,840,USA,United States of America,4992380.000000
2004,850,VIR,United States Virgin Islands,1970.000000
2004,858,URY,Uruguay,122989.000000
2004,860,UZB,Uzbekistan,1900.000000
2004,862,VEN,Venezuela (Bolivarian Republic of),285536.000000
2004,876,WLF,Wallis and Futuna Islands,15.200000
2004,882,WSM,Samoa,2513.000000
2004,887,YEM,Yemen,65555.000000
2004,891,SCG,Serbia and Montenegro [former],2389.000000
2004,894,ZMB,Zambia,67725.000000
2004,896,,Other NEI,145042.000000
2005,008,ALB,Albania,5000.000000
2005,012,DZA,Algeria,126260.300000
2005,016,ASM,American Samoa,4019.000000
2005,024,AGO,Angola,3847.000000
2005,028,ATG,Antigua and Barbuda,2948.000000
2005,031,AZE,Azerbaijan,25427.850000
2005,032,ARG,Argentina,929937.000000
2005,036,AUS,Australia,250786.289000
2005,040,AUT,Austria,370.000000
2005,044,BHS,Bahamas,15555.000000
2005,048,BHR,Bahrain,11855.000000
2005,050,BGD,Bangladesh,1333866.000000
2005,052,BRB,Barbados,2182.000000
2005,056,BEL,Belgium,24567.000000
2005,060,BMU,Bermuda,401.000000
2005,068,BOL,Bolivia (Plurinational State of),6360.000000
2005,072,BWA,Botswana,132.000000
2005,076,BRA,Brazil,750261.000000
2005,084,BLZ,Belize,100507.000000
2005,086,IOT,British Indian Ocean Territory [former],28.000000
2005,090,SLB,Solomon Islands,20119.000000
2005,092,VGB,British Virgin Islands,4.000000
2005,096,BRN,Brunei Darussalam,2709.000000
2005,100,BGR,Bulgaria,5434.000000
2005,104,MMR,Myanmar,1732250.000000
2005,112,BLR,Belarus,594.000000
2005,120,CMR,Cameroon,142345.000000
2005,124,CAN,Canada,1145594.000000
2005,132,CPV,Cabo Verde,21931.000000
2005,136,CYM,Cayman Islands,125.000000
2005,144,LKA,Sri Lanka,216663.000000
2005,148,TCD,Chad,77000.000000
2005,152,CHL,Chile,4738165.000000
2005,156,CHN,China,381324.000000
2005,158,TWN,Taiwan Province of China,1017471.202000
2005,170,COL,Colombia,121000.000000
2005,174,COM,Comoros,10738.000000
2005,175,MYT,Mayotte,2196.000000
2005,178,COG,Congo,54616.000000
2005,180,COD,Democratic Republic of the Congo,3974.000000
2005,184,COK,Cook Islands,3442.000000
2005,188,CRI,Costa Rica,21339.000000
2005,191,HRV,Croatia,34693.090000
2005,192,CUB,Cuba,28234.000000
2005,196,CYP,Cyprus,61283.000000
2005,203,CZE,Czechia,4242.000000
2005,204,BEN,Benin,9597.000000
2005,208,DNK,Denmark,910598.000000
2005,212,DMA,Dominica,579.000000
2005,214,DOM,Dominican Republic,11193.000000
2005,218,ECU,Ecuador,457824.000000
2005,222,SLV,El Salvador,41114.000000
2005,226,GNQ,Equatorial Guinea,0.000000
2005,231,ETH,Ethiopia,9450.000000
2005,232,ERI,Eritrea,4027.000000
2005,233,EST,Estonia,99581.000000
2005,234,FRO,Faroe Islands,565260.000000
2005,238,FLK,Falkland Islands (Malvinas),84546.000000
2005,242,FJI,Fiji,16061.000000
2005,246,FIN,Finland,131733.000000
2005,250,FRA,France,595692.000000
2005,254,GUF,French Guiana,3685.000000
2005,258,PYF,French Polynesia,11589.000000
2005,260,ATF,French Southern Territories,183.000000
2005,262,DJI,Djibouti,1571.000000
2005,266,GAB,Gabon,43863.000000
2005,268,GEO,Georgia,9593.000000
2005,270,GMB,Gambia,30955.000000
2005,275,PSE,Palestine,1814.000000
2005,276,DEU,Germany,266868.000000
2005,288,GHA,Ghana,381637.880000
2005,296,KIR,Kiribati,9167.000000
2005,300,GRC,Greece,92430.500000
2005,304,GRL,Greenland,234864.000000
2005,308,GRD,Grenada,2048.000000
2005,312,GLP,Guadeloupe,150.000000
2005,316,GUM,Guam,280.000000
2005,320,GTM,Guatemala,15859.000000
2005,324,GIN,Guinea,101138.000000
2005,328,GUY,Guyana,53370.000000
2005,340,HND,Honduras,16826.000000
2005,344,HKG,"China, Hong Kong SAR",0.000000
2005,348,HUN,Hungary,7609.000000
2005,352,ISL,Iceland,1685753.000000
2005,356,IND,India,3691361.999000
2005,360,IDN,Indonesia,4703117.000000
2005,364,IRN,Iran (Islamic Republic of),410567.000000
2005,368,IRQ,Iraq,17008.000000
2005,372,IRL,Ireland,267681.000000
2005,376,ISR,Israel,4151.000000
2005,380,ITA,Italy,296983.700000
2005,384,CIV,Côte d'Ivoire,31702.000000
2005,388,JAM,Jamaica,12696.000000
2005,392,JPN,Japan,4440914.196000
2005,398,KAZ,Kazakhstan,37621.000000
2005,400,JOR,Jordan,510.000000
2005,404,KEN,Kenya,147920.000000
2005,408,PRK,Democratic People's Republic of Korea,0.000000
2005,410,KOR,Republic of Korea,1661761.000000
2005,414,KWT,Kuwait,4895.000000
2005,417,KGZ,Kyrgyzstan,0.000000
2005,422,LBN,Lebanon,3798.000000
2005,426,LSO,Lesotho,45.000000
2005,428,LVA,Latvia,150618.000000
2005,430,LBR,Liberia,9347.000000
2005,434,LBY,Libya,2990.000000
2005,440,LTU,Lithuania,139785.000000
2005,450,MDG,Madagascar,98998.000000
2005,454,MWI,Malawi,59595.000000
2005,458,MYS,Malaysia,1214184.000000
2005,462,MDV,Maldives,186274.000000
2005,470,MLT,Malta,1406.000000
2005,474,MTQ,Martinique,0.000000
2005,478,MRT,Mauritania,198576.000000
2005,480,MUS,Mauritius,9855.000000
2005,484,MEX,Mexico,1325083.514000
2005,496,MNG,Mongolia,366.000000
2005,498,MDA,Republic of Moldova,56.000000
2005,500,MSR,Montserrat,50.000000
2005,504,MAR,Morocco,1039210.000000
2005,508,MOZ,Mozambique,73846.000000
2005,512,OMN,Oman,157326.000000
2005,516,NAM,Namibia,551195.000000
2005,520,NRU,Nauru,37.000000
2005,524,NPL,Nepal,19983.000000
2005,528,NLD,Netherlands (Kingdom of the),553506.000000
2005,530,ANT,Netherlands Antilles [former],145.000000
2005,533,ABW,Aruba,0.000000
2005,540,NCL,New Caledonia,3467.000000
2005,548,VUT,Vanuatu,227493.000000
2005,554,NZL,New Zealand,545460.008000
2005,558,NIC,Nicaragua,28239.000000
2005,562,NER,Niger,50018.000000
2005,566,NGA,Nigeria,523182.000000
2005,570,NIU,Niue,112.000000
2005,578,NOR,Norway,2546500.000000
2005,580,MNP,Northern Mariana Islands,214.000000
2005,583,FSM,Micronesia (Federated States of),28361.000000
2005,584,MHL,Marshall Islands,56166.000000
2005,585,PLW,Palau,569.900000
2005,586,PAK,Pakistan,449993.000000
2005,591,PAN,Panama,263103.000000
2005,598,PNG,Papua New Guinea,241073.484000
2005,604,PER,Peru,9393488.000000
2005,608,PHL,Philippines,2293481.000000
2005,616,POL,Poland,139202.000000
2005,620,PRT,Portugal,221082.000000
2005,624,GNB,Guinea-Bissau,18.000000
2005,626,TLS,Timor-Leste,0.000000
2005,630,PRI,Puerto Rico,3561.000000
2005,634,QAT,Qatar,13935.000000
2005,638,REU,Réunion,4329.000000
2005,642,ROU,Romania,6053.000000
2005,643,RUS,Russian Federation,3207876.000000
2005,646,RWA,Rwanda,4730.000000
2005,654,SHN,"Ascension, Saint Helena and Tristan da Cunha",1130.000000
2005,659,KNA,Saint Kitts and Nevis,1155.000000
2005,662,LCA,Saint Lucia,1590.000000
2005,666,SPM,Saint Pierre and Miquelon,4694.000000
2005,670,VCT,Saint Vincent and the Grenadines,44104.000000
2005,678,STP,Sao Tome and Principe,4197.000000
2005,682,SAU,Saudi Arabia,60421.000000
2005,686,SEN,Senegal,365363.000000
2005,690,SYC,Seychelles,108680.000000
2005,694,SLE,Sierra Leone,131993.000000
2005,702,SGP,Singapore,1920.000000
2005,703,SVK,Slovakia,1693.000000
2005,704,VNM,Viet Nam,1719800.000000
2005,705,SVN,Slovenia,1227.000000
2005,710,ZAF,South Africa,824209.000000
2005,716,ZWE,Zimbabwe,7820.000000
2005,724,ESP,Spain,849281.600000
2005,740,SUR,Suriname,29620.000000
2005,752,SWE,Sweden,256359.000000
2005,756,CHE,Switzerland,1738.000000
2005,760,SYR,Syrian Arab Republic,8447.000000
2005,762,TJK,Tajikistan,0.000000
2005,764,THA,Thailand,2814295.000000
2005,768,TGO,Togo,27706.000000
2005,772,TKL,Tokelau,6.000000
2005,776,TON,Tonga,1401.000000
2005,780,TTO,Trinidad and Tobago,16996.000000
2005,784,ARE,United Arab Emirates,86735.000000
2005,788,TUN,Tunisia,109143.314000
2005,792,TUR,Türkiye,426496.000000
2005,795,TKM,Turkmenistan,0.000000
2005,796,TCA,Turks and Caicos Islands,6046.000000
2005,798,TUV,Tuvalu,2560.000000
2005,800,UGA,Uganda,416758.000000
2005,804,UKR,Ukraine,268007.000000
2005,807,MKD,North Macedonia,271.000000
2005,818,EGY,Egypt,349553.000000
2005,826,GBR,United Kingdom of Great Britain and Northern Ireland,670334.000000
2005,831,GGY,Guernsey,1894.000000
2005,832,JEY,Jersey,1613.200000
2005,833,IMN,Isle of Man,2764.000000
2005,834,TZA,United Republic of Tanzania,375542.000000
2005,836,EAZ,"United Republic of Tanzania, Zanzibar",23210.000000
2005,840,USA,United States of America,4962122.000000
2005,850,VIR,United States Virgin Islands,1634.000000
2005,854,BFA,Burkina Faso,9000.000000
2005,858,URY,Uruguay,125818.053000
2005,860,UZB,Uzbekistan,0.000000
2005,862,VEN,Venezuela (Bolivarian Republic of),218670.000000
2005,876,WLF,Wallis and Futuna Islands,29.750000
2005,882,WSM,Samoa,1685.000000
2005,887,YEM,Yemen,77222.000000
2005,891,SCG,Serbia and Montenegro [former],2431.000000
2005,894,ZMB,Zambia,65748.000000
2005,896,,Other NEI,45317.000000
2006,008,ALB,Albania,5652.300000
2006,012,DZA,Algeria,145763.800000
2006,016,ASM,American Samoa,5349.000000
2006,024,AGO,Angola,151756.000000
2006,028,ATG,Antigua and Barbuda,3044.000000
2006,031,AZE,Azerbaijan,20547.800000
2006,032,ARG,Argentina,1171980.000000
2006,036,AUS,Australia,212700.000000
2006,040,AUT,Austria,360.000000
2006,044,BHS,Bahamas,16242.000000
2006,048,BHR,Bahrain,15593.000000
2006,050,BGD,Bangladesh,1436496.000000
2006,052,BRB,Barbados,1975.000000
2006,056,BEL,Belgium,23019.000000
2006,060,BMU,Bermuda,381.000000
2006,072,BWA,Botswana,81.000000
2006,076,BRA,Brazil,779113.000000
2006,084,BLZ,Belize,185773.000000
2006,086,IOT,British Indian Ocean Territory [former],21.000000
2006,090,SLB,Solomon Islands,29470.000000
2006,092,VGB,British Virgin Islands,17.000000
2006,096,BRN,Brunei Darussalam,2279.000000
2006,100,BGR,Bulgaria,7544.000000
2006,104,MMR,Myanmar,659420.000000
2006,108,BDI,Burundi,12978.000000
2006,112,BLR,Belarus,645.000000
2006,120,CMR,Cameroon,137232.000000
2006,124,CAN,Canada,1122606.000000
2006,132,CPV,Cabo Verde,19826.000000
2006,136,CYM,Cayman Islands,125.000000
2006,144,LKA,Sri Lanka,278603.000000
2006,148,TCD,Chad,79000.000000
2006,152,CHL,Chile,4461856.001000
2006,156,CHN,China,14995706.000000
2006,158,TWN,Taiwan Province of China,967774.510000
2006,170,COL,Colombia,40638.000000
2006,174,COM,Comoros,6439.000000
2006,175,MYT,Mayotte,3785.000000
2006,178,COG,Congo,59082.000000
2006,180,COD,Democratic Republic of the Congo,3974.000000
2006,184,COK,Cook Islands,3912.000000
2006,188,CRI,Costa Rica,19045.000000
2006,191,HRV,Croatia,37876.132000
2006,192,CUB,Cuba,27587.000000
2006,196,CYP,Cyprus,29920.000000
2006,203,CZE,Czechia,4646.000000
2006,204,BEN,Benin,12007.000000
2006,208,DNK,Denmark,867721.000000
2006,212,DMA,Dominica,694.000000
2006,214,DOM,Dominican Republic,12956.000000
2006,218,ECU,Ecuador,468900.000000
2006,222,SLV,El Salvador,43218.000000
2006,226,GNQ,Equatorial Guinea,130.000000
2006,231,ETH,Ethiopia,9890.000000
2006,232,ERI,Eritrea,8813.000000
2006,233,EST,Estonia,86884.000000
2006,234,FRO,Faroe Islands,623122.000000
2006,238,FLK,Falkland Islands (Malvinas),75288.000000
2006,242,FJI,Fiji,48483.000000
2006,246,FIN,Finland,149446.000000
2006,250,FRA,France,592241.300000
2006,254,GUF,French Guiana,4442.000000
2006,258,PYF,French Polynesia,12778.000000
2006,260,ATF,French Southern Territories,392.000000
2006,262,DJI,Djibouti,1299.000000
2006,266,GAB,Gabon,41521.000000
2006,268,GEO,Georgia,14259.000000
2006,270,GMB,Gambia,32977.000000
2006,275,PSE,Palestine,2323.000000
2006,276,DEU,Germany,279037.000000
2006,288,GHA,Ghana,372473.499000
2006,296,KIR,Kiribati,6724.000000
2006,300,GRC,Greece,98239.700000
2006,304,GRL,Greenland,252959.000000
2006,308,GRD,Grenada,2163.000000
2006,312,GLP,Guadeloupe,150.000000
2006,316,GUM,Guam,418.000000
2006,320,GTM,Guatemala,15209.000000
2006,324,GIN,Guinea,95718.000000
2006,328,GUY,Guyana,4215.000000
2006,340,HND,Honduras,18206.000000
2006,344,HKG,"China, Hong Kong SAR",0.000000
2006,348,HUN,Hungary,7543.000000
2006,352,ISL,Iceland,1348043.000000
2006,356,IND,India,3844837.000000
2006,360,IDN,Indonesia,4798414.000000
2006,364,IRN,Iran (Islamic Republic of),445879.000000
2006,368,IRQ,Iraq,59075.000000
2006,372,IRL,Ireland,211777.000000
2006,376,ISR,Israel,3820.000000
2006,380,ITA,Italy,316452.400000
2006,384,CIV,Côte d'Ivoire,54168.000000
2006,388,JAM,Jamaica,17303.000000
2006,392,JPN,Japan,4451205.340000
2006,398,KAZ,Kazakhstan,30045.000000
2006,400,JOR,Jordan,497.000000
2006,404,KEN,Kenya,159266.000000
2006,408,PRK,Democratic People's Republic of Korea,0.000000
2006,410,KOR,Republic of Korea,1772459.000000
2006,414,KWT,Kuwait,5635.000000
2006,417,KGZ,Kyrgyzstan,0.000000
2006,422,LBN,Lebanon,3811.000000
2006,426,LSO,Lesotho,45.000000
2006,428,LVA,Latvia,140389.000000
2006,430,LBR,Liberia,6494.000000
2006,434,LBY,Libya,1347.000000
2006,440,LTU,Lithuania,154548.000000
2006,450,MDG,Madagascar,101543.000000
2006,454,MWI,Malawi,72787.000000
2006,458,MYS,Malaysia,1286297.000000
2006,462,MDV,Maldives,185811.000000
2006,470,MLT,Malta,1332.000000
2006,474,MTQ,Martinique,850.000000
2006,478,MRT,Mauritania,87750.000000
2006,480,MUS,Mauritius,7750.000000
2006,484,MEX,Mexico,1368538.309000
2006,496,MNG,Mongolia,326.000000
2006,498,MDA,Republic of Moldova,51.000000
2006,499,MNE,Montenegro,1524.800000
2006,500,MSR,Montserrat,49.000000
2006,504,MAR,Morocco,891750.600000
2006,508,MOZ,Mozambique,83732.000000
2006,512,OMN,Oman,147668.000000
2006,516,NAM,Namibia,506785.000000
2006,524,NPL,Nepal,20016.000000
2006,528,NLD,Netherlands (Kingdom of the),510979.000000
2006,530,ANT,Netherlands Antilles [former],5875.000000
2006,533,ABW,Aruba,145.000000
2006,540,NCL,New Caledonia,3333.000000
2006,548,VUT,Vanuatu,222561.000000
2006,554,NZL,New Zealand,476798.006000
2006,558,NIC,Nicaragua,32198.000000
2006,562,NER,Niger,29835.000000
2006,566,NGA,Nigeria,552323.000000
2006,570,NIU,Niue,400.000000
2006,578,NOR,Norway,2401781.000000
2006,580,MNP,Northern Mariana Islands,221.000000
2006,583,FSM,Micronesia (Federated States of),10842.000000
2006,584,MHL,Marshall Islands,42357.000000
2006,585,PLW,Palau,71.000000
2006,586,PAK,Pakistan,506473.000000
2006,591,PAN,Panama,262506.000000
2006,598,PNG,Papua New Guinea,240048.699000
2006,604,PER,Peru,7020925.000000
2006,608,PHL,Philippines,2341380.490000
2006,616,POL,Poland,129420.000000
2006,620,PRT,Portugal,229837.000000
2006,624,GNB,Guinea-Bissau,0.000000
2006,626,TLS,Timor-Leste,0.000000
2006,630,PRI,Puerto Rico,2806.000000
2006,634,QAT,Qatar,16376.000000
2006,638,REU,Réunion,3514.000000
2006,642,ROU,Romania,6663.000000
2006,643,RUS,Russian Federation,3295920.000000
2006,646,RWA,Rwanda,4991.000000
2006,654,SHN,"Ascension, Saint Helena and Tristan da Cunha",1120.000000
2006,659,KNA,Saint Kitts and Nevis,823.000000
2006,662,LCA,Saint Lucia,1647.000000
2006,666,SPM,Saint Pierre and Miquelon,2878.000000
2006,670,VCT,Saint Vincent and the Grenadines,51584.000000
2006,678,STP,Sao Tome and Principe,4323.000000
2006,682,SAU,Saudi Arabia,65485.000000
2006,686,SEN,Senegal,334225.000000
2006,688,SRB,Serbia,2632.000000
2006,690,SYC,Seychelles,92739.000000
2006,694,SLE,Sierra Leone,134146.000000
2006,702,SGP,Singapore,3103.000000
2006,703,SVK,Slovakia,1718.000000
2006,704,VNM,Viet Nam,1671100.000000
2006,705,SVN,Slovenia,1133.169000
2006,710,ZAF,South Africa,628134.000000
2006,724,ESP,Spain,959683.980000
2006,740,SUR,Suriname,31921.000000
2006,752,SWE,Sweden,269251.000000
2006,756,CHE,Switzerland,1690.000000
2006,760,SYR,Syrian Arab Republic,8264.000000
2006,762,TJK,Tajikistan,0.000000
2006,764,THA,Thailand,2698803.000000
2006,768,TGO,Togo,24830.000000
2006,772,TKL,Tokelau,6.000000
2006,776,TON,Tonga,1677.000000
2006,780,TTO,Trinidad and Tobago,13123.000000
2006,784,ARE,United Arab Emirates,94693.000000
2006,788,TUN,Tunisia,111392.542000
2006,792,TUR,Türkiye,533048.000000
2006,795,TKM,Turkmenistan,0.000000
2006,796,TCA,Turks and Caicos Islands,4860.000000
2006,798,TUV,Tuvalu,0.000000
2006,800,UGA,Uganda,367099.000000
2006,804,UKR,Ukraine,219228.000000
2006,807,MKD,North Macedonia,147.000000
2006,818,EGY,Egypt,375894.000000
2006,826,GBR,United Kingdom of Great Britain and Northern Ireland,624684.000000
2006,831,GGY,Guernsey,1761.100000
2006,832,JEY,Jersey,1706.800000
2006,833,IMN,Isle of Man,2579.000000
2006,834,TZA,United Republic of Tanzania,336364.000000
2006,836,EAZ,"United Republic of Tanzania, Zanzibar",24418.000000
2006,840,USA,United States of America,4887768.000000
2006,850,VIR,United States Virgin Islands,2213.000000
2006,854,BFA,Burkina Faso,9500.000000
2006,858,URY,Uruguay,133987.000000
2006,860,UZB,Uzbekistan,1078.000000
2006,862,VEN,Venezuela (Bolivarian Republic of),190306.000000
2006,876,WLF,Wallis and Futuna Islands,625.200000
2006,882,WSM,Samoa,12435.000000
2006,887,YEM,Yemen,63450.000000
2006,894,ZMB,Zambia,60237.000000
2006,896,,Other NEI,22726.000000
2007,008,ALB,Albania,5413.400000
2007,012,DZA,Algeria,147363.131000
2007,016,ASM,American Samoa,6519.000000
2007,024,AGO,Angola,297436.000000
2007,028,ATG,Antigua and Barbuda,3042.000000
2007,031,AZE,Azerbaijan,19625.300000
2007,032,ARG,Argentina,985409.000000
2007,036,AUS,Australia,189061.317000
2007,040,AUT,Austria,350.000000
2007,044,BHS,Bahamas,10912.000000
2007,048,BHR,Bahrain,15013.000000
2007,050,BGD,Bangladesh,1494199.000000
2007,052,BRB,Barbados,2224.000000
2007,056,BEL,Belgium,24541.000000
2007,060,BMU,Bermuda,425.000000
2007,068,BOL,Bolivia (Plurinational State of),4851.000000
2007,072,BWA,Botswana,122.000000
2007,076,BRA,Brazil,783177.000000
2007,084,BLZ,Belize,305645.000000
2007,086,IOT,British Indian Ocean Territory [former],24.000000
2007,090,SLB,Solomon Islands,22091.000000
2007,092,VGB,British Virgin Islands,0.000000
2007,096,BRN,Brunei Darussalam,2550.000000
2007,100,BGR,Bulgaria,8903.000000
2007,104,MMR,Myanmar,718190.000000
2007,108,BDI,Burundi,11309.000000
2007,112,BLR,Belarus,689.000000
2007,120,CMR,Cameroon,138612.000000
2007,124,CAN,Canada,1044982.000000
2007,132,CPV,Cabo Verde,20127.000000
2007,136,CYM,Cayman Islands,125.000000
2007,144,LKA,Sri Lanka,304903.000000
2007,148,TCD,Chad,82000.000000
2007,152,CHL,Chile,4132854.000000
2007,156,CHN,China,14987636.000000
2007,158,TWN,Taiwan Province of China,1173741.915000
2007,170,COL,Colombia,41749.000000
2007,174,COM,Comoros,9844.000000
2007,175,MYT,Mayotte,9922.000000
2007,178,COG,Congo,59216.000000
2007,180,COD,Democratic Republic of the Congo,234252.000000
2007,184,COK,Cook Islands,3742.000000
2007,188,CRI,Costa Rica,19651.000000
2007,191,HRV,Croatia,40225.633000
2007,192,CUB,Cuba,29485.000000
2007,196,CYP,Cyprus,2426.000000
2007,203,CZE,Czechia,4276.000000
2007,204,BEN,Benin,4286.000000
2007,208,DNK,Denmark,653053.000000
2007,212,DMA,Dominica,677.000000
2007,214,DOM,Dominican Republic,13709.000000
2007,218,ECU,Ecuador,408540.000000
2007,222,SLV,El Salvador,54664.000000
2007,226,GNQ,Equatorial Guinea,883.000000
2007,231,ETH,Ethiopia,13254.000000
2007,232,ERI,Eritrea,1932.000000
2007,233,EST,Estonia,99444.000000
2007,234,FRO,Faroe Islands,620834.000000
2007,238,FLK,Falkland Islands (Malvinas),72147.000000
2007,242,FJI,Fiji,47047.000000
2007,246,FIN,Finland,164677.000000
2007,250,FRA,France,551053.200000
2007,254,GUF,French Guiana,4857.000000
2007,258,PYF,French Polynesia,13177.000000
2007,260,ATF,French Southern Territories,392.000000
2007,262,DJI,Djibouti,1229.000000
2007,266,GAB,Gabon,24395.000000
2007,268,GEO,Georgia,44063.000000
2007,270,GMB,Gambia,43574.000000
2007,275,PSE,Palestine,2702.000000
2007,276,DEU,Germany,277011.000000
2007,288,GHA,Ghana,317613.741000
2007,296,KIR,Kiribati,32870.000000
2007,300,GRC,Greece,96092.800000
2007,304,GRL,Greenland,233754.000000
2007,308,GRD,Grenada,2207.000000
2007,312,GLP,Guadeloupe,150.000000
2007,316,GUM,Guam,326.000000
2007,320,GTM,Guatemala,15605.000000
2007,324,GIN,Guinea,72073.000000
2007,328,GUY,Guyana,47448.000000
2007,340,HND,Honduras,12280.000000
2007,344,HKG,"China, Hong Kong SAR",0.000000
2007,348,HUN,Hungary,7024.000000
2007,352,ISL,Iceland,1421057.000000
2007,356,IND,India,3859293.000000
2007,360,IDN,Indonesia,5042176.000000
2007,364,IRN,Iran (Islamic Republic of),402767.000000
2007,368,IRQ,Iraq,53032.000000
2007,372,IRL,Ireland,214868.000000
2007,376,ISR,Israel,3435.000000
2007,380,ITA,Italy,288079.250000
2007,384,CIV,Côte d'Ivoire,46594.000000
2007,388,JAM,Jamaica,15998.000000
2007,392,JPN,Japan,4430071.550000
2007,398,KAZ,Kazakhstan,34201.000000
2007,400,JOR,Jordan,506.000000
2007,404,KEN,Kenya,132282.000000
2007,408,PRK,Democratic People's Republic of Korea,0.000000
2007,410,KOR,Republic of Korea,1888362.000000
2007,414,KWT,Kuwait,4373.000000
2007,417,KGZ,Kyrgyzstan,7.000000
2007,422,LBN,Lebanon,5.000000
2007,426,LSO,Lesotho,48.000000
2007,428,LVA,Latvia,155276.000000
2007,430,LBR,Liberia,14488.000000
2007,434,LBY,Libya,31921.000000
2007,440,LTU,Lithuania,187513.000000
2007,450,MDG,Madagascar,113583.000000
2007,454,MWI,Malawi,66500.000000
2007,458,MYS,Malaysia,1385454.000000
2007,462,MDV,Maldives,144511.000000
2007,470,MLT,Malta,1235.000000
2007,474,MTQ,Martinique,0.000000
2007,478,MRT,Mauritania,118066.000000
2007,480,MUS,Mauritius,8325.000000
2007,484,MEX,Mexico,1475194.479000
2007,496,MNG,Mongolia,185.000000
2007,498,MDA,Republic of Moldova,26.000000
2007,499,MNE,Montenegro,1131.000000
2007,500,MSR,Montserrat,35.000000
2007,504,MAR,Morocco,891845.500000
2007,508,MOZ,Mozambique,92473.000000
2007,512,OMN,Oman,151744.000000
2007,516,NAM,Namibia,413333.000000
2007,524,NPL,Nepal,20100.000000
2007,528,NLD,Netherlands (Kingdom of the),485592.000000
2007,530,ANT,Netherlands Antilles [former],3549.000000
2007,533,ABW,Aruba,159.000000
2007,540,NCL,New Caledonia,3704.700000
2007,548,VUT,Vanuatu,211547.200000
2007,554,NZL,New Zealand,494692.006000
2007,558,NIC,Nicaragua,27316.000000
2007,562,NER,Niger,29728.000000
2007,566,NGA,Nigeria,530420.000000
2007,570,NIU,Niue,337.000000
2007,578,NOR,Norway,2514659.000000
2007,580,MNP,Northern Mariana Islands,219.000000
2007,583,FSM,Micronesia (Federated States of),15673.000000
2007,584,MHL,Marshall Islands,59412.000000
2007,585,PLW,Palau,317.820000
2007,586,PAK,Pakistan,453295.000000
2007,591,PAN,Panama,221957.000000
2007,598,PNG,Papua New Guinea,234390.152000
2007,604,PER,Peru,7221330.000000
2007,608,PHL,Philippines,2520508.000000
2007,616,POL,Poland,135790.000000
2007,620,PRT,Portugal,256683.000000
2007,624,GNB,Guinea-Bissau,0.000000
2007,626,TLS,Timor-Leste,0.000000
2007,630,PRI,Puerto Rico,2305.000000
2007,634,QAT,Qatar,15190.000000
2007,638,REU,Réunion,4021.000000
2007,642,ROU,Romania,6183.000000
2007,643,RUS,Russian Federation,3484225.000000
2007,646,RWA,Rwanda,9186.000000
2007,654,SHN,"Ascension, Saint Helena and Tristan da Cunha",837.000000
2007,659,KNA,Saint Kitts and Nevis,933.000000
2007,662,LCA,Saint Lucia,1732.000000
2007,666,SPM,Saint Pierre and Miquelon,5249.000000
2007,670,VCT,Saint Vincent and the Grenadines,63309.000000
2007,678,STP,Sao Tome and Principe,4449.000000
2007,682,SAU,Saudi Arabia,66221.000000
2007,686,SEN,Senegal,373629.000000
2007,688,SRB,Serbia,2535.000000
2007,690,SYC,Seychelles,65514.000000
2007,694,SLE,Sierra Leone,130535.000000
2007,702,SGP,Singapore,3522.000000
2007,703,SVK,Slovakia,1994.000000
2007,704,VNM,Viet Nam,1676200.000000
2007,705,SVN,Slovenia,1112.454000
2007,710,ZAF,South Africa,689957.000000
2007,724,ESP,Spain,815557.644000
2007,736,,Sudan [former],65403.500000
2007,740,SUR,Suriname,30901.000000
2007,752,SWE,Sweden,238253.000000
2007,756,CHE,Switzerland,1653.000000
2007,760,SYR,Syrian Arab Republic,9457.000000
2007,762,TJK,Tajikistan,0.000000
2007,764,THA,Thailand,2304951.000000
2007,768,TGO,Togo,19905.000000
2007,772,TKL,Tokelau,8.000000
2007,776,TON,Tonga,1477.000000
2007,780,TTO,Trinidad and Tobago,13463.000000
2007,784,ARE,United Arab Emirates,90901.000000
2007,788,TUN,Tunisia,103599.191000
2007,792,TUR,Türkiye,632450.000000
2007,795,TKM,Turkmenistan,0.000000
2007,796,TCA,Turks and Caicos Islands,6136.000000
2007,798,TUV,Tuvalu,0.000000
2007,800,UGA,Uganda,103150.000000
2007,804,UKR,Ukraine,215400.000000
2007,807,MKD,North Macedonia,177.000000
2007,818,EGY,Egypt,372491.000000
2007,826,GBR,United Kingdom of Great Britain and Northern Ireland,619692.000000
2007,831,GGY,Guernsey,1861.000000
2007,832,JEY,Jersey,1704.000000
2007,833,IMN,Isle of Man,3812.000000
2007,834,TZA,United Republic of Tanzania,426396.000000
2007,836,EAZ,"United Republic of Tanzania, Zanzibar",23580.000000
2007,840,USA,United States of America,4800372.000000
2007,850,VIR,United States Virgin Islands,1458.000000
2007,854,BFA,Burkina Faso,10200.000000
2007,858,URY,Uruguay,108722.198000
2007,860,UZB,Uzbekistan,1161.000000
2007,862,VEN,Venezuela (Bolivarian Republic of),232409.000000
2007,876,WLF,Wallis and Futuna Islands,0.000000
2007,882,WSM,Samoa,14090.000000
2007,887,YEM,Yemen,113629.000000
2007,894,ZMB,Zambia,73542.000000
2007,896,,Other NEI,17512.000000
2008,008,ALB,Albania,5365.000000
2008,012,DZA,Algeria,138862.430000
2008,016,ASM,American Samoa,4424.000000
2008,024,AGO,Angola,298360.000000
2008,028,ATG,Antigua and Barbuda,3389.000000
2008,031,AZE,Azerbaijan,19773.600000
2008,032,ARG,Argentina,995083.000000
2008,036,AUS,Australia,182167.701000
2008,040,AUT,Austria,350.000000
2008,044,BHS,Bahamas,14813.000000
2008,048,BHR,Bahrain,14176.000000
2008,050,BGD,Bangladesh,1557754.000000
2008,052,BRB,Barbados,3551.000000
2008,056,BEL,Belgium,22609.000000
2008,060,BMU,Bermuda,401.000000
2008,068,BOL,Bolivia (Plurinational State of),5787.000000
2008,072,BWA,Botswana,86.000000
2008,076,BRA,Brazil,791892.000000
2008,084,BLZ,Belize,364274.000000
2008,086,IOT,British Indian Ocean Territory [former],34.000000
2008,090,SLB,Solomon Islands,17395.000000
2008,092,VGB,British Virgin Islands,3.000000
2008,096,BRN,Brunei Darussalam,2357.000000
2008,100,BGR,Bulgaria,8864.000000
2008,104,MMR,Myanmar,7292.000000
2008,108,BDI,Burundi,18265.000000
2008,112,BLR,Belarus,809.000000
2008,120,CMR,Cameroon,0.000000
2008,124,CAN,Canada,967874.000000
2008,132,CPV,Cabo Verde,21119.000000
2008,136,CYM,Cayman Islands,125.000000
2008,144,LKA,Sri Lanka,323888.000000
2008,148,TCD,Chad,85000.000000
2008,152,CHL,Chile,3939379.000000
2008,156,CHN,China,15157263.000000
2008,158,TWN,Taiwan Province of China,1015805.715000
2008,170,COL,Colombia,48565.000000
2008,174,COM,Comoros,17516.000000
2008,175,MYT,Mayotte,10948.000000
2008,178,COG,Congo,54104.000000
2008,180,COD,Democratic Republic of the Congo,4447.000000
2008,184,COK,Cook Islands,3238.000000
2008,188,CRI,Costa Rica,21305.000000
2008,191,HRV,Croatia,49062.080000
2008,192,CUB,Cuba,28714.000000
2008,196,CYP,Cyprus,1976.000000
2008,203,CZE,Czechia,4164.000000
2008,204,BEN,Benin,7295.000000
2008,208,DNK,Denmark,690584.000000
2008,212,DMA,Dominica,699.000000
2008,214,DOM,Dominican Republic,15382.000000
2008,218,ECU,Ecuador,505391.000000
2008,222,SLV,El Salvador,42925.000000
2008,226,GNQ,Equatorial Guinea,3705.000000
2008,231,ETH,Ethiopia,16770.000000
2008,232,ERI,Eritrea,1665.000000
2008,233,EST,Estonia,102580.000000
2008,234,FRO,Faroe Islands,518267.000000
2008,238,FLK,Falkland Islands (Malvinas),81708.000000
2008,242,FJI,Fiji,20911.000000
2008,246,FIN,Finland,148666.000000
2008,250,FRA,France,457721.400000
2008,254,GUF,French Guiana,3522.940000
2008,258,PYF,French Polynesia,12284.000000
2008,262,DJI,Djibouti,1206.000000
2008,266,GAB,Gabon,17894.000000
2008,268,GEO,Georgia,47910.000000
2008,270,GMB,Gambia,42881.000000
2008,275,PSE,Palestine,2843.000000
2008,276,DEU,Germany,261281.000000
2008,288,GHA,Ghana,337719.109000
2008,296,KIR,Kiribati,22499.000000
2008,300,GRC,Greece,85885.300000
2008,304,GRL,Greenland,241899.000000
2008,308,GRD,Grenada,2386.000000
2008,312,GLP,Guadeloupe,3850.106000
2008,316,GUM,Guam,329.000000
2008,320,GTM,Guatemala,23181.000000
2008,324,GIN,Guinea,82513.000000
2008,328,GUY,Guyana,42168.000000
2008,340,HND,Honduras,12060.000000
2008,344,HKG,"China, Hong Kong SAR",0.000000
2008,348,HUN,Hungary,7394.000000
2008,352,ISL,Iceland,1306593.000000
2008,356,IND,India,4099227.000000
2008,360,IDN,Indonesia,5002765.000000
2008,364,IRN,Iran (Islamic Republic of),407842.000000
2008,368,IRQ,Iraq,34580.000000
2008,372,IRL,Ireland,205319.000000
2008,376,ISR,Israel,224.000000
2008,380,ITA,Italy,236219.300000
2008,384,CIV,Côte d'Ivoire,43799.000000
2008,388,JAM,Jamaica,12625.000000
2008,392,JPN,Japan,4441302.615000
2008,398,KAZ,Kazakhstan,51267.000000
2008,400,JOR,Jordan,500.000000
2008,404,KEN,Kenya,136109.000000
2008,408,PRK,Democratic People's Republic of Korea,0.000000
2008,410,KOR,Republic of Korea,1970882.000000
2008,414,KWT,Kuwait,3979.000000
2008,417,KGZ,Kyrgyzstan,8.000000
2008,422,LBN,Lebanon,7.000000
2008,426,LSO,Lesotho,50.000000
2008,428,LVA,Latvia,157934.000000
2008,430,LBR,Liberia,7890.000000
2008,434,LBY,Libya,47645.000000
2008,440,LTU,Lithuania,182760.000000
2008,450,MDG,Madagascar,86124.000000
2008,454,MWI,Malawi,70019.000000
2008,458,MYS,Malaysia,1398250.000000
2008,462,MDV,Maldives,133839.000000
2008,466,MLI,Mali,75000.000000
2008,470,MLT,Malta,1391.000000
2008,474,MTQ,Martinique,1441.851000
2008,478,MRT,Mauritania,100963.000000
2008,480,MUS,Mauritius,6871.000000
2008,484,MEX,Mexico,1586975.659000
2008,496,MNG,Mongolia,88.000000
2008,498,MDA,Republic of Moldova,36.000000
2008,499,MNE,Montenegro,1680.000000
2008,500,MSR,Montserrat,31.000000
2008,504,MAR,Morocco,1006167.700000
2008,508,MOZ,Mozambique,121655.000000
2008,512,OMN,Oman,151910.000000
2008,516,NAM,Namibia,370022.000000
2008,524,NPL,Nepal,21500.000000
2008,528,NLD,Netherlands (Kingdom of the),438291.000000
2008,530,ANT,Netherlands Antilles [former],16244.000000
2008,533,ABW,Aruba,151.000000
2008,540,NCL,New Caledonia,3919.000000
2008,548,VUT,Vanuatu,170251.000000
2008,554,NZL,New Zealand,452534.324000
2008,558,NIC,Nicaragua,31312.000000
2008,562,NER,Niger,29960.000000
2008,566,NGA,Nigeria,601368.000000
2008,570,NIU,Niue,438.000000
2008,578,NOR,Norway,2583895.283000
2008,580,MNP,Northern Mariana Islands,168.000000
2008,583,FSM,Micronesia (Federated States of),19645.000000
2008,584,MHL,Marshall Islands,33026.000000
2008,585,PLW,Palau,242.200000
2008,586,PAK,Pakistan,470665.000000
2008,591,PAN,Panama,230248.000000
2008,598,PNG,Papua New Guinea,209326.506000
2008,604,PER,Peru,7408317.000000
2008,608,PHL,Philippines,2550700.000000
2008,616,POL,Poland,126482.000000
2008,620,PRT,Portugal,224446.000000
2008,624,GNB,Guinea-Bissau,77.000000
2008,626,TLS,Timor-Leste,0.000000
2008,630,PRI,Puerto Rico,2423.000000
2008,634,QAT,Qatar,17688.000000
2008,638,REU,Réunion,2925.524000
2008,642,ROU,Romania,5410.000000
2008,643,RUS,Russian Federation,3393966.000000
2008,646,RWA,Rwanda,11587.000000
2008,654,SHN,"Ascension, Saint Helena and Tristan da Cunha",794.000000
2008,659,KNA,Saint Kitts and Nevis,1014.000000
2008,660,AIA,Anguilla,739.000000
2008,662,LCA,Saint Lucia,1895.000000
2008,666,SPM,Saint Pierre and Miquelon,4621.000000
2008,670,VCT,Saint Vincent and the Grenadines,55898.000000
2008,678,STP,Sao Tome and Principe,4575.000000
2008,682,SAU,Saudi Arabia,68898.000000
2008,686,SEN,Senegal,428298.000000
2008,688,SRB,Serbia,3153.000000
2008,690,SYC,Seychelles,69199.000000
2008,694,SLE,Sierra Leone,189582.000000
2008,702,SGP,Singapore,1623.000000
2008,703,SVK,Slovakia,1655.000000
2008,704,VNM,Viet Nam,1767800.000000
2008,705,SVN,Slovenia,881.714000
2008,710,ZAF,South Africa,655015.000000
2008,724,ESP,Spain,917713.359000
2008,740,SUR,Suriname,23782.000000
2008,752,SWE,Sweden,231336.000000
2008,756,CHE,Switzerland,2084.000000
2008,760,SYR,Syrian Arab Republic,6995.000000
2008,762,TJK,Tajikistan,0.000000
2008,764,THA,Thailand,1873432.000000
2008,768,TGO,Togo,0.000000
2008,772,TKL,Tokelau,8.000000
2008,776,TON,Tonga,1008.000000
2008,780,TTO,Trinidad and Tobago,13833.000000
2008,784,ARE,United Arab Emirates,74075.000000
2008,788,TUN,Tunisia,96060.749000
2008,792,TUR,Türkiye,494118.000000
2008,795,TKM,Turkmenistan,0.000000
2008,796,TCA,Turks and Caicos Islands,6804.000000
2008,798,TUV,Tuvalu,0.000000
2008,800,UGA,Uganda,0.000000
2008,804,UKR,Ukraine,234079.000000
2008,807,MKD,North Macedonia,166.000000
2008,818,EGY,Egypt,373815.000000
2008,826,GBR,United Kingdom of Great Britain and Northern Ireland,595993.000000
2008,831,GGY,Guernsey,1626.229000
2008,832,JEY,Jersey,1598.906000
2008,833,IMN,Isle of Man,2770.000000
2008,834,TZA,United Republic of Tanzania,326286.000000
2008,836,EAZ,"United Republic of Tanzania, Zanzibar",24514.000000
2008,840,USA,United States of America,4374054.000000
2008,850,VIR,United States Virgin Islands,1314.000000
2008,854,BFA,Burkina Faso,11093.000000
2008,858,URY,Uruguay,108797.000000
2008,860,UZB,Uzbekistan,1353.000000
2008,862,VEN,Venezuela (Bolivarian Republic of),212461.000000
2008,876,WLF,Wallis and Futuna Islands,0.000000
2008,882,WSM,Samoa,13898.000000
2008,887,YEM,Yemen,69084.000000
2008,894,ZMB,Zambia,79404.000000
2008,896,,Other NEI,29220.000000
2009,008,ALB,Albania,5811.000000
2009,012,DZA,Algeria,127777.000000
2009,016,ASM,American Samoa,4944.000000
2009,024,AGO,Angola,272042.000000
2009,028,ATG,Antigua and Barbuda,2416.000000
2009,031,AZE,Azerbaijan,42597.700000
2009,032,ARG,Argentina,861974.000000
2009,036,AUS,Australia,175588.493000
2009,040,AUT,Austria,350.000000
2009,044,BHS,Bahamas,13809.830000
2009,048,BHR,Bahrain,16356.000000
2009,050,BGD,Bangladesh,1821579.000000
2009,052,BRB,Barbados,3496.000000
2009,056,BEL,Belgium,21722.000000
2009,060,BMU,Bermuda,416.000000
2009,068,BOL,Bolivia (Plurinational State of),7568.000000
2009,076,BRA,Brazil,825412.000000
2009,084,BLZ,Belize,304217.000000
2009,086,IOT,British Indian Ocean Territory [former],44.000000
2009,090,SLB,Solomon Islands,18620.000000
2009,092,VGB,British Virgin Islands,0.000000
2009,096,BRN,Brunei Darussalam,1958.000000
2009,100,BGR,Bulgaria,8978.000000
2009,104,MMR,Myanmar,12894.000000
2009,108,BDI,Burundi,12615.000000
2009,112,BLR,Belarus,826.000000
2009,120,CMR,Cameroon,77661.000000
2009,124,CAN,Canada,993173.000000
2009,132,CPV,Cabo Verde,19213.000000
2009,136,CYM,Cayman Islands,125.000000
2009,144,LKA,Sri Lanka,336942.000000
2009,148,TCD,Chad,88000.000000
2009,152,CHL,Chile,3821818.000000
2009,156,CHN,China,12612980.000000
2009,158,TWN,Taiwan Province of China,770278.120000
2009,170,COL,Colombia,106448.000000
2009,174,COM,Comoros,44745.000000
2009,175,MYT,Mayotte,13419.000000
2009,178,COG,Congo,61218.000000
2009,180,COD,Democratic Republic of the Congo,4363.000000
2009,184,COK,Cook Islands,2234.000000
2009,188,CRI,Costa Rica,19714.000000
2009,191,HRV,Croatia,55788.500000
2009,192,CUB,Cuba,28892.000000
2009,196,CYP,Cyprus,1389.000000
2009,203,CZE,Czechia,4112.000000
2009,204,BEN,Benin,8678.000000
2009,208,DNK,Denmark,777752.000000
2009,212,DMA,Dominica,772.000000
2009,214,DOM,Dominican Republic,14233.000000
2009,218,ECU,Ecuador,498679.000000
2009,222,SLV,El Salvador,32649.000000
2009,226,GNQ,Equatorial Guinea,7519.000000
2009,231,ETH,Ethiopia,17047.000000
2009,232,ERI,Eritrea,3030.000000
2009,233,EST,Estonia,98504.000000
2009,234,FRO,Faroe Islands,351018.000000
2009,238,FLK,Falkland Islands (Malvinas),62747.000000
2009,242,FJI,Fiji,24502.000000
2009,246,FIN,Finland,154626.000000
2009,250,FRA,France,437172.000000
2009,254,GUF,French Guiana,3609.206000
2009,258,PYF,French Polynesia,13373.980000
2009,262,DJI,Djibouti,1058.000000
2009,268,GEO,Georgia,49506.000000
2009,270,GMB,Gambia,45884.000000
2009,275,PSE,Palestine,1525.000000
2009,276,DEU,Germany,231547.000000
2009,288,GHA,Ghana,303545.202000
2009,296,KIR,Kiribati,35626.000000
2009,300,GRC,Greece,83181.800000
2009,304,GRL,Greenland,214667.000000
2009,308,GRD,Grenada,2648.000000
2009,312,GLP,Guadeloupe,3975.498000
2009,316,GUM,Guam,462.000000
2009,320,GTM,Guatemala,17789.000000
2009,324,GIN,Guinea,113746.000000
2009,328,GUY,Guyana,42805.000000
2009,332,HTI,Haiti,16000.000000
2009,340,HND,Honduras,10308.000000
2009,344,HKG,"China, Hong Kong SAR",0.000000
2009,348,HUN,Hungary,6366.000000
2009,352,ISL,Iceland,1164432.000000
2009,356,IND,India,4066755.999000
2009,360,IDN,Indonesia,5115756.000000
2009,364,IRN,Iran (Islamic Republic of),420372.000000
2009,368,IRQ,Iraq,28245.000000
2009,372,IRL,Ireland,269084.000000
2009,376,ISR,Israel,2662.000000
2009,380,ITA,Italy,253119.800000
2009,384,CIV,Côte d'Ivoire,42893.000000
2009,388,JAM,Jamaica,15694.000000
2009,392,JPN,Japan,4230700.650000
2009,398,KAZ,Kazakhstan,38170.000000
2009,400,JOR,Jordan,569.000000
2009,404,KEN,Kenya,134157.000000
2009,408,PRK,Democratic People's Republic of Korea,0.000000
2009,410,KOR,Republic of Korea,1871904.000000
2009,414,KWT,Kuwait,4708.000000
2009,417,KGZ,Kyrgyzstan,0.000000
2009,422,LBN,Lebanon,9.000000
2009,426,LSO,Lesotho,45.000000
2009,428,LVA,Latvia,163213.000000
2009,430,LBR,Liberia,0.000000
2009,434,LBY,Libya,52117.300000
2009,440,LTU,Lithuania,172692.000000
2009,450,MDG,Madagascar,96620.000000
2009,454,MWI,Malawi,69325.000000
2009,458,MYS,Malaysia,1397423.000000
2009,462,MDV,Maldives,117061.000000
2009,470,MLT,Malta,1641.000000
2009,474,MTQ,Martinique,992.497000
2009,478,MRT,Mauritania,66396.000000
2009,480,MUS,Mauritius,7856.000000
2009,484,MEX,Mexico,1619392.826000
2009,496,MNG,Mongolia,90.000000
2009,498,MDA,Republic of Moldova,26.000000
2009,499,MNE,Montenegro,1661.200000
2009,500,MSR,Montserrat,37.000000
2009,504,MAR,Morocco,1175436.500000
2009,508,MOZ,Mozambique,150780.000000
2009,512,OMN,Oman,158551.000000
2009,516,NAM,Namibia,376047.000000
2009,524,NPL,Nepal,21500.000000
2009,528,NLD,Netherlands (Kingdom of the),384942.000000
2009,530,ANT,Netherlands Antilles [former],19821.000000
2009,533,ABW,Aruba,163.000000
2009,540,NCL,New Caledonia,3862.000000
2009,548,VUT,Vanuatu,150544.300000
2009,554,NZL,New Zealand,439762.402000
2009,558,NIC,Nicaragua,37853.000000
2009,562,NER,Niger,29884.000000
2009,566,NGA,Nigeria,598210.000000
2009,570,NIU,Niue,203.000000
2009,578,NOR,Norway,2693500.419000
2009,580,MNP,Northern Mariana Islands,192.000000
2009,583,FSM,Micronesia (Federated States of),22206.000000
2009,584,MHL,Marshall Islands,44182.398000
2009,585,PLW,Palau,329.000000
2009,586,PAK,Pakistan,459058.000000
2009,591,PAN,Panama,239141.000000
2009,598,PNG,Papua New Guinea,217159.729000
2009,604,PER,Peru,6933455.000000
2009,608,PHL,Philippines,2513836.000000
2009,616,POL,Poland,207869.000000
2009,620,PRT,Portugal,199165.000000
2009,624,GNB,Guinea-Bissau,356.000000
2009,626,TLS,Timor-Leste,0.000000
2009,630,PRI,Puerto Rico,2312.000000
2009,634,QAT,Qatar,14064.000000
2009,638,REU,Réunion,2640.146000
2009,642,ROU,Romania,4020.000000
2009,643,RUS,Russian Federation,3831957.000000
2009,646,RWA,Rwanda,11552.000000
2009,654,SHN,"Ascension, Saint Helena and Tristan da Cunha",856.000000
2009,659,KNA,Saint Kitts and Nevis,1750.000000
2009,660,AIA,Anguilla,617.000000
2009,662,LCA,Saint Lucia,2066.000000
2009,666,SPM,Saint Pierre and Miquelon,3879.000000
2009,670,VCT,Saint Vincent and the Grenadines,59587.000000
2009,678,STP,Sao Tome and Principe,4701.000000
2009,682,SAU,Saudi Arabia,67664.000000
2009,686,SEN,Senegal,410500.000000
2009,688,SRB,Serbia,3846.000000
2009,690,SYC,Seychelles,81114.000000
2009,694,SLE,Sierra Leone,0.000000
2009,702,SGP,Singapore,2121.000000
2009,703,SVK,Slovakia,1761.000000
2009,704,VNM,Viet Nam,1890200.000000
2009,705,SVN,Slovenia,1035.259000
2009,710,ZAF,South Africa,522452.000000
2009,724,ESP,Spain,927955.158000
2009,736,,Sudan [former],71698.000000
2009,740,SUR,Suriname,26143.000000
2009,752,SWE,Sweden,203415.000000
2009,756,CHE,Switzerland,2184.000000
2009,760,SYR,Syrian Arab Republic,6607.000000
2009,762,TJK,Tajikistan,0.000000
2009,764,THA,Thailand,1870702.000000
2009,768,TGO,Togo,27025.000000
2009,772,TKL,Tokelau,12.000000
2009,776,TON,Tonga,639.000000
2009,780,TTO,Trinidad and Tobago,13863.000000
2009,784,ARE,United Arab Emirates,77705.000000
2009,788,TUN,Tunisia,94384.809000
2009,792,TUR,Türkiye,463917.000000
2009,795,TKM,Turkmenistan,0.000000
2009,796,TCA,Turks and Caicos Islands,5446.700000
2009,798,TUV,Tuvalu,4458.000000
2009,800,UGA,Uganda,0.000000
2009,804,UKR,Ukraine,220718.000000
2009,807,MKD,North Macedonia,222.000000
2009,818,EGY,Egypt,387398.000000
2009,826,GBR,United Kingdom of Great Britain and Northern Ireland,590853.000000
2009,831,GGY,Guernsey,1437.500000
2009,832,JEY,Jersey,1358.000000
2009,833,IMN,Isle of Man,3555.000000
2009,834,TZA,United Republic of Tanzania,334344.000000
2009,836,EAZ,"United Republic of Tanzania, Zanzibar",25394.000000
2009,840,USA,United States of America,4229471.000000
2009,850,VIR,United States Virgin Islands,1393.000000
2009,858,URY,Uruguay,80872.000000
2009,860,UZB,Uzbekistan,1811.000000
2009,862,VEN,Venezuela (Bolivarian Republic of),110737.000000
2009,876,WLF,Wallis and Futuna Islands,0.000000
2009,882,WSM,Samoa,13278.000000
2009,887,YEM,Yemen,129666.000000
2009,894,ZMB,Zambia,84716.000000
2009,896,,Other NEI,34197.000000
2010,008,ALB,Albania,4242.200000
2010,012,DZA,Algeria,93464.000000
2010,016,ASM,American Samoa,5122.815000
2010,024,AGO,Angola,9511.000000
2010,028,ATG,Antigua and Barbuda,2219.000000
2010,031,AZE,Azerbaijan,42699.550000
2010,032,ARG,Argentina,811749.000000
2010,036,AUS,Australia,177607.386000
2010,040,AUT,Austria,350.000000
2010,044,BHS,Bahamas,16342.440000
2010,048,BHR,Bahrain,13490.000000
2010,050,BGD,Bangladesh,1726586.000000
2010,052,BRB,Barbados,3269.000000
2010,056,BEL,Belgium,22418.000000
2010,060,BMU,Bermuda,375.000000
2010,068,BOL,Bolivia (Plurinational State of),6946.000000
2010,072,BWA,Botswana,60.000000
2010,076,BRA,Brazil,785369.000000
2010,084,BLZ,Belize,399928.000000
2010,086,IOT,British Indian Ocean Territory [former],40.000000
2010,090,SLB,Solomon Islands,27411.000000
2010,092,VGB,British Virgin Islands,0.000000
2010,096,BRN,Brunei Darussalam,2351.000000
2010,100,BGR,Bulgaria,10769.000000
2010,104,MMR,Myanmar,14126.000000
2010,108,BDI,Burundi,17305.000000
2010,112,BLR,Belarus,897.000000
2010,120,CMR,Cameroon,0.000000
2010,124,CAN,Canada,975764.000000
2010,132,CPV,Cabo Verde,21412.000000
2010,136,CYM,Cayman Islands,125.000000
2010,144,LKA,Sri Lanka,390187.000000
2010,148,TCD,Chad,91000.000000
2010,152,CHL,Chile,3048316.000000
2010,156,CHN,China,11404057.000000
2010,158,TWN,Taiwan Province of China,853109.929000
2010,170,COL,Colombia,81166.000000
2010,174,COM,Comoros,58318.000000
2010,175,MYT,Mayotte,19230.000000
2010,178,COG,Congo,65186.000000
2010,180,COD,Democratic Republic of the Congo,4491.000000
2010,184,COK,Cook Islands,9559.000000
2010,188,CRI,Costa Rica,17816.000000
2010,191,HRV,Croatia,52867.300000
2010,192,CUB,Cuba,23996.000000
2010,196,CYP,Cyprus,1375.000000
2010,203,CZE,Czechia,3990.000000
2010,204,BEN,Benin,9782.000000
2010,208,DNK,Denmark,828089.000000
2010,212,DMA,Dominica,240.000000
2010,214,DOM,Dominican Republic,14490.000000
2010,218,ECU,Ecuador,399874.000000
2010,222,SLV,El Salvador,39583.000000
2010,226,GNQ,Equatorial Guinea,5835.000000
2010,231,ETH,Ethiopia,18058.000000
2010,232,ERI,Eritrea,3286.000000
2010,233,EST,Estonia,95731.000000
2010,234,FRO,Faroe Islands,393875.000000
2010,238,FLK,Falkland Islands (Malvinas),99560.000000
2010,242,FJI,Fiji,19943.000000
2010,246,FIN,Finland,156097.000000
2010,250,FRA,France,447843.300000
2010,254,GUF,French Guiana,3578.026000
2010,258,PYF,French Polynesia,13043.733000
2010,262,DJI,Djibouti,1590.000000
2010,268,GEO,Georgia,45539.000000
2010,270,GMB,Gambia,42369.000000
2010,275,PSE,Palestine,1699.000000
2010,276,DEU,Germany,243146.000000
2010,288,GHA,Ghana,350591.511000
2010,296,KIR,Kiribati,39147.000000
2010,300,GRC,Greece,69239.800000
2010,304,GRL,Greenland,209446.000000
2010,308,GRD,Grenada,2182.000000
2010,312,GLP,Guadeloupe,3663.537000
2010,316,GUM,Guam,167.785000
2010,320,GTM,Guatemala,19972.000000
2010,324,GIN,Guinea,97504.000000
2010,328,GUY,Guyana,45188.000000
2010,340,HND,Honduras,9975.000000
2010,344,HKG,"China, Hong Kong SAR",0.000000
2010,348,HUN,Hungary,6216.000000
2010,352,ISL,Iceland,1081655.000000
2010,356,IND,India,4689316.000000
2010,360,IDN,Indonesia,5390461.000000
2010,364,IRN,Iran (Islamic Republic of),443650.000000
2010,368,IRQ,Iraq,19348.000000
2010,372,IRL,Ireland,318941.000000
2010,376,ISR,Israel,2562.000000
2010,380,ITA,Italy,233560.300000
2010,384,CIV,Côte d'Ivoire,48038.000000
2010,388,JAM,Jamaica,14890.000000
2010,392,JPN,Japan,4176187.309000
2010,398,KAZ,Kazakhstan,46827.000000
2010,400,JOR,Jordan,486.000000
2010,404,KEN,Kenya,140607.000000
2010,408,PRK,Democratic People's Republic of Korea,0.000000
2010,410,KOR,Republic of Korea,1735000.004000
2010,414,KWT,Kuwait,6373.000000
2010,417,KGZ,Kyrgyzstan,27.000000
2010,418,LAO,Lao People's Democratic Republic,30900.000000
2010,422,LBN,Lebanon,11.000000
2010,426,LSO,Lesotho,45.000000
2010,428,LVA,Latvia,164819.000000
2010,430,LBR,Liberia,0.000000
2010,434,LBY,Libya,645.000000
2010,440,LTU,Lithuania,149851.000000
2010,450,MDG,Madagascar,91338.000000
2010,454,MWI,Malawi,98298.000000
2010,458,MYS,Malaysia,1433376.000000
2010,462,MDV,Maldives,122804.000000
2010,466,MLI,Mali,1148.000000
2010,470,MLT,Malta,1836.000000
2010,474,MTQ,Martinique,837.868000
2010,478,MRT,Mauritania,261238.000000
2010,480,MUS,Mauritius,7366.000000
2010,484,MEX,Mexico,1528282.000000
2010,496,MNG,Mongolia,100.000000
2010,498,MDA,Republic of Moldova,44.000000
2010,499,MNE,Montenegro,1345.400000
2010,500,MSR,Montserrat,24.000000
2010,504,MAR,Morocco,1143652.113000
2010,508,MOZ,Mozambique,162555.000000
2010,512,OMN,Oman,163927.000000
2010,516,NAM,Namibia,375946.000000
2010,520,NRU,Nauru,589.000000
2010,524,NPL,Nepal,21500.000000
2010,528,NLD,Netherlands (Kingdom of the),432669.000000
2010,530,ANT,Netherlands Antilles [former],18760.000000
2010,533,ABW,Aruba,153.000000
2010,540,NCL,New Caledonia,4027.000000
2010,548,VUT,Vanuatu,98944.500000
2010,554,NZL,New Zealand,436593.362000
2010,558,NIC,Nicaragua,40978.000000
2010,566,NGA,Nigeria,616981.000000
2010,570,NIU,Niue,113.000000
2010,578,NOR,Norway,2838470.049000
2010,580,MNP,Northern Mariana Islands,129.659000
2010,583,FSM,Micronesia (Federated States of),24526.000000
2010,584,MHL,Marshall Islands,57400.532000
2010,585,PLW,Palau,58.000000
2010,586,PAK,Pakistan,455514.000000
2010,591,PAN,Panama,181779.000000
2010,598,PNG,Papua New Guinea,212861.944000
2010,604,PER,Peru,4305975.000000
2010,608,PHL,Philippines,2502872.000000
2010,616,POL,Poland,173700.000000
2010,620,PRT,Portugal,223546.000000
2010,624,GNB,Guinea-Bissau,85.000000
2010,626,TLS,Timor-Leste,0.000000
2010,630,PRI,Puerto Rico,1180.056000
2010,634,QAT,Qatar,13760.000000
2010,638,REU,Réunion,2733.369000
2010,642,ROU,Romania,2688.000000
2010,643,RUS,Russian Federation,4075796.000000
2010,646,RWA,Rwanda,13000.000000
2010,654,SHN,"Ascension, Saint Helena and Tristan da Cunha",864.000000
2010,659,KNA,Saint Kitts and Nevis,21754.000000
2010,660,AIA,Anguilla,620.000000
2010,662,LCA,Saint Lucia,1964.000000
2010,666,SPM,Saint Pierre and Miquelon,4887.000000
2010,670,VCT,Saint Vincent and the Grenadines,66367.000000
2010,678,STP,Sao Tome and Principe,4837.000000
2010,682,SAU,Saudi Arabia,65145.000000
2010,686,SEN,Senegal,379708.145000
2010,688,SRB,Serbia,4807.000000
2010,690,SYC,Seychelles,87111.000000
2010,694,SLE,Sierra Leone,178.000000
2010,702,SGP,Singapore,1732.000000
2010,703,SVK,Slovakia,1608.000000
2010,704,VNM,Viet Nam,2249711.000000
2010,705,SVN,Slovenia,941.000000
2010,710,ZAF,South Africa,639756.000000
2010,724,ESP,Spain,970773.846000
2010,740,SUR,Suriname,35085.000000
2010,752,SWE,Sweden,212035.000000
2010,756,CHE,Switzerland,2101.000000
2010,760,SYR,Syrian Arab Republic,6637.000000
2010,762,TJK,Tajikistan,280.000000
2010,764,THA,Thailand,1810620.000000
2010,768,TGO,Togo,27535.000000
2010,772,TKL,Tokelau,4.000000
2010,776,TON,Tonga,729.000000
2010,780,TTO,Trinidad and Tobago,13930.000000
2010,784,ARE,United Arab Emirates,48745.000000
2010,788,TUN,Tunisia,93178.800000
2010,792,TUR,Türkiye,485925.000000
2010,795,TKM,Turkmenistan,0.000000
2010,796,TCA,Turks and Caicos Islands,3801.000000
2010,798,TUV,Tuvalu,10586.000000
2010,800,UGA,Uganda,413805.000000
2010,804,UKR,Ukraine,209948.000000
2010,807,MKD,North Macedonia,236.000000
2010,818,EGY,Egypt,385209.000000
2010,826,GBR,United Kingdom of Great Britain and Northern Ireland,612629.000000
2010,831,GGY,Guernsey,1550.000000
2010,832,JEY,Jersey,1823.460000
2010,833,IMN,Isle of Man,4814.000000
2010,834,TZA,United Republic of Tanzania,351061.000000
2010,836,EAZ,"United Republic of Tanzania, Zanzibar",25690.000000
2010,840,USA,United States of America,4396944.000000
2010,850,VIR,United States Virgin Islands,1081.283000
2010,858,URY,Uruguay,74153.000000
2010,860,UZB,Uzbekistan,0.000000
2010,862,VEN,Venezuela (Bolivarian Republic of),88878.000000
2010,876,WLF,Wallis and Futuna Islands,0.000000
2010,882,WSM,Samoa,3210.000000
2010,887,YEM,Yemen,113592.000000
2010,894,ZMB,Zambia,76396.000000
2010,896,,Other NEI,18916.000000
2011,008,ALB,Albania,4805.200000
2011,012,DZA,Algeria,101814.860000
2011,016,ASM,American Samoa,3587.094000
2011,024,AGO,Angola,5156.000000
2011,028,ATG,Antigua and Barbuda,3055.000000
2011,031,AZE,Azerbaijan,44286.000000
2011,032,ARG,Argentina,793308.000000
2011,036,AUS,Australia,173851.689000
2011,040,AUT,Austria,350.000000
2011,044,BHS,Bahamas,15313.000000
2011,048,BHR,Bahrain,9915.000000
2011,050,BGD,Bangladesh,1600918.000000
2011,052,BRB,Barbados,1817.890000
2011,056,BEL,Belgium,22477.000000
2011,060,BMU,Bermuda,478.000000
2011,068,BOL,Bolivia (Plurinational State of),6677.000000
2011,072,BWA,Botswana,234.000000
2011,076,BRA,Brazil,760696.000000
2011,084,BLZ,Belize,277494.308000
2011,086,IOT,British Indian Ocean Territory [former],34.000000
2011,090,SLB,Solomon Islands,28297.000000
2011,092,VGB,British Virgin Islands,6.000000
2011,096,BRN,Brunei Darussalam,0.000000
2011,100,BGR,Bulgaria,9623.257000
2011,108,BDI,Burundi,10654.000000
2011,112,BLR,Belarus,1122.000000
2011,120,CMR,Cameroon,0.000000
2011,124,CAN,Canada,938452.327000
2011,132,CPV,Cabo Verde,23077.000000
2011,136,CYM,Cayman Islands,125.000000
2011,144,LKA,Sri Lanka,368644.702000
2011,148,TCD,Chad,95000.000000
2011,152,CHL,Chile,3466956.000000
2011,156,CHN,China,11683615.150000
2011,158,TWN,Taiwan Province of China,875904.432000
2011,170,COL,Colombia,87489.000000
2011,174,COM,Comoros,38180.000000
2011,175,MYT,Mayotte,28602.000000
2011,178,COG,Congo,73233.000000
2011,180,COD,Democratic Republic of the Congo,0.000000
2011,184,COK,Cook Islands,6153.100000
2011,188,CRI,Costa Rica,13828.000000
2011,191,HRV,Croatia,71396.060000
2011,192,CUB,Cuba,24106.000000
2011,196,CYP,Cyprus,1168.000000
2011,203,CZE,Czechia,3859.000000
2011,204,BEN,Benin,38848.000000
2011,208,DNK,Denmark,716387.000000
2011,212,DMA,Dominica,662.000000
2011,214,DOM,Dominican Republic,14005.000000
2011,218,ECU,Ecuador,508793.000000
2011,222,SLV,El Salvador,54403.000000
2011,226,GNQ,Equatorial Guinea,6115.000000
2011,231,ETH,Ethiopia,24041.000000
2011,232,ERI,Eritrea,2639.000000
2011,233,EST,Estonia,81580.000000
2011,234,FRO,Faroe Islands,354956.000000
2011,238,FLK,Falkland Islands (Malvinas),66978.000000
2011,242,FJI,Fiji,46907.000000
2011,246,FIN,Finland,153702.000000
2011,250,FRA,France,496542.749000
2011,254,GUF,French Guiana,4012.740000
2011,258,PYF,French Polynesia,12801.606000
2011,262,DJI,Djibouti,1667.000000
2011,266,GAB,Gabon,0.000000
2011,268,GEO,Georgia,26047.000000
2011,270,GMB,Gambia,0.000000
2011,275,PSE,Palestine,1318.000000
2011,276,DEU,Germany,233883.000000
2011,288,GHA,Ghana,347632.065000
2011,296,KIR,Kiribati,60102.026000
2011,300,GRC,Greece,56668.875000
2011,304,GRL,Greenland,214493.000000
2011,308,GRD,Grenada,2411.465000
2011,312,GLP,Guadeloupe,4307.921000
2011,316,GUM,Guam,120.505000
2011,320,GTM,Guatemala,12484.498000
2011,324,GIN,Guinea,166962.000000
2011,328,GUY,Guyana,43185.000000
2011,332,HTI,Haiti,20.000000
2011,340,HND,Honduras,8114.000000
2011,344,HKG,"China, Hong Kong SAR",0.000000
2011,348,HUN,Hungary,7048.000000
2011,352,ISL,Iceland,1164914.000000
2011,356,IND,India,4311131.999000
2011,360,IDN,Indonesia,5759674.000000
2011,364,IRN,Iran (Islamic Republic of),488793.461000
2011,368,IRQ,Iraq,31541.000000
2011,372,IRL,Ireland,213954.943000
2011,376,ISR,Israel,2525.000000
2011,380,ITA,Italy,212827.703000
2011,384,CIV,Côte d'Ivoire,52468.000000
2011,388,JAM,Jamaica,17208.000000
2011,392,JPN,Japan,3857440.421000
2011,398,KAZ,Kazakhstan,34896.000000
2011,400,JOR,Jordan,150.000000
2011,404,KEN,Kenya,181450.000000
2011,408,PRK,Democratic People's Republic of Korea,0.000000
2011,410,KOR,Republic of Korea,1757193.600000
2011,414,KWT,Kuwait,4038.000000
2011,417,KGZ,Kyrgyzstan,0.000000
2011,422,LBN,Lebanon,13.000000
2011,426,LSO,Lesotho,45.000000
2011,428,LVA,Latvia,154310.000000
2011,430,LBR,Liberia,895.046000
2011,434,LBY,Libya,0.000000
2011,440,LTU,Lithuania,138557.000000
2011,450,MDG,Madagascar,37070.000000
2011,454,MWI,Malawi,82415.000000
2011,458,MYS,Malaysia,1378736.850000
2011,462,MDV,Maldives,120835.000000
2011,470,MLT,Malta,1920.000000
2011,474,MTQ,Martinique,1344.719000
2011,478,MRT,Mauritania,357011.000000
2011,480,MUS,Mauritius,7306.000000
2011,484,MEX,Mexico,1571660.628000
2011,496,MNG,Mongolia,80.000000
2011,498,MDA,Republic of Moldova,0.000000
2011,499,MNE,Montenegro,1517.600000
2011,500,MSR,Montserrat,33.000000
2011,504,MAR,Morocco,974039.986000
2011,508,MOZ,Mozambique,195280.294000
2011,512,OMN,Oman,158566.000000
2011,516,NAM,Namibia,411127.992000
2011,520,NRU,Nauru,11.000000
2011,524,NPL,Nepal,21500.000000
2011,528,NLD,Netherlands (Kingdom of the),368339.069000
2011,530,ANT,Netherlands Antilles [former],0.000000
2011,531,CUW,Curaçao,21568.000000
2011,533,ABW,Aruba,166.000000
2011,540,NCL,New Caledonia,3993.482000
2011,548,VUT,Vanuatu,56551.500000
2011,554,NZL,New Zealand,430338.006000
2011,558,NIC,Nicaragua,32829.000000
2011,562,NER,Niger,53173.000000
2011,566,NGA,Nigeria,635486.000000
2011,570,NIU,Niue,6.000000
2011,574,NFK,Norfolk Island,0.000000
2011,578,NOR,Norway,2442576.505000
2011,580,MNP,Northern Mariana Islands,98.474000
2011,583,FSM,Micronesia (Federated States of),30542.071000
2011,584,MHL,Marshall Islands,90718.450000
2011,585,PLW,Palau,118.200000
2011,586,PAK,Pakistan,457738.999000
2011,591,PAN,Panama,170222.594000
2011,598,PNG,Papua New Guinea,186376.327000
2011,604,PER,Peru,8254957.000000
2011,608,PHL,Philippines,2220780.000000
2011,616,POL,Poland,182291.000000
2011,620,PRT,Portugal,216159.000000
2011,624,GNB,Guinea-Bissau,138.000000
2011,626,TLS,Timor-Leste,6.000000
2011,630,PRI,Puerto Rico,1490.135000
2011,634,QAT,Qatar,12985.000000
2011,638,REU,Réunion,3047.018000
2011,642,ROU,Romania,3254.000000
2011,643,RUS,Russian Federation,4261516.000000
2011,646,RWA,Rwanda,16994.000000
2011,654,SHN,"Ascension, Saint Helena and Tristan da Cunha",1302.000000
2011,659,KNA,Saint Kitts and Nevis,31071.000000
2011,660,AIA,Anguilla,884.000000
2011,662,LCA,Saint Lucia,1811.000000
2011,666,SPM,Saint Pierre and Miquelon,3172.000000
2011,670,VCT,Saint Vincent and the Grenadines,76576.000000
2011,678,STP,Sao Tome and Principe,2215.052000
2011,682,SAU,Saudi Arabia,64481.000000
2011,686,SEN,Senegal,384888.543000
2011,688,SRB,Serbia,5384.000000
2011,690,SYC,Seychelles,74633.677000
2011,694,SLE,Sierra Leone,21.000000
2011,702,SGP,Singapore,1618.000000
2011,703,SVK,Slovakia,1935.000000
2011,704,VNM,Viet Nam,2399528.000000
2011,705,SVN,Slovenia,890.609000
2011,710,ZAF,South Africa,544064.000000
2011,724,ESP,Spain,1006429.105000
2011,752,SWE,Sweden,181321.000000
2011,756,CHE,Switzerland,2098.000000
2011,760,SYR,Syrian Arab Republic,239.000000
2011,762,TJK,Tajikistan,843.000000
2011,764,THA,Thailand,1835125.149000
2011,768,TGO,Togo,24122.000000
2011,772,TKL,Tokelau,14.000000
2011,776,TON,Tonga,748.349000
2011,780,TTO,Trinidad and Tobago,13114.000000
2011,784,ARE,United Arab Emirates,75147.000000
2011,788,TUN,Tunisia,102035.600000
2011,792,TUR,Türkiye,514790.156000
2011,795,TKM,Turkmenistan,0.000000
2011,796,TCA,Turks and Caicos Islands,3327.000000
2011,798,TUV,Tuvalu,11850.000000
2011,800,UGA,Uganda,437415.000000
2011,804,UKR,Ukraine,179984.000000
2011,807,MKD,North Macedonia,268.000000
2011,818,EGY,Egypt,375354.000000
2011,826,GBR,United Kingdom of Great Britain and Northern Ireland,601079.955000
2011,831,GGY,Guernsey,1482.200000
2011,832,JEY,Jersey,1492.300000
2011,833,IMN,Isle of Man,6844.000000
2011,834,TZA,United Republic of Tanzania,348953.479000
2011,836,EAZ,"United Republic of Tanzania, Zanzibar",28757.000000
2011,840,USA,United States of America,5135091.000000
2011,850,VIR,United States Virgin Islands,810.739000
2011,854,BFA,Burkina Faso,16060.000000
2011,858,URY,Uruguay,87969.133000
2011,860,UZB,Uzbekistan,8513.000000
2011,862,VEN,Venezuela (Bolivarian Republic of),201429.177000
2011,876,WLF,Wallis and Futuna Islands,398.000000
2011,882,WSM,Samoa,2001.000000
2011,887,YEM,Yemen,117369.993000
2011,894,ZMB,Zambia,69364.000000
2011,896,,Other NEI,24326.000000
2012,008,ALB,Albania,8605.200000
2012,012,DZA,Algeria,100025.253000
2012,016,ASM,American Samoa,4371.981000
2012,024,AGO,Angola,4422.000000
2012,028,ATG,Antigua and Barbuda,5951.000000
2012,031,AZE,Azerbaijan,54415.950000
2012,032,ARG,Argentina,738060.000000
2012,036,AUS,Australia,164449.317000
2012,040,AUT,Austria,300.000000
2012,044,BHS,Bahamas,16756.829000
2012,048,BHR,Bahrain,26924.000000
2012,050,BGD,Bangladesh,1343301.000000
2012,051,ARM,Armenia,861.000000
2012,052,BRB,Barbados,1360.627000
2012,056,BEL,Belgium,24659.000000
2012,060,BMU,Bermuda,516.000000
2012,064,BTN,Bhutan,2.000000
2012,068,BOL,Bolivia (Plurinational State of),6820.000000
2012,072,BWA,Botswana,378.000000
2012,076,BRA,Brazil,816862.486000
2012,084,BLZ,Belize,170488.894000
2012,086,IOT,British Indian Ocean Territory [former],9.000000
2012,090,SLB,Solomon Islands,28761.000000
2012,092,VGB,British Virgin Islands,1.000000
2012,096,BRN,Brunei Darussalam,0.000000
2012,100,BGR,Bulgaria,9581.100000
2012,108,BDI,Burundi,12309.000000
2012,112,BLR,Belarus,965.000000
2012,120,CMR,Cameroon,199000.000000
2012,124,CAN,Canada,834391.224000
2012,132,CPV,Cabo Verde,20943.446000
2012,136,CYM,Cayman Islands,125.000000
2012,140,CAF,Central African Republic,32000.000000
2012,144,LKA,Sri Lanka,406850.616000
2012,148,TCD,Chad,100000.000000
2012,152,CHL,Chile,3007536.309000
2012,156,CHN,China,11899321.151000
2012,158,TWN,Taiwan Province of China,882070.132000
2012,170,COL,Colombia,49516.000000
2012,174,COM,Comoros,36295.225000
2012,175,MYT,Mayotte,29939.795000
2012,178,COG,Congo,81150.000000
2012,180,COD,Democratic Republic of the Congo,214000.000000
2012,184,COK,Cook Islands,7775.700000
2012,188,CRI,Costa Rica,14995.000000
2012,191,HRV,Croatia,60058.336000
2012,192,CUB,Cuba,22320.000000
2012,196,CYP,Cyprus,1296.859000
2012,203,CZE,Czechia,4033.000000
2012,204,BEN,Benin,40364.000000
2012,208,DNK,Denmark,502790.000000
2012,212,DMA,Dominica,625.000000
2012,214,DOM,Dominican Republic,13662.824000
2012,218,ECU,Ecuador,495366.000000
2012,222,SLV,El Salvador,13650.000000
2012,226,GNQ,Equatorial Guinea,834.000000
2012,231,ETH,Ethiopia,28721.000000
2012,232,ERI,Eritrea,3624.353000
2012,233,EST,Estonia,66613.000000
2012,234,FRO,Faroe Islands,360471.000000
2012,238,FLK,Falkland Islands (Malvinas),85943.600000
2012,242,FJI,Fiji,18631.000000
2012,246,FIN,Finland,162321.000000
2012,250,FRA,France,470288.228000
2012,254,GUF,French Guiana,2280.850000
2012,258,PYF,French Polynesia,14343.168000
2012,262,DJI,Djibouti,2167.000000
2012,266,GAB,Gabon,0.000000
2012,268,GEO,Georgia,11570.000000
2012,270,GMB,Gambia,36062.000000
2012,275,PSE,Palestine,2091.000000
2012,276,DEU,Germany,214408.000000
2012,288,GHA,Ghana,356346.586000
2012,296,KIR,Kiribati,77429.662000
2012,300,GRC,Greece,53671.558000
2012,304,GRL,Greenland,222894.000000
2012,308,GRD,Grenada,2379.633000
2012,312,GLP,Guadeloupe,3433.073000
2012,316,GUM,Guam,101.486000
2012,320,GTM,Guatemala,12901.252000
2012,324,GIN,Guinea,178282.000000
2012,328,GUY,Guyana,53844.000000
2012,340,HND,Honduras,9102.000000
2012,344,HKG,"China, Hong Kong SAR",0.000000
2012,348,HUN,Hungary,6717.000000
2012,352,ISL,Iceland,1466751.000000
2012,356,IND,India,4871642.409000
2012,360,IDN,Indonesia,5748882.338000
2012,364,IRN,Iran (Islamic Republic of),514050.606000
2012,368,IRQ,Iraq,51077.000000
2012,372,IRL,Ireland,275926.855000
2012,376,ISR,Israel,3174.000000
2012,380,ITA,Italy,197429.995000
2012,384,CIV,Côte d'Ivoire,51027.206000
2012,388,JAM,Jamaica,15083.000000
2012,392,JPN,Japan,3737816.801000
2012,398,KAZ,Kazakhstan,36939.000000
2012,400,JOR,Jordan,110.465000
2012,404,KEN,Kenya,158743.000000
2012,408,PRK,Democratic People's Republic of Korea,0.000000
2012,410,KOR,Republic of Korea,1658597.008000
2012,414,KWT,Kuwait,3686.000000
2012,417,KGZ,Kyrgyzstan,0.000000
2012,422,LBN,Lebanon,15.000000
2012,426,LSO,Lesotho,50.000000
2012,428,LVA,Latvia,94404.000000
2012,430,LBR,Liberia,481.693000
2012,434,LBY,Libya,763.000000
2012,440,LTU,Lithuania,66970.000000
2012,450,MDG,Madagascar,48989.271000
2012,454,MWI,Malawi,125392.000000
2012,458,MYS,Malaysia,1477280.215000
2012,462,MDV,Maldives,120000.000000
2012,470,MLT,Malta,2200.130000
2012,474,MTQ,Martinique,764.888000
2012,478,MRT,Mauritania,422709.000000
2012,480,MUS,Mauritius,6352.000000
2012,484,MEX,Mexico,1581200.203000
2012,496,MNG,Mongolia,61.000000
2012,498,MDA,Republic of Moldova,0.000000
2012,499,MNE,Montenegro,1390.600000
2012,500,MSR,Montserrat,41.000000
2012,504,MAR,Morocco,1177472.384000
2012,508,MOZ,Mozambique,210695.711000
2012,512,OMN,Oman,191563.000000
2012,516,NAM,Namibia,466595.925000
2012,520,NRU,Nauru,228.000000
2012,524,NPL,Nepal,21500.000000
2012,528,NLD,Netherlands (Kingdom of the),345244.000000
2012,531,CUW,Curaçao,24565.897000
2012,533,ABW,Aruba,138.000000
2012,535,BES,"Bonaire, Sint Eustatius and Saba",210.000000
2012,540,NCL,New Caledonia,3882.549000
2012,548,VUT,Vanuatu,64554.082000
2012,554,NZL,New Zealand,441930.231000
2012,558,NIC,Nicaragua,33041.000000
2012,562,NER,Niger,46500.000000
2012,566,NGA,Nigeria,668754.000000
2012,570,NIU,Niue,7.000000
2012,574,NFK,Norfolk Island,0.000000
2012,578,NOR,Norway,2282646.449000
2012,580,MNP,Northern Mariana Islands,106.548000
2012,583,FSM,Micronesia (Federated States of),40220.619000
2012,584,MHL,Marshall Islands,74290.000000
2012,585,PLW,Palau,0.000000
2012,586,PAK,Pakistan,479973.998000
2012,591,PAN,Panama,170905.062000
2012,598,PNG,Papua New Guinea,244121.931000
2012,604,PER,Peru,4852760.000000
2012,608,PHL,Philippines,2206570.319000
2012,616,POL,Poland,182373.000000
2012,620,PRT,Portugal,198705.107000
2012,624,GNB,Guinea-Bissau,602.000000
2012,626,TLS,Timor-Leste,6.000000
2012,630,PRI,Puerto Rico,1881.774000
2012,634,QAT,Qatar,11275.000000
2012,638,REU,Réunion,2591.734000
2012,642,ROU,Romania,810.000000
2012,643,RUS,Russian Federation,4337952.771000
2012,646,RWA,Rwanda,18980.000000
2012,654,SHN,"Ascension, Saint Helena and Tristan da Cunha",678.370000
2012,659,KNA,Saint Kitts and Nevis,21887.000000
2012,660,AIA,Anguilla,981.000000
2012,662,LCA,Saint Lucia,1943.517000
2012,666,SPM,Saint Pierre and Miquelon,3740.000000
2012,670,VCT,Saint Vincent and the Grenadines,9650.263000
2012,678,STP,Sao Tome and Principe,2196.100000
2012,682,SAU,Saudi Arabia,65170.000000
2012,686,SEN,Senegal,438758.132000
2012,688,SRB,Serbia,4798.000000
2012,690,SYC,Seychelles,68125.275000
2012,694,SLE,Sierra Leone,340.000000
2012,702,SGP,Singapore,1969.000000
2012,703,SVK,Slovakia,1945.000000
2012,704,VNM,Viet Nam,2523673.000000
2012,705,SVN,Slovenia,485.188000
2012,710,ZAF,South Africa,718426.818000
2012,724,ESP,Spain,926214.553000
2012,752,SWE,Sweden,151609.000000
2012,756,CHE,Switzerland,2003.000000
2012,760,SYR,Syrian Arab Republic,412.000000
2012,762,TJK,Tajikistan,0.000000
2012,764,THA,Thailand,1250007.070000
2012,768,TGO,Togo,19320.000000
2012,772,TKL,Tokelau,248.000000
2012,776,TON,Tonga,908.154000
2012,780,TTO,Trinidad and Tobago,11471.495000
2012,784,ARE,United Arab Emirates,72728.000000
2012,788,TUN,Tunisia,102741.400000
2012,792,TUR,Türkiye,432452.641000
2012,795,TKM,Turkmenistan,0.000000
2012,796,TCA,Turks and Caicos Islands,1960.000000
2012,798,TUV,Tuvalu,16629.000000
2012,800,UGA,Uganda,407638.000000
2012,804,UKR,Ukraine,154392.000000
2012,807,MKD,North Macedonia,249.000000
2012,818,EGY,Egypt,354236.700000
2012,826,GBR,United Kingdom of Great Britain and Northern Ireland,631326.516000
2012,831,GGY,Guernsey,1455.118000
2012,832,JEY,Jersey,1499.500000
2012,833,IMN,Isle of Man,6172.000000
2012,834,TZA,United Republic of Tanzania,375084.641000
2012,836,EAZ,"United Republic of Tanzania, Zanzibar",29810.000000
2012,840,USA,United States of America,5028706.000000
2012,850,VIR,United States Virgin Islands,619.251000
2012,854,BFA,Burkina Faso,20300.000000
2012,858,URY,Uruguay,76161.745000
2012,860,UZB,Uzbekistan,11052.000000
2012,862,VEN,Venezuela (Bolivarian Republic of),208344.016000
2012,876,WLF,Wallis and Futuna Islands,210.000000
2012,882,WSM,Samoa,2499.888000
2012,887,YEM,Yemen,97028.000000
2012,894,ZMB,Zambia,87638.000000
2012,896,,Other NEI,16526.041000
2013,008,ALB,Albania,8973.094000
2013,012,DZA,Algeria,92365.712000
2013,016,ASM,American Samoa,2753.938000
2013,024,AGO,Angola,6816.000000
2013,028,ATG,Antigua and Barbuda,4605.000000
2013,031,AZE,Azerbaijan,48093.100000
2013,032,ARG,Argentina,870705.000000
2013,036,AUS,Australia,157005.375000
2013,040,AUT,Austria,350.000000
2013,044,BHS,Bahamas,12765.000000
2013,048,BHR,Bahrain,13482.000000
2013,050,BGD,Bangladesh,1356181.000000
2013,052,BRB,Barbados,2975.883000
2013,056,BEL,Belgium,25378.000000
2013,060,BMU,Bermuda,461.000000
2013,064,BTN,Bhutan,3.000000
2013,068,BOL,Bolivia (Plurinational State of),7171.000000
2013,072,BWA,Botswana,431.000000
2013,076,BRA,Brazil,770017.557000
2013,084,BLZ,Belize,34470.719000
2013,086,IOT,British Indian Ocean Territory [former],11.000000
2013,090,SLB,Solomon Islands,26577.000000
2013,092,VGB,British Virgin Islands,9.500000
2013,096,BRN,Brunei Darussalam,2826.000000
2013,100,BGR,Bulgaria,9669.933000
2013,108,BDI,Burundi,13232.000000
2013,112,BLR,Belarus,697.000000
2013,116,KHM,Cambodia,105163.000000
2013,120,CMR,Cameroon,207000.000000
2013,124,CAN,Canada,893000.044000
2013,132,CPV,Cabo Verde,35983.796000
2013,136,CYM,Cayman Islands,125.000000
2013,144,LKA,Sri Lanka,438352.079000
2013,148,TCD,Chad,120000.000000
2013,152,CHL,Chile,2288451.040000
2013,156,CHN,China,12061674.444000
2013,158,TWN,Taiwan Province of China,888663.048000
2013,170,COL,Colombia,55450.000000
2013,174,COM,Comoros,41335.217000
2013,175,MYT,Mayotte,26828.688000
2013,178,COG,Congo,73326.000000
2013,180,COD,Democratic Republic of the Congo,227414.000000
2013,184,COK,Cook Islands,3375.200000
2013,188,CRI,Costa Rica,18508.000000
2013,191,HRV,Croatia,70852.623000
2013,192,CUB,Cuba,22103.000000
2013,196,CYP,Cyprus,1157.036000
2013,203,CZE,Czechia,3761.000000
2013,204,BEN,Benin,42416.000000
2013,208,DNK,Denmark,668480.000000
2013,212,DMA,Dominica,527.000000
2013,214,DOM,Dominican Republic,13188.562000
2013,218,ECU,Ecuador,509031.000000
2013,222,SLV,El Salvador,38274.000000
2013,226,GNQ,Equatorial Guinea,423.149000
2013,231,ETH,Ethiopia,38371.000000
2013,232,ERI,Eritrea,3316.683000
2013,233,EST,Estonia,69454.000000
2013,234,FRO,Faroe Islands,487140.000000
2013,238,FLK,Falkland Islands (Malvinas),60487.700000
2013,242,FJI,Fiji,15571.000000
2013,246,FIN,Finland,167787.000000
2013,250,FRA,France,537610.125000
2013,254,GUF,French Guiana,2485.063000
2013,258,PYF,French Polynesia,14503.888000
2013,262,DJI,Djibouti,1702.000000
2013,266,GAB,Gabon,0.000000
2013,268,GEO,Georgia,0.000000
2013,270,GMB,Gambia,43726.000000
2013,275,PSE,Palestine,1930.000000
2013,276,DEU,Germany,235107.000000
2013,288,GHA,Ghana,286158.459000
2013,296,KIR,Kiribati,80970.018000
2013,300,GRC,Greece,57165.778000
2013,304,GRL,Greenland,275432.000000
2013,308,GRD,Grenada,2856.665000
2013,312,GLP,Guadeloupe,3530.352000
2013,316,GUM,Guam,108.642000
2013,320,GTM,Guatemala,15326.400000
2013,324,GIN,Guinea,202209.000000
2013,328,GUY,Guyana,49268.000000
2013,340,HND,Honduras,10664.000000
2013,344,HKG,"China, Hong Kong SAR",0.000000
2013,348,HUN,Hungary,6472.000000
2013,352,ISL,Iceland,1380229.000000
2013,356,IND,India,4643438.457000
2013,360,IDN,Indonesia,6035728.690000
2013,364,IRN,Iran (Islamic Republic of),527949.708000
2013,368,IRQ,Iraq,56853.000000
2013,372,IRL,Ireland,246449.827000
2013,376,ISR,Israel,1933.000000
2013,380,ITA,Italy,172915.311000
2013,384,CIV,Côte d'Ivoire,60139.018000
2013,388,JAM,Jamaica,18049.000000
2013,392,JPN,Japan,3717667.797000
2013,398,KAZ,Kazakhstan,34692.000000
2013,400,JOR,Jordan,88.708000
2013,404,KEN,Kenya,163133.000000
2013,408,PRK,Democratic People's Republic of Korea,0.000000
2013,410,KOR,Republic of Korea,1585821.662000
2013,414,KWT,Kuwait,4307.000000
2013,417,KGZ,Kyrgyzstan,0.000000
2013,422,LBN,Lebanon,17.000000
2013,426,LSO,Lesotho,50.000000
2013,428,LVA,Latvia,116029.000000
2013,430,LBR,Liberia,522.979000
2013,434,LBY,Libya,933.000000
2013,440,LTU,Lithuania,90871.000000
2013,450,MDG,Madagascar,80714.033000
2013,454,MWI,Malawi,112248.000000
2013,458,MYS,Malaysia,1319439.763000
2013,462,MDV,Maldives,125190.285000
2013,470,MLT,Malta,2355.776000
2013,474,MTQ,Martinique,780.571000
2013,478,MRT,Mauritania,372833.000000
2013,480,MUS,Mauritius,7915.916000
2013,484,MEX,Mexico,1626418.147000
2013,498,MDA,Republic of Moldova,0.000000
2013,499,MNE,Montenegro,1580.500000
2013,500,MSR,Montserrat,44.000000
2013,504,MAR,Morocco,1229886.080000
2013,508,MOZ,Mozambique,222101.000000
2013,512,OMN,Oman,206169.000000
2013,516,NAM,Namibia,482702.600000
2013,520,NRU,Nauru,263.000000
2013,524,NPL,Nepal,21500.000000
2013,528,NLD,Netherlands (Kingdom of the),325852.998000
2013,531,CUW,Curaçao,25690.689000
2013,533,ABW,Aruba,145.000000
2013,535,BES,"Bonaire, Sint Eustatius and Saba",236.000000
2013,540,NCL,New Caledonia,3588.000000
2013,548,VUT,Vanuatu,67636.574000
2013,554,NZL,New Zealand,444067.296000
2013,558,NIC,Nicaragua,40974.000000
2013,562,NER,Niger,45000.000000
2013,566,NGA,Nigeria,721355.000000
2013,570,NIU,Niue,38.000000
2013,574,NFK,Norfolk Island,0.000000
2013,578,NOR,Norway,2241396.576000
2013,580,MNP,Northern Mariana Islands,158.199000
2013,583,FSM,Micronesia (Federated States of),31713.500000
2013,584,MHL,Marshall Islands,77834.000000
2013,585,PLW,Palau,0.000000
2013,586,PAK,Pakistan,471809.001000
2013,591,PAN,Panama,204323.351000
2013,598,PNG,Papua New Guinea,228192.588000
2013,604,PER,Peru,5876493.000000
2013,608,PHL,Philippines,2201842.573000
2013,616,POL,Poland,198163.000000
2013,620,PRT,Portugal,196558.352000
2013,624,GNB,Guinea-Bissau,182.000000
2013,626,TLS,Timor-Leste,6.000000
2013,630,PRI,Puerto Rico,1912.389000
2013,634,QAT,Qatar,12006.000000
2013,638,REU,Réunion,2745.937000
2013,642,ROU,Romania,1618.000000
2013,643,RUS,Russian Federation,4366230.916000
2013,646,RWA,Rwanda,22390.000000
2013,654,SHN,"Ascension, Saint Helena and Tristan da Cunha",573.920000
2013,659,KNA,Saint Kitts and Nevis,17717.000000
2013,660,AIA,Anguilla,788.000000
2013,662,LCA,Saint Lucia,1991.637000
2013,666,SPM,Saint Pierre and Miquelon,3036.878000
2013,670,VCT,Saint Vincent and the Grenadines,39499.904000
2013,678,STP,Sao Tome and Principe,2256.200000
2013,682,SAU,Saudi Arabia,71946.000000
2013,686,SEN,Senegal,447490.764000
2013,688,SRB,Serbia,5040.000000
2013,690,SYC,Seychelles,72340.460000
2013,694,SLE,Sierra Leone,0.000000
2013,702,SGP,Singapore,1645.000000
2013,703,SVK,Slovakia,1986.000000
2013,704,VNM,Viet Nam,2623588.000000
2013,705,SVN,Slovenia,400.216000
2013,710,ZAF,South Africa,430115.107000
2013,724,ESP,Spain,985014.693000
2013,740,SUR,Suriname,35516.000000
2013,752,SWE,Sweden,188951.000000
2013,756,CHE,Switzerland,2007.000000
2013,760,SYR,Syrian Arab Republic,334.000000
2013,762,TJK,Tajikistan,0.000000
2013,764,THA,Thailand,1338426.496000
2013,768,TGO,Togo,20015.000000
2013,772,TKL,Tokelau,196.000000
2013,776,TON,Tonga,637.000000
2013,780,TTO,Trinidad and Tobago,12854.857000
2013,784,ARE,United Arab Emirates,73203.000000
2013,788,TUN,Tunisia,104194.600000
2013,792,TUR,Türkiye,374141.361000
2013,795,TKM,Turkmenistan,0.000000
2013,796,TCA,Turks and Caicos Islands,2013.000000
2013,798,TUV,Tuvalu,11933.000000
2013,800,UGA,Uganda,419249.000000
2013,804,UKR,Ukraine,203668.705000
2013,807,MKD,North Macedonia,334.000000
2013,818,EGY,Egypt,356857.086000
2013,826,GBR,United Kingdom of Great Britain and Northern Ireland,632342.047000
2013,831,GGY,Guernsey,1310.600000
2013,832,JEY,Jersey,1536.600000
2013,833,IMN,Isle of Man,5745.000000
2013,834,TZA,United Republic of Tanzania,375643.975000
2013,836,EAZ,"United Republic of Tanzania, Zanzibar",30712.000000
2013,840,USA,United States of America,5016273.000000
2013,850,VIR,United States Virgin Islands,490.206000
2013,854,BFA,Burkina Faso,20500.000000
2013,858,URY,Uruguay,59195.865000
2013,860,UZB,Uzbekistan,13670.000000
2013,862,VEN,Venezuela (Bolivarian Republic of),208281.377000
2013,876,WLF,Wallis and Futuna Islands,237.000000
2013,882,WSM,Samoa,2124.000000
2013,887,YEM,Yemen,0.000000
2013,894,ZMB,Zambia,87787.000000
2013,896,,Other NEI,27523.312000
2014,008,ALB,Albania,8705.050000
2014,012,DZA,Algeria,82275.241000
2014,016,ASM,American Samoa,2341.944000
2014,024,AGO,Angola,442084.000000
2014,028,ATG,Antigua and Barbuda,3114.000000
2014,031,AZE,Azerbaijan,47267.600000
2014,032,ARG,Argentina,829935.000000
2014,036,AUS,Australia,141029.726000
2014,040,AUT,Austria,350.000000
2014,044,BHS,Bahamas,11878.220000
2014,048,BHR,Bahrain,15772.000000
2014,050,BGD,Bangladesh,1378660.600000
2014,051,ARM,Armenia,4795.000000
2014,052,BRB,Barbados,2206.588000
2014,056,BEL,Belgium,26509.000000
2014,060,BMU,Bermuda,417.000000
2014,068,BOL,Bolivia (Plurinational State of),6990.000000
2014,072,BWA,Botswana,1168.000000
2014,076,BRA,Brazil,773293.416000
2014,084,BLZ,Belize,75508.561000
2014,086,IOT,British Indian Ocean Territory [former],9.000000
2014,090,SLB,Solomon Islands,63595.000000
2014,092,VGB,British Virgin Islands,11.884000
2014,096,BRN,Brunei Darussalam,3186.000000
2014,100,BGR,Bulgaria,8687.395000
2014,108,BDI,Burundi,16054.000000
2014,112,BLR,Belarus,766.000000
2014,116,KHM,Cambodia,120250.000000
2014,120,CMR,Cameroon,175000.000000
2014,124,CAN,Canada,884382.504000
2014,132,CPV,Cabo Verde,35677.683000
2014,136,CYM,Cayman Islands,125.000000
2014,144,LKA,Sri Lanka,455532.731000
2014,148,TCD,Chad,120020.000000
2014,152,CHL,Chile,2592430.483000
2014,156,CHN,China,13956923.411000
2014,158,TWN,Taiwan Province of China,1034604.228000
2014,170,COL,Colombia,78306.000000
2014,174,COM,Comoros,9266.399000
2014,175,MYT,Mayotte,607.570000
2014,178,COG,Congo,73536.000000
2014,180,COD,Democratic Republic of the Congo,229612.000000
2014,184,COK,Cook Islands,3694.225000
2014,188,CRI,Costa Rica,14696.000000
2014,191,HRV,Croatia,80242.840000
2014,192,CUB,Cuba,25056.000000
2014,196,CYP,Cyprus,1240.536000
2014,203,CZE,Czechia,3812.000000
2014,204,BEN,Benin,47583.000000
2014,208,DNK,Denmark,745343.000000
2014,212,DMA,Dominica,729.000000
2014,214,DOM,Dominican Republic,13783.527000
2014,218,ECU,Ecuador,656447.600000
2014,222,SLV,El Salvador,50573.000000
2014,226,GNQ,Equatorial Guinea,468.919000
2014,231,ETH,Ethiopia,50119.000000
2014,232,ERI,Eritrea,3395.716000
2014,233,EST,Estonia,68883.000000
2014,234,FRO,Faroe Islands,542836.000000
2014,238,FLK,Falkland Islands (Malvinas),71178.475000
2014,242,FJI,Fiji,14278.000000
2014,246,FIN,Finland,182956.000000
2014,250,FRA,France,544521.278000
2014,254,GUF,French Guiana,2743.244000
2014,258,PYF,French Polynesia,15277.830000
2014,262,DJI,Djibouti,2298.000000
2014,266,GAB,Gabon,25103.000000
2014,268,GEO,Georgia,0.000000
2014,270,GMB,Gambia,50272.000000
2014,275,PSE,Palestine,2854.000000
2014,276,DEU,Germany,242743.000000
2014,288,GHA,Ghana,299053.015000
2014,296,KIR,Kiribati,116963.000000
2014,300,GRC,Greece,55046.687000
2014,304,GRL,Greenland,292441.000000
2014,308,GRD,Grenada,1953.606000
2014,312,GLP,Guadeloupe,3113.062000
2014,316,GUM,Guam,86.858000
2014,320,GTM,Guatemala,16813.300000
2014,324,GIN,Guinea,183348.000000
2014,328,GUY,Guyana,37746.000000
2014,340,HND,Honduras,7469.000000
2014,348,HUN,Hungary,7463.000000
2014,352,ISL,Iceland,1095508.000000
2014,356,IND,India,338898.433000
2014,360,IDN,Indonesia,6404129.406000
2014,364,IRN,Iran (Islamic Republic of),594996.447000
2014,368,IRQ,Iraq,59000.000000
2014,372,IRL,Ireland,276923.736000
2014,376,ISR,Israel,790.000000
2014,380,ITA,Italy,173032.303000
2014,384,CIV,Côte d'Ivoire,71765.818000
2014,388,JAM,Jamaica,15204.000000
2014,392,JPN,Japan,3734302.659000
2014,398,KAZ,Kazakhstan,37137.000000
2014,400,JOR,Jordan,495.816000
2014,404,KEN,Kenya,169092.800000
2014,408,PRK,Democratic People's Republic of Korea,0.000000
2014,410,KOR,Republic of Korea,1743812.367000
2014,414,KWT,Kuwait,3840.000000
2014,417,KGZ,Kyrgyzstan,227.000000
2014,422,LBN,Lebanon,2978.000000
2014,426,LSO,Lesotho,52.000000
2014,428,LVA,Latvia,119536.000000
2014,430,LBR,Liberia,543.186000
2014,434,LBY,Libya,933.000000
2014,440,LTU,Lithuania,150067.000000
2014,450,MDG,Madagascar,35641.835000
2014,454,MWI,Malawi,116129.000000
2014,458,MYS,Malaysia,1304221.858000
2014,462,MDV,Maldives,123088.389000
2014,466,MLI,Mali,80000.000000
2014,470,MLT,Malta,2405.314000
2014,474,MTQ,Martinique,1131.185000
2014,478,MRT,Mauritania,363339.000000
2014,480,MUS,Mauritius,14658.217000
2014,484,MEX,Mexico,1529367.569000
2014,496,MNG,Mongolia,49.000000
2014,498,MDA,Republic of Moldova,0.000000
2014,499,MNE,Montenegro,1556.400000
2014,500,MSR,Montserrat,41.000000
2014,504,MAR,Morocco,1324726.429000
2014,508,MOZ,Mozambique,253103.534000
2014,512,OMN,Oman,211037.000000
2014,516,NAM,Namibia,441082.045000
2014,520,NRU,Nauru,270.000000
2014,524,NPL,Nepal,21500.000000
2014,528,NLD,Netherlands (Kingdom of the),369783.000000
2014,531,CUW,Curaçao,27989.269000
2014,533,ABW,Aruba,152.000000
2014,535,BES,"Bonaire, Sint Eustatius and Saba",259.000000
2014,540,NCL,New Caledonia,3869.000000
2014,548,VUT,Vanuatu,67707.260000
2014,554,NZL,New Zealand,442371.726000
2014,558,NIC,Nicaragua,54364.000000
2014,562,NER,Niger,47000.000000
2014,566,NGA,Nigeria,759828.000000
2014,570,NIU,Niue,0.000000
2014,574,NFK,Norfolk Island,0.000000
2014,578,NOR,Norway,2450364.117000
2014,580,MNP,Northern Mariana Islands,146.136000
2014,583,FSM,Micronesia (Federated States of),43096.000000
2014,584,MHL,Marshall Islands,75927.000000
2014,585,PLW,Palau,0.000000
2014,586,PAK,Pakistan,457400.001000
2014,591,PAN,Panama,176148.277000
2014,598,PNG,Papua New Guinea,237647.118000
2014,604,PER,Peru,3599053.000000
2014,608,PHL,Philippines,2249129.490000
2014,616,POL,Poland,175587.000000
2014,620,PRT,Portugal,183663.772000
2014,624,GNB,Guinea-Bissau,0.000000
2014,626,TLS,Timor-Leste,0.000000
2014,630,PRI,Puerto Rico,1810.356000
2014,634,QAT,Qatar,16213.200000
2014,638,REU,Réunion,2548.919000
2014,642,ROU,Romania,2198.000000
2014,643,RUS,Russian Federation,4266059.671000
2014,646,RWA,Rwanda,25159.000000
2014,654,SHN,"Ascension, Saint Helena and Tristan da Cunha",650.830000
2014,659,KNA,Saint Kitts and Nevis,66142.000000
2014,660,AIA,Anguilla,876.000000
2014,662,LCA,Saint Lucia,1981.440000
2014,666,SPM,Saint Pierre and Miquelon,2545.451000
2014,670,VCT,Saint Vincent and the Grenadines,81332.541000
2014,678,STP,Sao Tome and Principe,2407.397000
2014,682,SAU,Saudi Arabia,68660.000000
2014,686,SEN,Senegal,415245.675000
2014,688,SRB,Serbia,3593.000000
2014,690,SYC,Seychelles,73703.397000
2014,694,SLE,Sierra Leone,0.000000
2014,702,SGP,Singapore,1433.000000
2014,703,SVK,Slovakia,1944.000000
2014,704,VNM,Viet Nam,2743462.000000
2014,705,SVN,Slovenia,410.500000
2014,710,ZAF,South Africa,607130.904000
2014,716,ZWE,Zimbabwe,28353.125000
2014,724,ESP,Spain,1059920.586000
2014,740,SUR,Suriname,32739.000000
2014,752,SWE,Sweden,181574.000000
2014,756,CHE,Switzerland,1983.000000
2014,760,SYR,Syrian Arab Republic,0.000000
2014,762,TJK,Tajikistan,0.000000
2014,764,THA,Thailand,1211967.771000
2014,768,TGO,Togo,19849.000000
2014,772,TKL,Tokelau,86.000000
2014,776,TON,Tonga,858.030000
2014,780,TTO,Trinidad and Tobago,12920.827000
2014,784,ARE,United Arab Emirates,73018.000000
2014,788,TUN,Tunisia,109151.664000
2014,792,TUR,Türkiye,302213.604000
2014,795,TKM,Turkmenistan,0.000000
2014,796,TCA,Turks and Caicos Islands,2361.000000
2014,798,TUV,Tuvalu,6389.000000
2014,800,UGA,Uganda,461196.000000
2014,804,UKR,Ukraine,143083.076000
2014,807,MKD,North Macedonia,282.000000
2014,818,EGY,Egypt,344791.080000
2014,826,GBR,United Kingdom of Great Britain and Northern Ireland,755988.039000
2014,831,GGY,Guernsey,1521.900000
2014,832,JEY,Jersey,1460.560000
2014,833,IMN,Isle of Man,3755.000000
2014,834,TZA,United Republic of Tanzania,338531.520000
2014,836,EAZ,"United Republic of Tanzania, Zanzibar",32872.000000
2014,840,USA,United States of America,4910247.000000
2014,850,VIR,United States Virgin Islands,501.524000
2014,854,BFA,Burkina Faso,20700.000000
2014,858,URY,Uruguay,65080.716000
2014,860,UZB,Uzbekistan,17116.000000
2014,862,VEN,Venezuela (Bolivarian Republic of),205246.583000
2014,876,WLF,Wallis and Futuna Islands,181.000000
2014,882,WSM,Samoa,1200.000000
2014,887,YEM,Yemen,0.000000
2014,894,ZMB,Zambia,87226.000000
2014,896,,Other NEI,11652.122000
2015,008,ALB,Albania,7855.100000
2015,012,DZA,Algeria,82814.224000
2015,016,ASM,American Samoa,2570.546000
2015,024,AGO,Angola,491486.000000
2015,028,ATG,Antigua and Barbuda,3165.000000
2015,031,AZE,Azerbaijan,48160.800000
2015,032,ARG,Argentina,814300.000000
2015,036,AUS,Australia,143549.922000
2015,040,AUT,Austria,350.000000
2015,044,BHS,Bahamas,11307.290000
2015,050,BGD,Bangladesh,1400379.490000
2015,052,BRB,Barbados,1491.876000
2015,056,BEL,Belgium,24438.000000
2015,060,BMU,Bermuda,407.000000
2015,064,BTN,Bhutan,7.000000
2015,068,BOL,Bolivia (Plurinational State of),0.000000
2015,070,BIH,Bosnia and Herzegovina,300.000000
2015,072,BWA,Botswana,81.000000
2015,076,BRA,Brazil,47796.194000
2015,084,BLZ,Belize,97435.239000
2015,086,IOT,British Indian Ocean Territory [former],12.000000
2015,090,SLB,Solomon Islands,62806.000000
2015,092,VGB,British Virgin Islands,7.058000
2015,096,BRN,Brunei Darussalam,3370.000000
2015,100,BGR,Bulgaria,8828.733000
2015,108,BDI,Burundi,20120.000000
2015,112,BLR,Belarus,869.000000
2015,116,KHM,Cambodia,120500.400000
2015,120,CMR,Cameroon,190000.000000
2015,124,CAN,Canada,871148.223000
2015,132,CPV,Cabo Verde,41240.001000
2015,136,CYM,Cayman Islands,125.000000
2015,144,LKA,Sri Lanka,430514.148000
2015,148,TCD,Chad,100000.000000
2015,152,CHL,Chile,2131693.059000
2015,156,CHN,China,14170302.689000
2015,158,TWN,Taiwan Province of China,957891.064000
2015,170,COL,Colombia,62370.000000
2015,174,COM,Comoros,11638.692000
2015,175,MYT,Mayotte,501.772000
2015,178,COG,Congo,69349.000000
2015,180,COD,Democratic Republic of the Congo,230726.000000
2015,184,COK,Cook Islands,5125.000000
2015,188,CRI,Costa Rica,0.000000
2015,191,HRV,Croatia,73864.433000
2015,192,CUB,Cuba,13654.000000
2015,196,CYP,Cyprus,1439.194000
2015,203,CZE,Czechia,3841.000000
2015,204,BEN,Benin,36477.000000
2015,208,DNK,Denmark,868986.000000
2015,212,DMA,Dominica,990.000000
2015,214,DOM,Dominican Republic,11894.877000
2015,218,ECU,Ecuador,632571.100000
2015,222,SLV,El Salvador,46513.000000
2015,226,GNQ,Equatorial Guinea,1239.256000
2015,231,ETH,Ethiopia,50489.000000
2015,232,ERI,Eritrea,5596.721000
2015,233,EST,Estonia,73195.000000
2015,234,FRO,Faroe Islands,585564.000000
2015,238,FLK,Falkland Islands (Malvinas),54296.942000
2015,242,FJI,Fiji,13456.000000
2015,246,FIN,Finland,182865.000000
2015,250,FRA,France,541064.588000
2015,254,GUF,French Guiana,3683.007000
2015,258,PYF,French Polynesia,9647.225000
2015,262,DJI,Djibouti,2012.000000
2015,268,GEO,Georgia,1.000000
2015,270,GMB,Gambia,52718.000000
2015,275,PSE,Palestine,3227.000000
2015,276,DEU,Germany,261744.000000
2015,288,GHA,Ghana,344325.900000
2015,296,KIR,Kiribati,143136.000000
2015,300,GRC,Greece,60149.791000
2015,304,GRL,Greenland,268371.000000
2015,308,GRD,Grenada,1658.918000
2015,312,GLP,Guadeloupe,3362.644000
2015,316,GUM,Guam,71.247000
2015,320,GTM,Guatemala,15977.893000
2015,324,GIN,Guinea,158652.000000
2015,328,GUY,Guyana,36558.000000
2015,340,HND,Honduras,10691.000000
2015,348,HUN,Hungary,5926.000000
2015,352,ISL,Iceland,1347485.000000
2015,356,IND,India,309375.515000
2015,360,IDN,Indonesia,6499398.101000
2015,364,IRN,Iran (Islamic Republic of),608097.821000
2015,368,IRQ,Iraq,27296.000000
2015,372,IRL,Ireland,234870.535000
2015,376,ISR,Israel,503.000000
2015,380,ITA,Italy,190350.664000
2015,384,CIV,Côte d'Ivoire,97023.918000
2015,388,JAM,Jamaica,17025.000000
2015,392,JPN,Japan,3165466.055000
2015,398,KAZ,Kazakhstan,40461.000000
2015,400,JOR,Jordan,504.302000
2015,404,KEN,Kenya,165092.856000
2015,408,PRK,Democratic People's Republic of Korea,0.000000
2015,410,KOR,Republic of Korea,1647229.523000
2015,414,KWT,Kuwait,3859.000000
2015,417,KGZ,Kyrgyzstan,31.000000
2015,422,LBN,Lebanon,3618.000000
2015,428,LVA,Latvia,81340.000000
2015,430,LBR,Liberia,906.216000
2015,434,LBY,Libya,3820.000000
2015,440,LTU,Lithuania,85144.000000
2015,450,MDG,Madagascar,113950.978000
2015,454,MWI,Malawi,141643.000000
2015,458,MYS,Malaysia,1332916.590000
2015,462,MDV,Maldives,125371.924000
2015,466,MLI,Mali,92480.000000
2015,470,MLT,Malta,2563.392000
2015,474,MTQ,Martinique,879.103000
2015,478,MRT,Mauritania,388776.000000
2015,480,MUS,Mauritius,13755.209000
2015,484,MEX,Mexico,1479562.952000
2015,496,MNG,Mongolia,63.000000
2015,498,MDA,Republic of Moldova,0.000000
2015,499,MNE,Montenegro,1486.800000
2015,500,MSR,Montserrat,34.000000
2015,504,MAR,Morocco,1337404.295000
2015,508,MOZ,Mozambique,286751.985000
2015,512,OMN,Oman,257022.000000
2015,516,NAM,Namibia,507057.900000
2015,520,NRU,Nauru,19.000000
2015,524,NPL,Nepal,21500.000000
2015,528,NLD,Netherlands (Kingdom of the),382891.000000
2015,531,CUW,Curaçao,29652.820000
2015,533,ABW,Aruba,150.000000
2015,535,BES,"Bonaire, Sint Eustatius and Saba",125.000000
2015,540,NCL,New Caledonia,4058.000000
2015,548,VUT,Vanuatu,81513.000000
2015,554,NZL,New Zealand,433812.331000
2015,558,NIC,Nicaragua,40307.000000
2015,562,NER,Niger,27000.000000
2015,566,NGA,Nigeria,710331.000000
2015,570,NIU,Niue,0.000000
2015,574,NFK,Norfolk Island,0.000000
2015,578,NOR,Norway,2452205.107000
2015,580,MNP,Northern Mariana Islands,105.297000
2015,583,FSM,Micronesia (Federated States of),61567.000000
2015,584,MHL,Marshall Islands,86918.000000
2015,585,PLW,Palau,73.000000
2015,586,PAK,Pakistan,476498.000000
2015,591,PAN,Panama,166243.882000
2015,598,PNG,Papua New Guinea,215960.500000
2015,604,PER,Peru,4843860.000000
2015,608,PHL,Philippines,2153987.000000
2015,616,POL,Poland,189414.000000
2015,620,PRT,Portugal,190098.157000
2015,624,GNB,Guinea-Bissau,0.000000
2015,626,TLS,Timor-Leste,0.000000
2015,630,PRI,Puerto Rico,1825.858000
2015,634,QAT,Qatar,15201.800000
2015,638,REU,Réunion,2850.171000
2015,642,ROU,Romania,9307.000000
2015,643,RUS,Russian Federation,4464132.286000
2015,646,RWA,Rwanda,29334.000000
2015,654,SHN,"Ascension, Saint Helena and Tristan da Cunha",612.916000
2015,659,KNA,Saint Kitts and Nevis,100398.520000
2015,660,AIA,Anguilla,780.000000
2015,662,LCA,Saint Lucia,2030.478000
2015,666,SPM,Saint Pierre and Miquelon,3498.345000
2015,670,VCT,Saint Vincent and the Grenadines,25590.998000
2015,678,STP,Sao Tome and Principe,11440.800000
2015,682,SAU,Saudi Arabia,68130.000000
2015,686,SEN,Senegal,404595.120000
2015,688,SRB,Serbia,3150.000000
2015,690,SYC,Seychelles,104721.712000
2015,694,SLE,Sierra Leone,0.000000
2015,702,SGP,Singapore,1265.000000
2015,703,SVK,Slovakia,1971.000000
2015,704,VNM,Viet Nam,2860638.000000
2015,705,SVN,Slovenia,343.392000
2015,710,ZAF,South Africa,571288.800000
2015,716,ZWE,Zimbabwe,24833.550000
2015,724,ESP,Spain,972346.092000
2015,729,SDN,Sudan,33000.000000
2015,740,SUR,Suriname,38673.000000
2015,752,SWE,Sweden,211963.000000
2015,756,CHE,Switzerland,2023.000000
2015,760,SYR,Syrian Arab Republic,40.000000
2015,762,TJK,Tajikistan,0.000000
2015,764,THA,Thailand,1095979.063000
2015,768,TGO,Togo,21497.000000
2015,772,TKL,Tokelau,179.000000
2015,776,TON,Tonga,1803.030000
2015,780,TTO,Trinidad and Tobago,11769.963000
2015,784,ARE,United Arab Emirates,74056.000000
2015,788,TUN,Tunisia,113031.230000
2015,792,TUR,Türkiye,431907.397000
2015,795,TKM,Turkmenistan,0.000000
2015,796,TCA,Turks and Caicos Islands,2917.000000
2015,798,TUV,Tuvalu,5157.000000
2015,800,UGA,Uganda,396205.000000
2015,804,UKR,Ukraine,120486.142000
2015,807,MKD,North Macedonia,350.000000
2015,818,EGY,Egypt,344112.000000
2015,826,GBR,United Kingdom of Great Britain and Northern Ireland,706150.329000
2015,831,GGY,Guernsey,1370.600000
2015,832,JEY,Jersey,1200.597000
2015,833,IMN,Isle of Man,7781.000000
2015,834,TZA,United Republic of Tanzania,373558.715000
2015,836,EAZ,"United Republic of Tanzania, Zanzibar",34103.000000
2015,840,USA,United States of America,4978626.000000
2015,850,VIR,United States Virgin Islands,460.017000
2015,854,BFA,Burkina Faso,20750.000000
2015,858,URY,Uruguay,59540.099000
2015,860,UZB,Uzbekistan,22956.000000
2015,862,VEN,Venezuela (Bolivarian Republic of),236897.691000
2015,876,WLF,Wallis and Futuna Islands,204.000000
2015,882,WSM,Samoa,1193.333000
2015,887,YEM,Yemen,0.000000
2015,894,ZMB,Zambia,90064.000000
2015,896,,Other NEI,56788.640000
2016,008,ALB,Albania,7862.090000
2016,012,DZA,Algeria,82784.687000
2016,016,ASM,American Samoa,2203.455000
2016,024,AGO,Angola,361992.000000
2016,031,AZE,Azerbaijan,59421.900000
2016,032,ARG,Argentina,755226.000000
2016,036,AUS,Australia,162779.356000
2016,040,AUT,Austria,350.000000
2016,044,BHS,Bahamas,11625.000000
2016,050,BGD,Bangladesh,1430952.970000
2016,052,BRB,Barbados,1731.082000
2016,056,BEL,Belgium,26687.000000
2016,060,BMU,Bermuda,410.000000
2016,068,BOL,Bolivia (Plurinational State of),0.000000
2016,070,BIH,Bosnia and Herzegovina,300.000000
2016,072,BWA,Botswana,38.000000
2016,076,BRA,Brazil,50394.967000
2016,084,BLZ,Belize,89608.505000
2016,086,IOT,British Indian Ocean Territory [former],7.000000
2016,090,SLB,Solomon Islands,61452.356000
2016,092,VGB,British Virgin Islands,0.000000
2016,096,BRN,Brunei Darussalam,13292.000000
2016,100,BGR,Bulgaria,8614.223000
2016,108,BDI,Burundi,21805.000000
2016,112,BLR,Belarus,688.300000
2016,116,KHM,Cambodia,120600.000000
2016,120,CMR,Cameroon,205190.000000
2016,124,CAN,Canada,883388.440000
2016,132,CPV,Cabo Verde,29110.781000
2016,136,CYM,Cayman Islands,125.000000
2016,144,LKA,Sri Lanka,445874.110000
2016,148,TCD,Chad,110000.000000
2016,152,CHL,Chile,1822996.607000
2016,156,CHN,China,15956261.578000
2016,158,TWN,Taiwan Province of China,722591.930000
2016,170,COL,Colombia,68705.000000
2016,174,COM,Comoros,20244.213000
2016,175,MYT,Mayotte,704.780000
2016,178,COG,Congo,86834.000000
2016,180,COD,Democratic Republic of the Congo,237372.000000
2016,184,COK,Cook Islands,2022.000000
2016,188,CRI,Costa Rica,11726.618000
2016,191,HRV,Croatia,73220.530000
2016,192,CUB,Cuba,13578.000000
2016,196,CYP,Cyprus,1450.784000
2016,203,CZE,Czechia,3507.000000
2016,204,BEN,Benin,49806.000000
2016,208,DNK,Denmark,670215.000000
2016,212,DMA,Dominica,499.000000
2016,214,DOM,Dominican Republic,14640.693000
2016,218,ECU,Ecuador,709181.000000
2016,222,SLV,El Salvador,38352.090000
2016,226,GNQ,Equatorial Guinea,838.293000
2016,231,ETH,Ethiopia,50421.245000
2016,232,ERI,Eritrea,2335.859000
2016,233,EST,Estonia,75656.000000
2016,234,FRO,Faroe Islands,568435.000000
2016,238,FLK,Falkland Islands (Malvinas),59130.526000
2016,242,FJI,Fiji,15052.000000
2016,246,FIN,Finland,192881.000000
2016,250,FRA,France,560999.534000
2016,254,GUF,French Guiana,3656.000000
2016,258,PYF,French Polynesia,8924.623000
2016,262,DJI,Djibouti,2220.000000
2016,268,GEO,Georgia,44688.688000
2016,270,GMB,Gambia,57261.000000
2016,275,PSE,Palestine,3306.000000
2016,276,DEU,Germany,271185.000000
2016,288,GHA,Ghana,311916.098000
2016,296,KIR,Kiribati,171299.000000
2016,300,GRC,Greece,69856.940000
2016,304,GRL,Greenland,273175.000000
2016,308,GRD,Grenada,1948.471000
2016,312,GLP,Guadeloupe,3272.963000
2016,316,GUM,Guam,69.763000
2016,320,GTM,Guatemala,15423.012000
2016,324,GIN,Guinea,136402.000000
2016,328,GUY,Guyana,42142.000000
2016,340,HND,Honduras,10574.000000
2016,348,HUN,Hungary,5091.000000
2016,352,ISL,Iceland,1092966.000000
2016,356,IND,India,191555.824000
2016,360,IDN,Indonesia,5444023.336000
2016,364,IRN,Iran (Islamic Republic of),667066.754000
2016,368,IRQ,Iraq,31300.000000
2016,372,IRL,Ireland,230355.358000
2016,376,ISR,Israel,1246.000000
2016,380,ITA,Italy,190080.437000
2016,384,CIV,Côte d'Ivoire,101886.619000
2016,388,JAM,Jamaica,17307.000000
2016,392,JPN,Japan,2991704.396000
2016,398,KAZ,Kazakhstan,41334.543000
2016,400,JOR,Jordan,471.500000
2016,404,KEN,Kenya,133507.999000
2016,408,PRK,Democratic People's Republic of Korea,0.000000
2016,410,KOR,Republic of Korea,1365039.094000
2016,414,KWT,Kuwait,5187.000000
2016,417,KGZ,Kyrgyzstan,89.000000
2016,422,LBN,Lebanon,4271.000000
2016,428,LVA,Latvia,114278.000000
2016,430,LBR,Liberia,541.106000
2016,434,LBY,Libya,4587.389000
2016,440,LTU,Lithuania,106945.000000
2016,450,MDG,Madagascar,141532.730000
2016,454,MWI,Malawi,152852.000000
2016,458,MYS,Malaysia,1400612.623000
2016,462,MDV,Maldives,127000.907000
2016,470,MLT,Malta,3558.880000
2016,474,MTQ,Martinique,867.000000
2016,478,MRT,Mauritania,594754.000000
2016,480,MUS,Mauritius,16208.910000
2016,484,MEX,Mexico,1524467.283000
2016,496,MNG,Mongolia,15.000000
2016,498,MDA,Republic of Moldova,0.000000
2016,499,MNE,Montenegro,1595.000000
2016,500,MSR,Montserrat,31.000000
2016,504,MAR,Morocco,1435671.694000
2016,508,MOZ,Mozambique,299752.240000
2016,512,OMN,Oman,279588.000000
2016,516,NAM,Namibia,512856.900000
2016,520,NRU,Nauru,19.000000
2016,524,NPL,Nepal,21500.000000
2016,528,NLD,Netherlands (Kingdom of the),368665.000000
2016,531,CUW,Curaçao,35028.300000
2016,533,ABW,Aruba,150.000000
2016,540,NCL,New Caledonia,3563.000000
2016,548,VUT,Vanuatu,44391.100000
2016,554,NZL,New Zealand,424940.944000
2016,558,NIC,Nicaragua,44289.000000
2016,562,NER,Niger,34592.000000
2016,566,NGA,Nigeria,734731.000000
2016,570,NIU,Niue,0.000000
2016,574,NFK,Norfolk Island,0.000000
2016,578,NOR,Norway,2201292.743000
2016,580,MNP,Northern Mariana Islands,142.902000
2016,583,FSM,Micronesia (Federated States of),78088.000000
2016,584,MHL,Marshall Islands,62414.000000
2016,585,PLW,Palau,68.000000
2016,586,PAK,Pakistan,512037.001000
2016,591,PAN,Panama,119918.552000
2016,598,PNG,Papua New Guinea,302938.000000
2016,604,PER,Peru,3828751.000000
2016,608,PHL,Philippines,2027025.500000
2016,616,POL,Poland,202091.000000
2016,620,PRT,Portugal,186541.738000
2016,624,GNB,Guinea-Bissau,0.000000
2016,626,TLS,Timor-Leste,0.000000
2016,630,PRI,Puerto Rico,1851.476000
2016,634,QAT,Qatar,14513.700000
2016,638,REU,Réunion,3337.623000
2016,642,ROU,Romania,12728.000000
2016,643,RUS,Russian Federation,4773470.911000
2016,646,RWA,Rwanda,25013.000000
2016,654,SHN,"Ascension, Saint Helena and Tristan da Cunha",889.570000
2016,659,KNA,Saint Kitts and Nevis,65768.930000
2016,660,AIA,Anguilla,684.000000
2016,662,LCA,Saint Lucia,2117.647000
2016,666,SPM,Saint Pierre and Miquelon,3027.000000
2016,670,VCT,Saint Vincent and the Grenadines,22833.714000
2016,678,STP,Sao Tome and Principe,11719.700000
2016,682,SAU,Saudi Arabia,66537.997000
2016,686,SEN,Senegal,453375.324000
2016,688,SRB,Serbia,2067.000000
2016,690,SYC,Seychelles,127008.899000
2016,694,SLE,Sierra Leone,0.000000
2016,702,SGP,Singapore,1234.000000
2016,703,SVK,Slovakia,1866.000000
2016,704,VNM,Viet Nam,3077941.000000
2016,705,SVN,Slovenia,310.519000
2016,710,ZAF,South Africa,620877.044000
2016,716,ZWE,Zimbabwe,29356.543000
2016,724,ESP,Spain,911501.601000
2016,729,SDN,Sudan,2.000000
2016,740,SUR,Suriname,43063.000000
2016,752,SWE,Sweden,203373.000000
2016,756,CHE,Switzerland,1851.000000
2016,760,SYR,Syrian Arab Republic,47.000000
2016,762,TJK,Tajikistan,0.000000
2016,764,THA,Thailand,1143414.038000
2016,768,TGO,Togo,31891.000000
2016,772,TKL,Tokelau,179.000000
2016,776,TON,Tonga,548.000000
2016,780,TTO,Trinidad and Tobago,12745.500000
2016,784,ARE,United Arab Emirates,73287.000000
2016,788,TUN,Tunisia,104231.439000
2016,792,TUR,Türkiye,335324.593000
2016,795,TKM,Turkmenistan,0.000000
2016,796,TCA,Turks and Caicos Islands,3145.000000
2016,798,TUV,Tuvalu,6694.000000
2016,800,UGA,Uganda,381803.000000
2016,804,UKR,Ukraine,75858.843000
2016,807,MKD,North Macedonia,122.000000
2016,818,EGY,Egypt,335597.335000
2016,826,GBR,United Kingdom of Great Britain and Northern Ireland,697221.873000
2016,832,JEY,Jersey,1617.000000
2016,833,IMN,Isle of Man,7040.000000
2016,834,TZA,United Republic of Tanzania,368631.431000
2016,836,EAZ,"United Republic of Tanzania, Zanzibar",33893.000000
2016,840,USA,United States of America,4831797.000000
2016,850,VIR,United States Virgin Islands,587.837000
2016,854,BFA,Burkina Faso,21770.000000
2016,858,URY,Uruguay,51551.750000
2016,860,UZB,Uzbekistan,27267.000000
2016,862,VEN,Venezuela (Bolivarian Republic of),282662.510000
2016,876,WLF,Wallis and Futuna Islands,182.000000
2016,882,WSM,Samoa,1301.000000
2016,887,YEM,Yemen,0.000000
2016,894,ZMB,Zambia,91975.000000
2016,896,,Other NEI,26570.984000
2017,008,ALB,Albania,8563.200000
2017,012,DZA,Algeria,87370.015000
2017,016,ASM,American Samoa,2318.280000
2017,024,AGO,Angola,507075.000000
2017,031,AZE,Azerbaijan,60009.000000
2017,032,ARG,Argentina,835061.000000
2017,036,AUS,Australia,158875.096000
2017,040,AUT,Austria,350.000000
2017,044,BHS,Bahamas,11479.940000
2017,050,BGD,Bangladesh,1581442.040000
2017,052,BRB,Barbados,1734.344000
2017,056,BEL,Belgium,24366.000000
2017,060,BMU,Bermuda,380.000000
2017,064,BTN,Bhutan,16.000000
2017,068,BOL,Bolivia (Plurinational State of),0.000000
2017,070,BIH,Bosnia and Herzegovina,300.000000
2017,076,BRA,Brazil,54185.009000
2017,084,BLZ,Belize,113307.059000
2017,086,IOT,British Indian Ocean Territory [former],15.000000
2017,090,SLB,Solomon Islands,46771.000000
2017,092,VGB,British Virgin Islands,0.000000
2017,096,BRN,Brunei Darussalam,11864.000000
2017,100,BGR,Bulgaria,8559.038000
2017,108,BDI,Burundi,18999.000000
2017,112,BLR,Belarus,773.300000
2017,116,KHM,Cambodia,121025.000000
2017,120,CMR,Cameroon,236445.000000
2017,124,CAN,Canada,855768.134000
2017,132,CPV,Cabo Verde,18839.680000
2017,136,CYM,Cayman Islands,125.000000
2017,144,LKA,Sri Lanka,430513.843000
2017,148,TCD,Chad,107045.000000
2017,152,CHL,Chile,2334041.120000
2017,156,CHN,China,15526085.312000
2017,158,TWN,Taiwan Province of China,714778.564000
2017,170,COL,Colombia,86008.500000
2017,174,COM,Comoros,17473.848000
2017,175,MYT,Mayotte,885.978000
2017,178,COG,Congo,95035.000000
2017,184,COK,Cook Islands,3864.000000
2017,188,CRI,Costa Rica,12448.876000
2017,191,HRV,Croatia,69909.177000
2017,192,CUB,Cuba,12665.000000
2017,196,CYP,Cyprus,1732.147000
2017,203,CZE,Czechia,3557.000000
2017,204,BEN,Benin,59418.700000
2017,208,DNK,Denmark,904477.000000
2017,212,DMA,Dominica,784.000000
2017,214,DOM,Dominican Republic,15724.554000
2017,218,ECU,Ecuador,622982.000000
2017,222,SLV,El Salvador,32930.343000
2017,226,GNQ,Equatorial Guinea,11.000000
2017,231,ETH,Ethiopia,56001.100000
2017,232,ERI,Eritrea,3442.078000
2017,233,EST,Estonia,82820.000000
2017,234,FRO,Faroe Islands,701892.000000
2017,238,FLK,Falkland Islands (Malvinas),67027.401000
2017,242,FJI,Fiji,17726.000000
2017,246,FIN,Finland,190625.000000
2017,250,FRA,France,559224.183000
2017,254,GUF,French Guiana,3064.000000
2017,258,PYF,French Polynesia,9625.633000
2017,262,DJI,Djibouti,2022.000000
2017,268,GEO,Georgia,137403.372000
2017,270,GMB,Gambia,60461.000000
2017,275,PSE,Palestine,3208.000000
2017,276,DEU,Germany,248237.000000
2017,288,GHA,Ghana,351652.825000
2017,296,KIR,Kiribati,159709.000000
2017,300,GRC,Greece,72375.983000
2017,304,GRL,Greenland,310741.000000
2017,308,GRD,Grenada,1659.309000
2017,312,GLP,Guadeloupe,3258.637000
2017,316,GUM,Guam,152.457000
2017,320,GTM,Guatemala,18109.955000
2017,324,GIN,Guinea,291169.000000
2017,328,GUY,Guyana,42977.000000
2017,340,HND,Honduras,8952.000000
2017,348,HUN,Hungary,5636.000000
2017,352,ISL,Iceland,1203786.000000
2017,356,IND,India,145294.457000
2017,360,IDN,Indonesia,6194114.219000
2017,364,IRN,Iran (Islamic Republic of),758759.985000
2017,368,IRQ,Iraq,35220.000000
2017,372,IRL,Ireland,246829.842000
2017,376,ISR,Israel,850.000000
2017,380,ITA,Italy,191094.762000
2017,384,CIV,Côte d'Ivoire,95248.740000
2017,388,JAM,Jamaica,15517.000000
2017,392,JPN,Japan,3007343.588000
2017,398,KAZ,Kazakhstan,41319.995000
2017,400,JOR,Jordan,501.663000
2017,404,KEN,Kenya,154356.127000
2017,410,KOR,Republic of Korea,1357906.918000
2017,414,KWT,Kuwait,3978.000000
2017,417,KGZ,Kyrgyzstan,0.000000
2017,422,LBN,Lebanon,3597.000000
2017,428,LVA,Latvia,69411.600000
2017,430,LBR,Liberia,10383.090000
2017,434,LBY,Libya,1664.990000
2017,440,LTU,Lithuania,89770.000000
2017,450,MDG,Madagascar,160805.943000
2017,454,MWI,Malawi,199455.000000
2017,458,MYS,Malaysia,1292510.302000
2017,462,MDV,Maldives,140640.261000
2017,466,MLI,Mali,106221.000000
2017,470,MLT,Malta,2155.543000
2017,474,MTQ,Martinique,715.000000
2017,478,MRT,Mauritania,779580.000000
2017,480,MUS,Mauritius,22871.253000
2017,484,MEX,Mexico,1637380.509000
2017,496,MNG,Mongolia,22.000000
2017,498,MDA,Republic of Moldova,0.000000
2017,499,MNE,Montenegro,934.700000
2017,500,MSR,Montserrat,26.000000
2017,504,MAR,Morocco,1358974.363000
2017,508,MOZ,Mozambique,329586.621000
2017,512,OMN,Oman,347539.000000
2017,516,NAM,Namibia,498621.737000
2017,520,NRU,Nauru,19.000000
2017,524,NPL,Nepal,21000.000000
2017,528,NLD,Netherlands (Kingdom of the),498876.550000
2017,531,CUW,Curaçao,32118.309000
2017,533,ABW,Aruba,149.000000
2017,535,BES,"Bonaire, Sint Eustatius and Saba",261.000000
2017,540,NCL,New Caledonia,3425.000000
2017,548,VUT,Vanuatu,32837.000000
2017,554,NZL,New Zealand,431143.233000
2017,558,NIC,Nicaragua,50675.000000
2017,562,NER,Niger,25195.000000
2017,566,NGA,Nigeria,895693.970000
2017,570,NIU,Niue,0.000000
2017,574,NFK,Norfolk Island,0.000000
2017,578,NOR,Norway,2558757.615000
2017,580,MNP,Northern Mariana Islands,128.708000
2017,583,FSM,Micronesia (Federated States of),90662.000000
2017,584,MHL,Marshall Islands,67497.000000
2017,585,PLW,Palau,2693.000000
2017,586,PAK,Pakistan,522199.999000
2017,591,PAN,Panama,119082.737000
2017,598,PNG,Papua New Guinea,308701.000000
2017,600,PRY,Paraguay,1344.257000
2017,604,PER,Peru,4185193.000000
2017,608,PHL,Philippines,1889210.367000
2017,616,POL,Poland,210375.000000
2017,620,PRT,Portugal,182608.851000
2017,624,GNB,Guinea-Bissau,0.000000
2017,626,TLS,Timor-Leste,0.000000
2017,630,PRI,Puerto Rico,1555.625000
2017,634,QAT,Qatar,15358.600000
2017,638,REU,Réunion,2416.741000
2017,642,ROU,Romania,14998.000000
2017,643,RUS,Russian Federation,4873829.610000
2017,646,RWA,Rwanda,25000.000000
2017,654,SHN,"Ascension, Saint Helena and Tristan da Cunha",814.110000
2017,659,KNA,Saint Kitts and Nevis,84958.170000
2017,660,AIA,Anguilla,758.000000
2017,662,LCA,Saint Lucia,2091.508000
2017,666,SPM,Saint Pierre and Miquelon,3162.000000
2017,670,VCT,Saint Vincent and the Grenadines,32937.784000
2017,678,STP,Sao Tome and Principe,2519.800000
2017,682,SAU,Saudi Arabia,66349.002000
2017,686,SEN,Senegal,496604.614000
2017,688,SRB,Serbia,2209.000000
2017,690,SYC,Seychelles,141990.030000
2017,694,SLE,Sierra Leone,0.000000
2017,702,SGP,Singapore,1110.000000
2017,703,SVK,Slovakia,1870.000000
2017,704,VNM,Viet Nam,1223765.000000
2017,705,SVN,Slovenia,280.070000
2017,710,ZAF,South Africa,525597.122000
2017,716,ZWE,Zimbabwe,31258.346000
2017,724,ESP,Spain,948045.868000
2017,729,SDN,Sudan,38390.000000
2017,740,SUR,Suriname,47734.000000
2017,752,SWE,Sweden,228330.000000
2017,756,CHE,Switzerland,1932.000000
2017,760,SYR,Syrian Arab Republic,57.000000
2017,762,TJK,Tajikistan,0.000000
2017,764,THA,Thailand,1121918.320000
2017,768,TGO,Togo,26915.000000
2017,772,TKL,Tokelau,67.000000
2017,776,TON,Tonga,536.000000
2017,780,TTO,Trinidad and Tobago,12572.288000
2017,784,ARE,United Arab Emirates,75287.000000
2017,788,TUN,Tunisia,106303.076000
2017,792,TUR,Türkiye,354318.297000
2017,795,TKM,Turkmenistan,0.000000
2017,796,TCA,Turks and Caicos Islands,1324.000000
2017,798,TUV,Tuvalu,6485.000000
2017,800,UGA,Uganda,389629.000000
2017,804,UKR,Ukraine,93481.886000
2017,807,MKD,North Macedonia,87.000000
2017,818,EGY,Egypt,370958.670000
2017,826,GBR,United Kingdom of Great Britain and Northern Ireland,726123.198000
2017,831,GGY,Guernsey,1250.950000
2017,832,JEY,Jersey,1478.100000
2017,833,IMN,Isle of Man,6759.000000
2017,834,TZA,United Republic of Tanzania,388846.730000
2017,836,EAZ,"United Republic of Tanzania, Zanzibar",35057.000000
2017,840,USA,United States of America,5017050.000000
2017,850,VIR,United States Virgin Islands,547.577000
2017,854,BFA,Burkina Faso,25208.000000
2017,858,URY,Uruguay,65289.649000
2017,860,UZB,Uzbekistan,0.000000
2017,862,VEN,Venezuela (Bolivarian Republic of),35601.540000
2017,876,WLF,Wallis and Futuna Islands,216.000000
2017,882,WSM,Samoa,3337.000000
2017,887,YEM,Yemen,0.000000
2017,894,ZMB,Zambia,101036.000000
2017,896,,Other NEI,60243.285000
2018,008,ALB,Albania,8630.300000
2018,012,DZA,Algeria,99216.887000
2018,016,ASM,American Samoa,2028.332000
2018,024,AGO,Angola,417966.000000
2018,031,AZE,Azerbaijan,58403.750000
2018,032,ARG,Argentina,835387.000000
2018,036,AUS,Australia,159526.664000
2018,040,AUT,Austria,350.000000
2018,044,BHS,Bahamas,10998.694000
2018,050,BGD,Bangladesh,1646094.960000
2018,052,BRB,Barbados,1732.046000
2018,056,BEL,Belgium,22722.000000
2018,060,BMU,Bermuda,354.000000
2018,064,BTN,Bhutan,0.000000
2018,068,BOL,Bolivia (Plurinational State of),0.000000
2018,070,BIH,Bosnia and Herzegovina,300.000000
2018,076,BRA,Brazil,51004.373000
2018,084,BLZ,Belize,205047.026000
2018,086,IOT,British Indian Ocean Territory [former],10.000000
2018,090,SLB,Solomon Islands,62468.118000
2018,092,VGB,British Virgin Islands,0.000000
2018,096,BRN,Brunei Darussalam,13566.000000
2018,100,BGR,Bulgaria,8598.906000
2018,112,BLR,Belarus,800.400000
2018,116,KHM,Cambodia,121100.000000
2018,120,CMR,Cameroon,281945.000000
2018,124,CAN,Canada,836844.608000
2018,132,CPV,Cabo Verde,27136.142000
2018,144,LKA,Sri Lanka,432218.440000
2018,152,CHL,Chile,2371683.401000
2018,156,CHN,China,11611600.511000
2018,158,TWN,Taiwan Province of China,784293.964000
2018,170,COL,Colombia,63419.000000
2018,174,COM,Comoros,13772.438000
2018,175,MYT,Mayotte,953.861000
2018,178,COG,Congo,98734.000000
2018,180,COD,Democratic Republic of the Congo,0.000000
2018,184,COK,Cook Islands,4168.205000
2018,188,CRI,Costa Rica,14372.587000
2018,191,HRV,Croatia,70509.127000
2018,192,CUB,Cuba,13754.000000
2018,196,CYP,Cyprus,1466.815000
2018,203,CZE,Czechia,3650.000000
2018,204,BEN,Benin,44629.200000
2018,208,DNK,Denmark,789170.000000
2018,212,DMA,Dominica,762.000000
2018,214,DOM,Dominican Republic,13920.445000
2018,218,ECU,Ecuador,597753.600000
2018,222,SLV,El Salvador,34550.349000
2018,226,GNQ,Equatorial Guinea,41.614000
2018,231,ETH,Ethiopia,63720.762000
2018,232,ERI,Eritrea,5069.087000
2018,233,EST,Estonia,87051.000000
2018,234,FRO,Faroe Islands,660056.000000
2018,238,FLK,Falkland Islands (Malvinas),91829.987000
2018,242,FJI,Fiji,14205.413000
2018,246,FIN,Finland,175200.386000
2018,250,FRA,France,595843.656000
2018,254,GUF,French Guiana,2935.000000
2018,258,PYF,French Polynesia,10373.020000
2018,262,DJI,Djibouti,2102.000000
2018,268,GEO,Georgia,113503.507000
2018,270,GMB,Gambia,49226.000000
2018,275,PSE,Palestine,3201.000000
2018,276,DEU,Germany,279213.000000
2018,288,GHA,Ghana,348419.203000
2018,296,KIR,Kiribati,195064.529000
2018,300,GRC,Greece,71555.970000
2018,304,GRL,Greenland,301052.000000
2018,308,GRD,Grenada,1756.823000
2018,312,GLP,Guadeloupe,2745.317000
2018,316,GUM,Guam,94.807000
2018,320,GTM,Guatemala,16125.374000
2018,324,GIN,Guinea,254007.000000
2018,328,GUY,Guyana,41388.000000
2018,332,HTI,Haiti,0.000000
2018,340,HND,Honduras,9023.000000
2018,348,HUN,Hungary,5249.000000
2018,352,ISL,Iceland,1279500.000000
2018,356,IND,India,268033.592000
2018,360,IDN,Indonesia,6018552.084000
2018,364,IRN,Iran (Islamic Republic of),799140.315000
2018,368,IRQ,Iraq,36936.000000
2018,372,IRL,Ireland,221740.955000
2018,380,ITA,Italy,200255.361000
2018,384,CIV,Côte d'Ivoire,109087.039000
2018,388,JAM,Jamaica,15346.000000
2018,392,JPN,Japan,3193829.867000
2018,398,KAZ,Kazakhstan,37283.141000
2018,400,JOR,Jordan,528.839000
2018,404,KEN,Kenya,136723.325000
2018,410,KOR,Republic of Korea,1376387.309000
2018,414,KWT,Kuwait,2871.000000
2018,417,KGZ,Kyrgyzstan,19.000000
2018,422,LBN,Lebanon,2776.000000
2018,428,LVA,Latvia,73144.000000
2018,430,LBR,Liberia,13089.299000
2018,434,LBY,Libya,1935.060000
2018,440,LTU,Lithuania,75019.240000
2018,450,MDG,Madagascar,126188.227000
2018,454,MWI,Malawi,221849.000000
2018,458,MYS,Malaysia,1268665.731000
2018,462,MDV,Maldives,148899.706000
2018,466,MLI,Mali,40386.000000
2018,470,MLT,Malta,2729.639000
2018,474,MTQ,Martinique,1154.000000
2018,478,MRT,Mauritania,952706.752000
2018,480,MUS,Mauritius,26474.934000
2018,484,MEX,Mexico,1699290.203000
2018,496,MNG,Mongolia,25.000000
2018,498,MDA,Republic of Moldova,0.000000
2018,499,MNE,Montenegro,1147.800000
2018,504,MAR,Morocco,1355131.897000
2018,508,MOZ,Mozambique,5439.729000
2018,512,OMN,Oman,554558.000000
2018,516,NAM,Namibia,487394.215000
2018,520,NRU,Nauru,8904.000000
2018,524,NPL,Nepal,21000.000000
2018,528,NLD,Netherlands (Kingdom of the),413286.228000
2018,531,CUW,Curaçao,37357.480000
2018,533,ABW,Aruba,149.000000
2018,535,BES,"Bonaire, Sint Eustatius and Saba",6.000000
2018,540,NCL,New Caledonia,3002.771000
2018,548,VUT,Vanuatu,41884.560000
2018,554,NZL,New Zealand,408010.808000
2018,558,NIC,Nicaragua,54257.000000
2018,562,NER,Niger,31042.000000
2018,566,NGA,Nigeria,878155.000000
2018,570,NIU,Niue,0.000000
2018,578,NOR,Norway,2665069.388000
2018,580,MNP,Northern Mariana Islands,123.160000
2018,583,FSM,Micronesia (Federated States of),127291.770000
2018,584,MHL,Marshall Islands,75552.102000
2018,585,PLW,Palau,3133.716000
2018,586,PAK,Pakistan,491627.000000
2018,591,PAN,Panama,195451.101000
2018,598,PNG,Papua New Guinea,314182.360000
2018,600,PRY,Paraguay,1410.538000
2018,604,PER,Peru,7208637.468000
2018,608,PHL,Philippines,1822063.710000
2018,616,POL,Poland,206689.000000
2018,620,PRT,Portugal,178268.283000
2018,624,GNB,Guinea-Bissau,49700.594000
2018,626,TLS,Timor-Leste,6059.310000
2018,630,PRI,Puerto Rico,1640.932000
2018,634,QAT,Qatar,14665.300000
2018,638,REU,Réunion,2608.771000
2018,642,ROU,Romania,11179.000000
2018,643,RUS,Russian Federation,5119477.147000
2018,646,RWA,Rwanda,23977.000000
2018,654,SHN,"Ascension, Saint Helena and Tristan da Cunha",809.152000
2018,659,KNA,Saint Kitts and Nevis,1044.370000
2018,660,AIA,Anguilla,758.000000
2018,662,LCA,Saint Lucia,2019.920000
2018,666,SPM,Saint Pierre and Miquelon,3236.000000
2018,670,VCT,Saint Vincent and the Grenadines,2327.883000
2018,678,STP,Sao Tome and Principe,56.555000
2018,682,SAU,Saudi Arabia,67944.000000
2018,686,SEN,Senegal,405354.847000
2018,688,SRB,Serbia,2082.000000
2018,690,SYC,Seychelles,146920.764000
2018,694,SLE,Sierra Leone,0.000000
2018,702,SGP,Singapore,1309.741000
2018,703,SVK,Slovakia,0.000000
2018,704,VNM,Viet Nam,3346179.000000
2018,705,SVN,Slovenia,263.745000
2018,710,ZAF,South Africa,568860.237000
2018,716,ZWE,Zimbabwe,29306.960000
2018,724,ESP,Spain,930705.692000
2018,729,SDN,Sudan,41041.000000
2018,740,SUR,Suriname,38449.000000
2018,752,SWE,Sweden,221662.000000
2018,756,CHE,Switzerland,1553.000000
2018,760,SYR,Syrian Arab Republic,66.000000
2018,762,TJK,Tajikistan,0.000000
2018,764,THA,Thailand,1084402.480000
2018,768,TGO,Togo,24620.000000
2018,772,TKL,Tokelau,55.000000
2018,776,TON,Tonga,379.392000
2018,780,TTO,Trinidad and Tobago,12810.510000
2018,784,ARE,United Arab Emirates,75615.000000
2018,788,TUN,Tunisia,105959.277000
2018,792,TUR,Türkiye,314093.928000
2018,795,TKM,Turkmenistan,0.000000
2018,796,TCA,Turks and Caicos Islands,2090.000000
2018,798,TUV,Tuvalu,11829.386000
2018,800,UGA,Uganda,439354.000000
2018,804,UKR,Ukraine,76507.061000
2018,807,MKD,North Macedonia,140.000000
2018,818,EGY,Egypt,373285.000000
2018,826,GBR,United Kingdom of Great Britain and Northern Ireland,699703.909000
2018,831,GGY,Guernsey,1194.900000
2018,832,JEY,Jersey,2003.764000
2018,833,IMN,Isle of Man,4431.000000
2018,834,TZA,United Republic of Tanzania,377993.742000
2018,836,EAZ,"United Republic of Tanzania, Zanzibar",35445.000000
2018,840,USA,United States of America,4786315.000000
2018,850,VIR,United States Virgin Islands,289.267000
2018,854,BFA,Burkina Faso,27299.000000
2018,858,URY,Uruguay,67906.333000
2018,862,VEN,Venezuela (Bolivarian Republic of),33848.442000
2018,876,WLF,Wallis and Futuna Islands,260.000000
2018,882,WSM,Samoa,2240.612000
2018,887,YEM,Yemen,500.000000
2018,894,ZMB,Zambia,98538.000000
2018,896,,Other NEI,76181.690000
2019,008,ALB,Albania,8711.000000
2019,012,DZA,Algeria,88107.484000
2019,016,ASM,American Samoa,1435.010000
2019,024,AGO,Angola,377013.000000
2019,031,AZE,Azerbaijan,59506.600000
2019,032,ARG,Argentina,826095.000000
2019,036,AUS,Australia,153681.387000
2019,044,BHS,Bahamas,10145.915000
2019,050,BGD,Bangladesh,1660654.710000
2019,052,BRB,Barbados,870.164000
2019,056,BEL,Belgium,21067.000000
2019,060,BMU,Bermuda,374.000000
2019,064,BTN,Bhutan,0.500000
2019,068,BOL,Bolivia (Plurinational State of),0.000000
2019,070,BIH,Bosnia and Herzegovina,300.000000
2019,076,BRA,Brazil,47654.778000
2019,084,BLZ,Belize,209394.099000
2019,090,SLB,Solomon Islands,68171.890000
2019,092,VGB,British Virgin Islands,0.000000
2019,096,BRN,Brunei Darussalam,13690.420000
2019,100,BGR,Bulgaria,10329.650000
2019,112,BLR,Belarus,662.000000
2019,116,KHM,Cambodia,122250.000000
2019,120,CMR,Cameroon,265968.828000
2019,124,CAN,Canada,846033.383000
2019,132,CPV,Cabo Verde,17565.204000
2019,144,LKA,Sri Lanka,435973.211000
2019,152,CHL,Chile,2379928.724000
2019,156,CHN,China,11220456.051000
2019,158,TWN,Taiwan Province of China,725862.854000
2019,170,COL,Colombia,112072.552000
2019,174,COM,Comoros,17593.855000
2019,175,MYT,Mayotte,926.017000
2019,178,COG,Congo,70349.837000
2019,180,COD,Democratic Republic of the Congo,0.000000
2019,184,COK,Cook Islands,5560.641000
2019,188,CRI,Costa Rica,17718.968000
2019,191,HRV,Croatia,64550.644000
2019,192,CUB,Cuba,10787.100000
2019,196,CYP,Cyprus,1539.205000
2019,203,CZE,Czechia,3721.000000
2019,204,BEN,Benin,37948.000000
2019,208,DNK,Denmark,638326.000000
2019,212,DMA,Dominica,860.400000
2019,214,DOM,Dominican Republic,16065.998000
2019,218,ECU,Ecuador,608160.086000
2019,222,SLV,El Salvador,31399.375000
2019,226,GNQ,Equatorial Guinea,51.721000
2019,231,ETH,Ethiopia,59000.892000
2019,232,ERI,Eritrea,3890.418000
2019,233,EST,Estonia,86755.000000
2019,234,FRO,Faroe Islands,653119.300000
2019,238,FLK,Falkland Islands (Malvinas),85398.670000
2019,242,FJI,Fiji,15174.869000
2019,246,FIN,Finland,163917.278000
2019,250,FRA,France,531794.726000
2019,254,GUF,French Guiana,2917.000000
2019,258,PYF,French Polynesia,10602.058000
2019,262,DJI,Djibouti,2270.131000
2019,268,GEO,Georgia,251735.456000
2019,270,GMB,Gambia,56198.663000
2019,275,PSE,Palestine,3943.000000
2019,276,DEU,Germany,224394.800000
2019,288,GHA,Ghana,309655.184000
2019,296,KIR,Kiribati,235859.330000
2019,300,GRC,Greece,77337.923000
2019,304,GRL,Greenland,265179.000000
2019,308,GRD,Grenada,1271.276000
2019,312,GLP,Guadeloupe,2993.000000
2019,316,GUM,Guam,90.477000
2019,320,GTM,Guatemala,15970.569000
2019,324,GIN,Guinea,359837.000000
2019,328,GUY,Guyana,39087.000000
2019,332,HTI,Haiti,0.000000
2019,340,HND,Honduras,11947.000000
2019,348,HUN,Hungary,4836.000000
2019,352,ISL,Iceland,1066888.000000
2019,356,IND,India,454563.138000
2019,360,IDN,Indonesia,6809210.042000
2019,364,IRN,Iran (Islamic Republic of),783098.727000
2019,368,IRQ,Iraq,40069.000000
2019,372,IRL,Ireland,208858.651000
2019,380,ITA,Italy,180034.734000
2019,384,CIV,Côte d'Ivoire,78154.894000
2019,388,JAM,Jamaica,13475.000000
2019,392,JPN,Japan,3082429.028000
2019,398,KAZ,Kazakhstan,45644.602000
2019,400,JOR,Jordan,570.561000
2019,404,KEN,Kenya,131288.084000
2019,410,KOR,Republic of Korea,1409970.928000
2019,414,KWT,Kuwait,3016.000000
2019,417,KGZ,Kyrgyzstan,0.000000
2019,422,LBN,Lebanon,2619.800000
2019,428,LVA,Latvia,71385.000000
2019,430,LBR,Liberia,15705.015000
2019,434,LBY,Libya,2126.000000
2019,440,LTU,Lithuania,102219.900000
2019,450,MDG,Madagascar,111481.829000
2019,454,MWI,Malawi,154922.000000
2019,458,MYS,Malaysia,1252486.847000
2019,462,MDV,Maldives,134517.217000
2019,466,MLI,Mali,109361.999000
2019,470,MLT,Malta,2491.890000
2019,474,MTQ,Martinique,936.000000
2019,478,MRT,Mauritania,5536.921000
2019,480,MUS,Mauritius,31385.101000
2019,484,MEX,Mexico,1570812.853000
2019,496,MNG,Mongolia,30.000000
2019,498,MDA,Republic of Moldova,0.000000
2019,499,MNE,Montenegro,1130.000000
2019,504,MAR,Morocco,1445363.963000
2019,508,MOZ,Mozambique,401220.357000
2019,512,OMN,Oman,579186.000000
2019,516,NAM,Namibia,467904.644000
2019,520,NRU,Nauru,33277.000000
2019,524,NPL,Nepal,21000.000000
2019,528,NLD,Netherlands (Kingdom of the),319035.058000
2019,531,CUW,Curaçao,28728.137000
2019,533,ABW,Aruba,163.000000
2019,540,NCL,New Caledonia,3615.102000
2019,548,VUT,Vanuatu,55954.384000
2019,554,NZL,New Zealand,408763.131000
2019,558,NIC,Nicaragua,17860.000000
2019,562,NER,Niger,40058.000000
2019,566,NGA,Nigeria,825013.256000
2019,570,NIU,Niue,0.000000
2019,578,NOR,Norway,2478585.820000
2019,580,MNP,Northern Mariana Islands,101.902000
2019,583,FSM,Micronesia (Federated States of),170969.126000
2019,584,MHL,Marshall Islands,98756.164000
2019,585,PLW,Palau,3157.958000
2019,586,PAK,Pakistan,475661.000000
2019,591,PAN,Panama,260150.487000
2019,598,PNG,Papua New Guinea,267937.114000
2019,600,PRY,Paraguay,1040.479000
2019,604,PER,Peru,4852821.378000
2019,608,PHL,Philippines,1830848.660000
2019,616,POL,Poland,195435.000000
2019,620,PRT,Portugal,185049.280000
2019,624,GNB,Guinea-Bissau,0.000000
2019,626,TLS,Timor-Leste,6914.690000
2019,630,PRI,Puerto Rico,1515.278000
2019,634,QAT,Qatar,17130.000000
2019,638,REU,Réunion,2439.142000
2019,642,ROU,Romania,10927.400000
2019,643,RUS,Russian Federation,4983420.183000
2019,646,RWA,Rwanda,20910.200000
2019,654,SHN,"Ascension, Saint Helena and Tristan da Cunha",769.416000
2019,659,KNA,Saint Kitts and Nevis,652.000000
2019,660,AIA,Anguilla,758.000000
2019,662,LCA,Saint Lucia,1845.104000
2019,666,SPM,Saint Pierre and Miquelon,3330.000000
2019,670,VCT,Saint Vincent and the Grenadines,1965.144000
2019,678,STP,Sao Tome and Principe,5432.787000
2019,682,SAU,Saudi Arabia,66206.000000
2019,686,SEN,Senegal,485831.924000
2019,688,SRB,Serbia,2547.000000
2019,690,SYC,Seychelles,142328.623000
2019,694,SLE,Sierra Leone,0.000000
2019,702,SGP,Singapore,1417.707000
2019,704,VNM,Viet Nam,3440531.310000
2019,705,SVN,Slovenia,281.443000
2019,710,ZAF,South Africa,448292.421000
2019,716,ZWE,Zimbabwe,26569.258000
2019,724,ESP,Spain,882909.497000
2019,729,SDN,Sudan,0.000000
2019,740,SUR,Suriname,30538.000000
2019,752,SWE,Sweden,184337.000000
2019,756,CHE,Switzerland,1382.313000
2019,760,SYR,Syrian Arab Republic,72.000000
2019,762,TJK,Tajikistan,0.000000
2019,764,THA,Thailand,1083014.150000
2019,768,TGO,Togo,25526.000000
2019,772,TKL,Tokelau,67.000000
2019,776,TON,Tonga,347.605000
2019,780,TTO,Trinidad and Tobago,12568.026000
2019,784,ARE,United Arab Emirates,72117.000000
2019,788,TUN,Tunisia,110082.953000
2019,792,TUR,Türkiye,463167.680000
2019,795,TKM,Turkmenistan,0.000000
2019,796,TCA,Turks and Caicos Islands,1243.000000
2019,798,TUV,Tuvalu,7367.278000
2019,800,UGA,Uganda,603224.000000
2019,804,UKR,Ukraine,81730.686000
2019,807,MKD,North Macedonia,399.500000
2019,818,EGY,Egypt,397039.340000
2019,826,GBR,United Kingdom of Great Britain and Northern Ireland,621929.319000
2019,831,GGY,Guernsey,1184.500000
2019,832,JEY,Jersey,1864.836000
2019,833,IMN,Isle of Man,2939.000000
2019,834,TZA,United Republic of Tanzania,467837.258000
2019,836,EAZ,"United Republic of Tanzania, Zanzibar",36728.000000
2019,840,USA,United States of America,4814307.000000
2019,850,VIR,United States Virgin Islands,329.921000
2019,854,BFA,Burkina Faso,27803.000000
2019,858,URY,Uruguay,54398.770000
2019,862,VEN,Venezuela (Bolivarian Republic of),34449.084000
2019,876,WLF,Wallis and Futuna Islands,304.239000
2019,882,WSM,Samoa,3671.014000
2019,887,YEM,Yemen,1000.000000
2019,894,ZMB,Zambia,97463.000000
2019,896,,Other NEI,50575.258000
2020,008,ALB,Albania,7809.000000
2020,012,DZA,Algeria,71218.724000
2020,016,ASM,American Samoa,946.395000
2020,024,AGO,Angola,366730.000000
2020,031,AZE,Azerbaijan,57781.250000
2020,032,ARG,Argentina,837589.518000
2020,036,AUS,Australia,163993.894000
2020,044,BHS,Bahamas,7433.142000
2020,050,BGD,Bangladesh,1691364.740000
2020,052,BRB,Barbados,1033.833000
2020,056,BEL,Belgium,19670.800000
2020,060,BMU,Bermuda,358.480000
2020,064,BTN,Bhutan,0.500000
2020,068,BOL,Bolivia (Plurinational State of),0.000000
2020,070,BIH,Bosnia and Herzegovina,300.000000
2020,076,BRA,Brazil,46014.922000
2020,084,BLZ,Belize,31124.895000
2020,090,SLB,Solomon Islands,40300.666000
2020,092,VGB,British Virgin Islands,0.000000
2020,096,BRN,Brunei Darussalam,13091.040000
2020,100,BGR,Bulgaria,6295.807000
2020,112,BLR,Belarus,939.054000
2020,116,KHM,Cambodia,122700.000000
2020,120,CMR,Cameroon,0.000000
2020,124,CAN,Canada,774605.016000
2020,132,CPV,Cabo Verde,19875.373000
2020,144,LKA,Sri Lanka,367953.389000
2020,152,CHL,Chile,2182962.830000
2020,156,CHN,China,9927467.156000
2020,158,TWN,Taiwan Province of China,599487.999000
2020,170,COL,Colombia,77922.453000
2020,174,COM,Comoros,15770.516000
2020,175,MYT,Mayotte,1004.059000
2020,178,COG,Congo,70637.352000
2020,180,COD,Democratic Republic of the Congo,0.000000
2020,184,COK,Cook Islands,2371.615000
2020,188,CRI,Costa Rica,26629.394000
2020,191,HRV,Croatia,71606.132000
2020,192,CUB,Cuba,11444.200000
2020,196,CYP,Cyprus,1323.647000
2020,203,CZE,Czechia,3729.000000
2020,208,DNK,Denmark,732816.000000
2020,212,DMA,Dominica,527.000000
2020,214,DOM,Dominican Republic,14064.130000
2020,218,ECU,Ecuador,636238.950000
2020,222,SLV,El Salvador,53504.521000
2020,226,GNQ,Equatorial Guinea,42.271000
2020,231,ETH,Ethiopia,60002.000000
2020,232,ERI,Eritrea,13.000000
2020,233,EST,Estonia,74142.479000
2020,234,FRO,Faroe Islands,650872.100000
2020,238,FLK,Falkland Islands (Malvinas),64725.574000
2020,242,FJI,Fiji,13073.123000
2020,246,FIN,Finland,148569.000000
2020,250,FRA,France,486079.263000
2020,254,GUF,French Guiana,1833.000000
2020,258,PYF,French Polynesia,9502.523000
2020,262,DJI,Djibouti,2322.500000
2020,268,GEO,Georgia,83160.000000
2020,270,GMB,Gambia,50989.752000
2020,275,PSE,Palestine,4661.900000
2020,276,DEU,Germany,212094.562000
2020,288,GHA,Ghana,357161.510000
2020,296,KIR,Kiribati,209914.294000
2020,300,GRC,Greece,66174.174000
2020,304,GRL,Greenland,259209.000000
2020,308,GRD,Grenada,1113.355000
2020,312,GLP,Guadeloupe,2578.000000
2020,316,GUM,Guam,47.065000
2020,320,GTM,Guatemala,12448.762000
2020,324,GIN,Guinea,359542.000000
2020,328,GUY,Guyana,39986.900000
2020,332,HTI,Haiti,0.000000
2020,340,HND,Honduras,12346.000000
2020,348,HUN,Hungary,5483.120000
2020,352,ISL,Iceland,1039086.200000
2020,356,IND,India,138834.564000
2020,360,IDN,Indonesia,6609762.959000
2020,364,IRN,Iran (Islamic Republic of),750127.424000
2020,368,IRQ,Iraq,34770.171000
2020,372,IRL,Ireland,178917.064000
2020,380,ITA,Italy,134777.393000
2020,384,CIV,Côte d'Ivoire,42749.198000
2020,388,JAM,Jamaica,12874.920000
2020,392,JPN,Japan,2996059.848000
2020,398,KAZ,Kazakhstan,42597.376000
2020,400,JOR,Jordan,525.221000
2020,404,KEN,Kenya,129704.964000
2020,410,KOR,Republic of Korea,1369480.667000
2020,414,KWT,Kuwait,0.000000
2020,417,KGZ,Kyrgyzstan,0.000000
2020,422,LBN,Lebanon,0.000000
2020,426,LSO,Lesotho,17.000000
2020,428,LVA,Latvia,64989.000000
2020,430,LBR,Liberia,30029.669000
2020,434,LBY,Libya,2294.545000
2020,440,LTU,Lithuania,90991.355000
2020,450,MDG,Madagascar,109552.399000
2020,454,MWI,Malawi,171115.220000
2020,458,MYS,Malaysia,1188010.584000
2020,462,MDV,Maldives,146924.847000
2020,466,MLI,Mali,117690.000000
2020,470,MLT,Malta,2101.859000
2020,474,MTQ,Martinique,1682.000000
2020,480,MUS,Mauritius,23485.594000
2020,484,MEX,Mexico,1591535.810000
2020,496,MNG,Mongolia,25.000000
2020,498,MDA,Republic of Moldova,0.000000
2020,499,MNE,Montenegro,670.453000
2020,504,MAR,Morocco,1366811.289000
2020,508,MOZ,Mozambique,296052.420000
2020,512,OMN,Oman,793418.923000
2020,516,NAM,Namibia,326870.368000
2020,520,NRU,Nauru,92140.000000
2020,524,NPL,Nepal,21000.000000
2020,528,NLD,Netherlands (Kingdom of the),309549.310000
2020,531,CUW,Curaçao,22561.366000
2020,540,NCL,New Caledonia,3098.507000
2020,548,VUT,Vanuatu,63663.505000
2020,554,NZL,New Zealand,364964.003000
2020,558,NIC,Nicaragua,43248.420000
2020,562,NER,Niger,46000.001000
2020,566,NGA,Nigeria,783101.704000
2020,570,NIU,Niue,0.000000
2020,578,NOR,Norway,2625367.743000
2020,580,MNP,Northern Mariana Islands,98.936000
2020,583,FSM,Micronesia (Federated States of),183069.433000
2020,584,MHL,Marshall Islands,85389.912000
2020,585,PLW,Palau,1.000000
2020,586,PAK,Pakistan,478399.001000
2020,591,PAN,Panama,218459.552000
2020,598,PNG,Papua New Guinea,198536.000000
2020,604,PER,Peru,5676965.489000
2020,608,PHL,Philippines,1914918.370000
2020,616,POL,Poland,189732.296000
2020,620,PRT,Portugal,159946.959000
2020,624,GNB,Guinea-Bissau,59672.190000
2020,626,TLS,Timor-Leste,6806.030000
2020,630,PRI,Puerto Rico,1579.709000
2020,634,QAT,Qatar,15086.500000
2020,638,REU,Réunion,2640.965000
2020,642,ROU,Romania,4462.880000
2020,643,RUS,Russian Federation,5081017.071000
2020,646,RWA,Rwanda,29979.000000
2020,654,SHN,"Ascension, Saint Helena and Tristan da Cunha",100.076000
2020,659,KNA,Saint Kitts and Nevis,646.540000
2020,660,AIA,Anguilla,835.000000
2020,662,LCA,Saint Lucia,1423.829000
2020,666,SPM,Saint Pierre and Miquelon,2692.830000
2020,670,VCT,Saint Vincent and the Grenadines,2127.542000
2020,678,STP,Sao Tome and Principe,5522.201000
2020,682,SAU,Saudi Arabia,64678.995000
2020,686,SEN,Senegal,438363.426000
2020,688,SRB,Serbia,1932.000000
2020,690,SYC,Seychelles,139077.104000
2020,694,SLE,Sierra Leone,0.000000
2020,702,SGP,Singapore,355.590000
2020,703,SVK,Slovakia,1611.000000
2020,704,VNM,Viet Nam,1218771.790000
2020,705,SVN,Slovenia,312.030000
2020,710,ZAF,South Africa,602763.248000
2020,716,ZWE,Zimbabwe,26671.559000
2020,724,ESP,Spain,798280.421000
2020,729,SDN,Sudan,0.000000
2020,740,SUR,Suriname,28922.000000
2020,752,SWE,Sweden,179642.860000
2020,756,CHE,Switzerland,1485.920000
2020,760,SYR,Syrian Arab Republic,72.000000
2020,764,THA,Thailand,1058063.880000
2020,768,TGO,Togo,18034.000000
2020,772,TKL,Tokelau,51.000000
2020,776,TON,Tonga,232.123000
2020,780,TTO,Trinidad and Tobago,12544.136000
2020,784,ARE,United Arab Emirates,71388.000000
2020,788,TUN,Tunisia,104161.786000
2020,792,TUR,Türkiye,364399.800000
2020,795,TKM,Turkmenistan,0.000000
2020,796,TCA,Turks and Caicos Islands,1297.000000
2020,798,TUV,Tuvalu,10305.000000
2020,800,UGA,Uganda,578684.000000
2020,804,UKR,Ukraine,69467.125000
2020,807,MKD,North Macedonia,472.875000
2020,818,EGY,Egypt,418683.000000
2020,826,GBR,United Kingdom of Great Britain and Northern Ireland,626457.253000
2020,831,GGY,Guernsey,1081.226000
2020,832,JEY,Jersey,991.852000
2020,833,IMN,Isle of Man,2742.950000
2020,834,TZA,United Republic of Tanzania,472351.163000
2020,836,EAZ,"United Republic of Tanzania, Zanzibar",38105.000000
2020,840,USA,United States of America,4267188.000000
2020,850,VIR,United States Virgin Islands,355.271000
2020,854,BFA,Burkina Faso,29104.000000
2020,858,URY,Uruguay,50667.956000
2020,862,VEN,Venezuela (Bolivarian Republic of),33367.226000
2020,876,WLF,Wallis and Futuna Islands,263.800000
2020,882,WSM,Samoa,2452.042000
2020,887,YEM,Yemen,1000.000000
2020,894,ZMB,Zambia,106836.000000
2020,896,,Other NEI,51302.931000
2021,008,ALB,Albania,9842.000000
2021,012,DZA,Algeria,76400.005000
2021,016,ASM,American Samoa,1196.859000
2021,024,AGO,Angola,540544.000000
2021,031,AZE,Azerbaijan,56159.900000
2021,032,ARG,Argentina,852565.782000
2021,036,AUS,Australia,153940.224000
2021,044,BHS,Bahamas,8704.851000
2021,050,BGD,Bangladesh,1795941.602000
2021,052,BRB,Barbados,846.667000
2021,056,BEL,Belgium,17654.000000
2021,060,BMU,Bermuda,419.000000
2021,064,BTN,Bhutan,1.100000
2021,068,BOL,Bolivia (Plurinational State of),0.000000
2021,070,BIH,Bosnia and Herzegovina,300.000000
2021,076,BRA,Brazil,50830.556000
2021,084,BLZ,Belize,27749.640000
2021,090,SLB,Solomon Islands,49802.027000
2021,092,VGB,British Virgin Islands,12.190000
2021,096,BRN,Brunei Darussalam,15295.003000
2021,100,BGR,Bulgaria,9009.270000
2021,112,BLR,Belarus,611.231000
2021,116,KHM,Cambodia,125000.000000
2021,120,CMR,Cameroon,0.000000
2021,124,CAN,Canada,756966.282000
2021,132,CPV,Cabo Verde,10990.377000
2021,144,LKA,Sri Lanka,360504.887000
2021,152,CHL,Chile,2391196.590000
2021,156,CHN,China,10748079.399000
2021,158,TWN,Taiwan Province of China,687911.947000
2021,170,COL,Colombia,110944.867000
2021,174,COM,Comoros,14582.856000
2021,175,MYT,Mayotte,1259.012000
2021,178,COG,Congo,69419.000000
2021,180,COD,Democratic Republic of the Congo,0.000000
2021,184,COK,Cook Islands,5199.324000
2021,188,CRI,Costa Rica,29548.006000
2021,191,HRV,Croatia,62357.597000
2021,192,CUB,Cuba,10109.800000
2021,196,CYP,Cyprus,1385.849000
2021,203,CZE,Czechia,3314.000000
2021,204,BEN,Benin,37645.000000
2021,208,DNK,Denmark,466549.075000
2021,212,DMA,Dominica,287.970000
2021,214,DOM,Dominican Republic,17666.900000
2021,218,ECU,Ecuador,863105.720000
2021,222,SLV,El Salvador,50890.716000
2021,226,GNQ,Equatorial Guinea,41.127000
2021,231,ETH,Ethiopia,73140.000000
2021,232,ERI,Eritrea,1012.716000
2021,233,EST,Estonia,72235.522000
2021,234,FRO,Faroe Islands,540602.900000
2021,238,FLK,Falkland Islands (Malvinas),108944.999000
2021,242,FJI,Fiji,12485.497000
2021,246,FIN,Finland,133282.000000
2021,250,FRA,France,515485.251000
2021,254,GUF,French Guiana,2446.000000
2021,258,PYF,French Polynesia,11066.005000
2021,262,DJI,Djibouti,3088.900000
2021,268,GEO,Georgia,75270.054000
2021,270,GMB,Gambia,40191.990000
2021,275,PSE,Palestine,4660.700000
2021,276,DEU,Germany,187652.267000
2021,288,GHA,Ghana,312160.220000
2021,296,KIR,Kiribati,188290.548000
2021,300,GRC,Greece,53846.061000
2021,304,GRL,Greenland,271028.000000
2021,308,GRD,Grenada,702.066000
2021,312,GLP,Guadeloupe,2430.000000
2021,316,GUM,Guam,26.577000
2021,320,GTM,Guatemala,10891.054000
2021,324,GIN,Guinea,446021.000000
2021,328,GUY,Guyana,34216.250000
2021,332,HTI,Haiti,0.000000
2021,340,HND,Honduras,21680.000000
2021,348,HUN,Hungary,4600.536000
2021,352,ISL,Iceland,1171229.402000
2021,356,IND,India,144906.001000
2021,360,IDN,Indonesia,6862104.670000
2021,364,IRN,Iran (Islamic Republic of),746544.199000
2021,368,IRQ,Iraq,24079.679000
2021,372,IRL,Ireland,206158.918000
2021,380,ITA,Italy,145775.767000
2021,384,CIV,Côte d'Ivoire,43615.070000
2021,388,JAM,Jamaica,13231.000000
2021,392,JPN,Japan,2977298.574000
2021,398,KAZ,Kazakhstan,41457.330000
2021,404,KEN,Kenya,141101.463000
2021,410,KOR,Republic of Korea,1346795.738000
2021,417,KGZ,Kyrgyzstan,0.000000
2021,422,LBN,Lebanon,0.000000
2021,428,LVA,Latvia,61658.110000
2021,430,LBR,Liberia,23971.483000
2021,434,LBY,Libya,2257.333000
2021,440,LTU,Lithuania,96152.482000
2021,450,MDG,Madagascar,113136.819000
2021,454,MWI,Malawi,170560.000000
2021,458,MYS,Malaysia,1326791.259000
2021,462,MDV,Maldives,143551.281000
2021,470,MLT,Malta,2502.896000
2021,474,MTQ,Martinique,1217.000000
2021,478,MRT,Mauritania,734368.260000
2021,480,MUS,Mauritius,28216.144000
2021,484,MEX,Mexico,1672264.981000
2021,496,MNG,Mongolia,0.000000
2021,498,MDA,Republic of Moldova,0.000000
2021,499,MNE,Montenegro,662.000000
2021,504,MAR,Morocco,1406506.324000
2021,508,MOZ,Mozambique,10474.200000
2021,512,OMN,Oman,922083.336000
2021,516,NAM,Namibia,14338.283000
2021,520,NRU,Nauru,120161.000000
2021,524,NPL,Nepal,21000.000000
2021,528,NLD,Netherlands (Kingdom of the),295648.115000
2021,531,CUW,Curaçao,24521.279000
2021,540,NCL,New Caledonia,3113.399000
2021,548,VUT,Vanuatu,64716.539000
2021,554,NZL,New Zealand,343507.030000
2021,558,NIC,Nicaragua,52230.156000
2021,562,NER,Niger,47200.000000
2021,566,NGA,Nigeria,805210.000000
2021,570,NIU,Niue,3.000000
2021,578,NOR,Norway,2579735.581000
2021,580,MNP,Northern Mariana Islands,199.688000
2021,583,FSM,Micronesia (Federated States of),155515.085000
2021,584,MHL,Marshall Islands,93019.063000
2021,585,PLW,Palau,39.000000
2021,586,PAK,Pakistan,475412.999000
2021,591,PAN,Panama,142715.793000
2021,598,PNG,Papua New Guinea,169403.000000
2021,604,PER,Peru,6576171.075000
2021,608,PHL,Philippines,1842066.894000
2021,616,POL,Poland,185344.400000
2021,620,PRT,Portugal,179527.227000
2021,624,GNB,Guinea-Bissau,0.000000
2021,626,TLS,Timor-Leste,6630.320000
2021,634,QAT,Qatar,16554.500000
2021,638,REU,Réunion,2651.900000
2021,642,ROU,Romania,6350.600000
2021,643,RUS,Russian Federation,5167703.000000
2021,646,RWA,Rwanda,32094.000000
2021,654,SHN,"Ascension, Saint Helena and Tristan da Cunha",86.896000
2021,659,KNA,Saint Kitts and Nevis,672.513000
2021,662,LCA,Saint Lucia,1574.691000
2021,666,SPM,Saint Pierre and Miquelon,2488.350000
2021,670,VCT,Saint Vincent and the Grenadines,1586.279000
2021,678,STP,Sao Tome and Principe,5028.135000
2021,682,SAU,Saudi Arabia,63361.999000
2021,686,SEN,Senegal,475216.575000
2021,688,SRB,Serbia,2353.000000
2021,690,SYC,Seychelles,144198.290000
2021,694,SLE,Sierra Leone,0.000000
2021,702,SGP,Singapore,306.320000
2021,703,SVK,Slovakia,0.000000
2021,704,VNM,Viet Nam,1227719.070000
2021,705,SVN,Slovenia,268.810000
2021,710,ZAF,South Africa,493732.095000
2021,716,ZWE,Zimbabwe,22734.000000
2021,724,ESP,Spain,803120.914000
2021,729,SDN,Sudan,0.000000
2021,752,SWE,Sweden,167366.288000
2021,756,CHE,Switzerland,1485.920000
2021,760,SYR,Syrian Arab Republic,80.000000
2021,764,THA,Thailand,1001784.740000
2021,768,TGO,Togo,17984.000000
2021,772,TKL,Tokelau,51.000000
2021,776,TON,Tonga,300.219000
2021,780,TTO,Trinidad and Tobago,12816.907000
2021,784,ARE,United Arab Emirates,67944.000000
2021,788,TUN,Tunisia,102440.652000
2021,792,TUR,Türkiye,328158.000000
2021,795,TKM,Turkmenistan,0.000000
2021,796,TCA,Turks and Caicos Islands,2277.000000
2021,798,TUV,Tuvalu,30096.506000
2021,800,UGA,Uganda,634594.960000
2021,804,UKR,Ukraine,63047.578000
2021,807,MKD,North Macedonia,514.000000
2021,818,EGY,Egypt,425769.000000
2021,826,GBR,United Kingdom of Great Britain and Northern Ireland,634848.977000
2021,831,GGY,Guernsey,1169.700000
2021,832,JEY,Jersey,1017.812000
2021,833,IMN,Isle of Man,3041.323000
2021,834,TZA,United Republic of Tanzania,477175.425000
2021,836,EAZ,"United Republic of Tanzania, Zanzibar",0.000000
2021,840,USA,United States of America,4306197.000000
2021,850,VIR,United States Virgin Islands,420.135000
2021,854,BFA,Burkina Faso,29731.000000
2021,858,URY,Uruguay,45559.607000
2021,862,VEN,Venezuela (Bolivarian Republic of),44709.887000
2021,876,WLF,Wallis and Futuna Islands,264.000000
2021,882,WSM,Samoa,1653.213000
2021,887,YEM,Yemen,2500.000000
2021,894,ZMB,Zambia,95625.000000
2021,896,,Other NEI,36531.329000
2022,008,ALB,Albania,8890.000000
2022,016,ASM,American Samoa,1387.767000
2022,024,AGO,Angola,539289.400000
2022,031,AZE,Azerbaijan,56589.650000
2022,032,ARG,Argentina,847752.718000
2022,036,AUS,Australia,158501.648000
2022,044,BHS,Bahamas,9345.212000
2022,050,BGD,Bangladesh,1846442.818000
2022,052,BRB,Barbados,440.577000
2022,056,BEL,Belgium,18427.000000
2022,060,BMU,Bermuda,392.000000
2022,064,BTN,Bhutan,9.000000
2022,068,BOL,Bolivia (Plurinational State of),0.000000
2022,070,BIH,Bosnia and Herzegovina,300.000000
2022,076,BRA,Brazil,58541.000000
2022,084,BLZ,Belize,41009.256000
2022,090,SLB,Solomon Islands,47885.082000
2022,092,VGB,British Virgin Islands,15.518000
2022,096,BRN,Brunei Darussalam,16194.786000
2022,100,BGR,Bulgaria,5594.378000
2022,112,BLR,Belarus,356.000000
2022,120,CMR,Cameroon,0.000000
2022,124,CAN,Canada,713769.999000
2022,132,CPV,Cabo Verde,7308.257000
2022,144,LKA,Sri Lanka,319924.923000
2022,152,CHL,Chile,2691064.159000
2022,156,CHN,China,10556426.684000
2022,158,TWN,Taiwan Province of China,610584.428000
2022,170,COL,Colombia,38390.000000
2022,174,COM,Comoros,14106.631000
2022,175,MYT,Mayotte,1123.000000
2022,178,COG,Congo,64134.185000
2022,180,COD,Democratic Republic of the Congo,0.000000
2022,184,COK,Cook Islands,6181.594000
2022,188,CRI,Costa Rica,33618.683000
2022,191,HRV,Croatia,63617.347000
2022,192,CUB,Cuba,8885.500000
2022,196,CYP,Cyprus,1305.592000
2022,203,CZE,Czechia,3381.000000
2022,204,BEN,Benin,34581.953000
2022,208,DNK,Denmark,458396.808000
2022,218,ECU,Ecuador,688624.811000
2022,222,SLV,El Salvador,23984.992000
2022,226,GNQ,Equatorial Guinea,30.139000
2022,231,ETH,Ethiopia,101400.000000
2022,232,ERI,Eritrea,1384.752000
2022,233,EST,Estonia,73938.728000
2022,234,FRO,Faroe Islands,605910.100000
2022,238,FLK,Falkland Islands (Malvinas),113821.000000
2022,242,FJI,Fiji,12102.198000
2022,246,FIN,Finland,125395.000000
2022,250,FRA,France,529248.483000
2022,254,GUF,French Guiana,2294.000000
2022,258,PYF,French Polynesia,10283.983000
2022,262,DJI,Djibouti,3070.800000
2022,268,GEO,Georgia,68483.377000
2022,270,GMB,Gambia,53146.500000
2022,276,DEU,Germany,179721.200000
2022,288,GHA,Ghana,360277.510000
2022,296,KIR,Kiribati,200454.048000
2022,300,GRC,Greece,60999.644000
2022,304,GRL,Greenland,307056.000000
2022,308,GRD,Grenada,1338.192000
2022,312,GLP,Guadeloupe,2329.000000
2022,316,GUM,Guam,36.920000
2022,320,GTM,Guatemala,15294.350000
2022,324,GIN,Guinea,371878.000000
2022,328,GUY,Guyana,36253.455000
2022,332,HTI,Haiti,0.000000
2022,340,HND,Honduras,7043.000000
2022,348,HUN,Hungary,4596.812000
2022,352,ISL,Iceland,1662876.542000
2022,356,IND,India,163652.866000
2022,360,IDN,Indonesia,7043718.897000
2022,364,IRN,Iran (Islamic Republic of),296572.294000
2022,372,IRL,Ireland,175538.766000
2022,380,ITA,Italy,135463.187000
2022,384,CIV,Côte d'Ivoire,78618.138000
2022,388,JAM,Jamaica,11629.490000
2022,392,JPN,Japan,2728538.790000
2022,398,KAZ,Kazakhstan,42691.900000
2022,404,KEN,Kenya,142551.324000
2022,410,KOR,Republic of Korea,1247051.106000
2022,414,KWT,Kuwait,1886.000000
2022,417,KGZ,Kyrgyzstan,31.000000
2022,422,LBN,Lebanon,0.000000
2022,426,LSO,Lesotho,54.000000
2022,428,LVA,Latvia,61508.000000
2022,430,LBR,Liberia,27666.017000
2022,434,LBY,Libya,0.000000
2022,440,LTU,Lithuania,106936.012000
2022,450,MDG,Madagascar,127549.669000
2022,454,MWI,Malawi,186865.360000
2022,458,MYS,Malaysia,1316083.549000
2022,462,MDV,Maldives,154757.342000
2022,466,MLI,Mali,110365.910000
2022,470,MLT,Malta,2809.271000
2022,474,MTQ,Martinique,1569.000000
2022,478,MRT,Mauritania,1844.798000
2022,480,MUS,Mauritius,31542.661000
2022,484,MEX,Mexico,1683375.783000
2022,496,MNG,Mongolia,0.000000
2022,499,MNE,Montenegro,663.000000
2022,504,MAR,Morocco,1557652.941000
2022,508,MOZ,Mozambique,443760.275000
2022,512,OMN,Oman,712452.957000
2022,516,NAM,Namibia,15514.529000
2022,520,NRU,Nauru,106502.000000
2022,524,NPL,Nepal,21000.000000
2022,528,NLD,Netherlands (Kingdom of the),298860.694000
2022,531,CUW,Curaçao,8343.026000
2022,540,NCL,New Caledonia,3559.381000
2022,548,VUT,Vanuatu,77061.341000
2022,554,NZL,New Zealand,346525.083000
2022,558,NIC,Nicaragua,47935.340000
2022,566,NGA,Nigeria,784124.000000
2022,570,NIU,Niue,2.000000
2022,578,NOR,Norway,2613634.399000
2022,580,MNP,Northern Mariana Islands,162.419000
2022,583,FSM,Micronesia (Federated States of),167635.339000
2022,584,MHL,Marshall Islands,88836.299000
2022,585,PLW,Palau,28.060000
2022,586,PAK,Pakistan,478411.416000
2022,591,PAN,Panama,188639.947000
2022,598,PNG,Papua New Guinea,218465.581000
2022,604,PER,Peru,5368100.711000
2022,608,PHL,Philippines,1771247.273000
2022,616,POL,Poland,162503.358000
2022,620,PRT,Portugal,159890.590000
2022,624,GNB,Guinea-Bissau,0.000000
2022,626,TLS,Timor-Leste,6698.990000
2022,630,PRI,Puerto Rico,2150.347000
2022,634,QAT,Qatar,18439.000000
2022,638,REU,Réunion,2633.942000
2022,642,ROU,Romania,6256.436000
2022,643,RUS,Russian Federation,4991530.000000
2022,646,RWA,Rwanda,0.000000
2022,654,SHN,"Ascension, Saint Helena and Tristan da Cunha",84.232000
2022,662,LCA,Saint Lucia,1853.988000
2022,666,SPM,Saint Pierre and Miquelon,2612.200000
2022,678,STP,Sao Tome and Principe,5551.982000
2022,682,SAU,Saudi Arabia,64263.015000
2022,686,SEN,Senegal,61916.212000
2022,688,SRB,Serbia,2379.000000
2022,690,SYC,Seychelles,137399.993000
2022,694,SLE,Sierra Leone,0.000000
2022,702,SGP,Singapore,207.405000
2022,703,SVK,Slovakia,0.000000
2022,704,VNM,Viet Nam,1205711.320000
2022,705,SVN,Slovenia,286.268000
2022,710,ZAF,South Africa,467793.243000
2022,716,ZWE,Zimbabwe,26161.000000
2022,724,ESP,Spain,809079.940000
2022,729,SDN,Sudan,0.000000
2022,752,SWE,Sweden,152028.063000
2022,756,CHE,Switzerland,1485.920000
2022,760,SYR,Syrian Arab Republic,80.000000
2022,764,THA,Thailand,932497.510000
2022,768,TGO,Togo,21505.220000
2022,772,TKL,Tokelau,19.000000
2022,776,TON,Tonga,481.038000
2022,780,TTO,Trinidad and Tobago,12643.912000
2022,784,ARE,United Arab Emirates,65422.000000
2022,788,TUN,Tunisia,111912.858000
2022,792,TUR,Türkiye,335002.900000
2022,795,TKM,Turkmenistan,0.000000
2022,796,TCA,Turks and Caicos Islands,3241.000000
2022,798,TUV,Tuvalu,41791.000000
2022,800,UGA,Uganda,444935.000000
2022,804,UKR,Ukraine,23186.410000
2022,807,MKD,North Macedonia,447.000000
2022,818,EGY,Egypt,440196.000000
2022,826,GBR,United Kingdom of Great Britain and Northern Ireland,621345.674000
2022,834,TZA,United Republic of Tanzania,472292.761000
2022,836,EAZ,"United Republic of Tanzania, Zanzibar",0.000000
2022,840,USA,United States of America,4135063.000000
2022,854,BFA,Burkina Faso,29544.000000
2022,858,URY,Uruguay,49388.641000
2022,862,VEN,Venezuela (Bolivarian Republic of),49405.571000
2022,876,WLF,Wallis and Futuna Islands,204.326000
2022,882,WSM,Samoa,2081.250000
2022,887,YEM,Yemen,4500.000000
2022,894,ZMB,Zambia,99928.000000
2022,896,,Other NEI,43071.100000
2023,008,ALB,Albania,10011.000000
2023,016,ASM,American Samoa,1209.031000
2023,024,AGO,Angola,548231.905000
2023,031,AZE,Azerbaijan,63038.300000
2023,032,ARG,Argentina,827232.951000
2023,036,AUS,Australia,176758.753000
2023,044,BHS,Bahamas,8699.373000
2023,050,BGD,Bangladesh,1850863.000000
2023,052,BRB,Barbados,341.573000
2023,056,BEL,Belgium,17703.000000
2023,060,BMU,Bermuda,395.000000
2023,068,BOL,Bolivia (Plurinational State of),0.000000
2023,070,BIH,Bosnia and Herzegovina,300.000000
2023,076,BRA,Brazil,66607.000000
2023,084,BLZ,Belize,35504.508000
2023,090,SLB,Solomon Islands,40051.154000
2023,092,VGB,British Virgin Islands,3.541000
2023,096,BRN,Brunei Darussalam,17696.020000
2023,100,BGR,Bulgaria,6703.989000
2023,112,BLR,Belarus,553.803000
2023,124,CAN,Canada,654206.641000
2023,132,CPV,Cabo Verde,7894.930000
2023,144,LKA,Sri Lanka,327201.020000
2023,152,CHL,Chile,2596488.378000
2023,156,CHN,China,10333746.580000
2023,158,TWN,Taiwan Province of China,632492.452000
2023,170,COL,Colombia,79218.916000
2023,174,COM,Comoros,9183.302000
2023,175,MYT,Mayotte,905.000000
2023,178,COG,Congo,55985.103000
2023,184,COK,Cook Islands,3661.770000
2023,191,HRV,Croatia,56198.405000
2023,192,CUB,Cuba,7510.480000
2023,196,CYP,Cyprus,1203.843000
2023,203,CZE,Czechia,3369.000000
2023,204,BEN,Benin,19400.334000
2023,208,DNK,Denmark,495289.372000
2023,212,DMA,Dominica,369.000000
2023,214,DOM,Dominican Republic,15166.000000
2023,218,ECU,Ecuador,694687.222000
2023,222,SLV,El Salvador,19314.071000
2023,226,GNQ,Equatorial Guinea,543.452000
2023,231,ETH,Ethiopia,131400.000000
2023,232,ERI,Eritrea,1861.932000
2023,233,EST,Estonia,74123.834000
2023,234,FRO,Faroe Islands,791561.400000
2023,238,FLK,Falkland Islands (Malvinas),89059.000000
2023,242,FJI,Fiji,11889.430000
2023,246,FIN,Finland,128062.000000
2023,250,FRA,France,470547.933000
2023,254,GUF,French Guiana,1831.000000
2023,258,PYF,French Polynesia,11468.530000
2023,262,DJI,Djibouti,3185.800000
2023,268,GEO,Georgia,79267.000000
2023,276,DEU,Germany,182463.900000
2023,288,GHA,Ghana,302369.830000
2023,296,KIR,Kiribati,236341.160000
2023,300,GRC,Greece,57919.892000
2023,304,GRL,Greenland,334866.648000
2023,308,GRD,Grenada,2940.985000
2023,312,GLP,Guadeloupe,2027.000000
2023,316,GUM,Guam,61.241000
2023,320,GTM,Guatemala,11650.085000
2023,324,GIN,Guinea,414207.000000
2023,348,HUN,Hungary,4601.538000
2023,352,ISL,Iceland,1371097.620000
2023,356,IND,India,271049.458000
2023,360,IDN,Indonesia,7728125.963000
2023,364,IRN,Iran (Islamic Republic of),283784.414000
2023,368,IRQ,Iraq,42144.464000
2023,372,IRL,Ireland,187041.728000
2023,380,ITA,Italy,122963.382000
2023,384,CIV,Côte d'Ivoire,55314.472000
2023,392,JPN,Japan,2653829.970000
2023,398,KAZ,Kazakhstan,35815.942000
2023,404,KEN,Kenya,127435.746000
2023,410,KOR,Republic of Korea,424702.372000
2023,414,KWT,Kuwait,2808.000000
2023,428,LVA,Latvia,66837.610000
2023,430,LBR,Liberia,27672.193000
2023,440,LTU,Lithuania,102405.414000
2023,450,MDG,Madagascar,139162.443000
2023,454,MWI,Malawi,212817.863000
2023,458,MYS,Malaysia,1282586.180000
2023,462,MDV,Maldives,160496.211000
2023,470,MLT,Malta,2013.590000
2023,474,MTQ,Martinique,1216.000000
2023,480,MUS,Mauritius,33518.700000
2023,484,MEX,Mexico,1845569.326000
2023,496,MNG,Mongolia,0.000000
2023,499,MNE,Montenegro,669.800000
2023,504,MAR,Morocco,1408419.194000
2023,508,MOZ,Mozambique,5679.960000
2023,516,NAM,Namibia,12540.316000
2023,520,NRU,Nauru,102985.000000
2023,524,NPL,Nepal,21000.000000
2023,528,NLD,Netherlands (Kingdom of the),266166.650000
2023,531,CUW,Curaçao,1742.296000
2023,540,NCL,New Caledonia,2763.655000
2023,548,VUT,Vanuatu,62114.575000
2023,554,NZL,New Zealand,326963.148000
2023,558,NIC,Nicaragua,20652.000000
2023,562,NER,Niger,49371.560000
2023,570,NIU,Niue,4.000000
2023,578,NOR,Norway,2543993.182000
2023,580,MNP,Northern Mariana Islands,72.307000
2023,583,FSM,Micronesia (Federated States of),152061.780000
2023,584,MHL,Marshall Islands,71135.700000
2023,585,PLW,Palau,18.310000
2023,586,PAK,Pakistan,491436.000000
2023,591,PAN,Panama,219485.560000
2023,598,PNG,Papua New Guinea,201501.480000
2023,604,PER,Peru,3519380.723000
2023,608,PHL,Philippines,1717841.797000
2023,616,POL,Poland,160806.930000
2023,620,PRT,Portugal,97164.084000
2023,626,TLS,Timor-Leste,7967.310000
2023,634,QAT,Qatar,18970.400000
2023,638,REU,Réunion,3103.661000
2023,642,ROU,Romania,3295.580000
2023,643,RUS,Russian Federation,5393293.000000
2023,654,SHN,"Ascension, Saint Helena and Tristan da Cunha",117.196000
2023,662,LCA,Saint Lucia,1852.597000
2023,666,SPM,Saint Pierre and Miquelon,2005.000000
2023,670,VCT,Saint Vincent and the Grenadines,1310.694000
2023,678,STP,Sao Tome and Principe,1127.747000
2023,686,SEN,Senegal,501653.284000
2023,688,SRB,Serbia,2470.000000
2023,690,SYC,Seychelles,137993.118000
2023,702,SGP,Singapore,174.000000
2023,703,SVK,Slovakia,1655.550000
2023,704,VNM,Viet Nam,1227027.790000
2023,705,SVN,Slovenia,261.532000
2023,710,ZAF,South Africa,426058.982000
2023,716,ZWE,Zimbabwe,26218.000000
2023,724,ESP,Spain,766387.607000
2023,752,SWE,Sweden,154654.134000
2023,764,THA,Thailand,1348966.630000
2023,768,TGO,Togo,15926.934000
2023,772,TKL,Tokelau,50.000000
2023,776,TON,Tonga,339.140000
2023,780,TTO,Trinidad and Tobago,2665.316000
2023,784,ARE,United Arab Emirates,59445.000000
2023,788,TUN,Tunisia,108116.000000
2023,792,TUR,Türkiye,454058.600000
2023,796,TCA,Turks and Caicos Islands,2358.700000
2023,798,TUV,Tuvalu,47989.000000
2023,800,UGA,Uganda,716513.000000
2023,804,UKR,Ukraine,28164.907000
2023,818,EGY,Egypt,237.000000
2023,826,GBR,United Kingdom of Great Britain and Northern Ireland,716989.271000
2023,832,JEY,Jersey,960.000000
2023,834,TZA,United Republic of Tanzania,479977.043000
2023,836,EAZ,"United Republic of Tanzania, Zanzibar",38985.000000
2023,840,USA,United States of America,4155936.000000
2023,854,BFA,Burkina Faso,30278.749000
2023,858,URY,Uruguay,67058.843000
2023,862,VEN,Venezuela (Bolivarian Republic of),31676.724000
2023,876,WLF,Wallis and Futuna Islands,138.305000
2023,882,WSM,Samoa,2860.550000
2023,887,YEM,Yemen,151016.469000
2023,896,,Other NEI,46165.791000
